solid OpenSCAD_Model
  facet normal -1 0 0
    outer loop
      vertex 18 16.5 0
      vertex 18 32.5 1.6
      vertex 18 32.5 0
    endloop
  endfacet
  facet normal -1 -0 0
    outer loop
      vertex 18 32.5 1.6
      vertex 18 16.5 0
      vertex 18 16.5 1.6
    endloop
  endfacet
  facet normal 1 -0 0
    outer loop
      vertex 10 16.5 1.6
      vertex 10 32.5 0
      vertex 10 32.5 1.6
    endloop
  endfacet
  facet normal 1 0 0
    outer loop
      vertex 10 32.5 0
      vertex 10 16.5 1.6
      vertex 10 16.5 0
    endloop
  endfacet
  facet normal 0 -1 0
    outer loop
      vertex 10 32.5 0
      vertex 18 32.5 1.6
      vertex 10 32.5 1.6
    endloop
  endfacet
  facet normal 0 -1 -0
    outer loop
      vertex 18 32.5 1.6
      vertex 10 32.5 0
      vertex 18 32.5 0
    endloop
  endfacet
  facet normal 0 1 -0
    outer loop
      vertex 18 16.5 0
      vertex 10 16.5 1.6
      vertex 18 16.5 1.6
    endloop
  endfacet
  facet normal 0 1 0
    outer loop
      vertex 10 16.5 1.6
      vertex 18 16.5 0
      vertex 10 16.5 0
    endloop
  endfacet
  facet normal -1 0 0
    outer loop
      vertex 34 16.5 0
      vertex 34 32.5 1.6
      vertex 34 32.5 0
    endloop
  endfacet
  facet normal -1 -0 0
    outer loop
      vertex 34 32.5 1.6
      vertex 34 16.5 0
      vertex 34 16.5 1.6
    endloop
  endfacet
  facet normal 1 -0 0
    outer loop
      vertex 26 16.5 1.6
      vertex 26 32.5 0
      vertex 26 32.5 1.6
    endloop
  endfacet
  facet normal 1 0 0
    outer loop
      vertex 26 32.5 0
      vertex 26 16.5 1.6
      vertex 26 16.5 0
    endloop
  endfacet
  facet normal 0 -1 0
    outer loop
      vertex 26 32.5 0
      vertex 34 32.5 1.6
      vertex 26 32.5 1.6
    endloop
  endfacet
  facet normal 0 -1 -0
    outer loop
      vertex 34 32.5 1.6
      vertex 26 32.5 0
      vertex 34 32.5 0
    endloop
  endfacet
  facet normal 0 1 -0
    outer loop
      vertex 34 16.5 0
      vertex 26 16.5 1.6
      vertex 34 16.5 1.6
    endloop
  endfacet
  facet normal 0 1 0
    outer loop
      vertex 26 16.5 1.6
      vertex 34 16.5 0
      vertex 26 16.5 0
    endloop
  endfacet
  facet normal -1 0 0
    outer loop
      vertex 50 16.5 0
      vertex 50 32.5 1.6
      vertex 50 32.5 0
    endloop
  endfacet
  facet normal -1 -0 0
    outer loop
      vertex 50 32.5 1.6
      vertex 50 16.5 0
      vertex 50 16.5 1.6
    endloop
  endfacet
  facet normal 1 -0 0
    outer loop
      vertex 42 16.5 1.6
      vertex 42 32.5 0
      vertex 42 32.5 1.6
    endloop
  endfacet
  facet normal 1 0 0
    outer loop
      vertex 42 32.5 0
      vertex 42 16.5 1.6
      vertex 42 16.5 0
    endloop
  endfacet
  facet normal 0 -1 0
    outer loop
      vertex 42 32.5 0
      vertex 50 32.5 1.6
      vertex 42 32.5 1.6
    endloop
  endfacet
  facet normal 0 -1 -0
    outer loop
      vertex 50 32.5 1.6
      vertex 42 32.5 0
      vertex 50 32.5 0
    endloop
  endfacet
  facet normal 0 1 -0
    outer loop
      vertex 50 16.5 0
      vertex 42 16.5 1.6
      vertex 50 16.5 1.6
    endloop
  endfacet
  facet normal 0 1 0
    outer loop
      vertex 42 16.5 1.6
      vertex 50 16.5 0
      vertex 42 16.5 0
    endloop
  endfacet
  facet normal -0.44216 0.896936 0
    outer loop
      vertex 1.85195 48.7716 0
      vertex 1.5 48.5981 24.2
      vertex 1.85195 48.7716 24.2
    endloop
  endfacet
  facet normal -0.44216 0.896936 0
    outer loop
      vertex 1.5 48.5981 24.2
      vertex 1.85195 48.7716 0
      vertex 1.5 48.5981 0
    endloop
  endfacet
  facet normal -0.0654026 -0.997859 0
    outer loop
      vertex 2.60842 0.0256653 0
      vertex 3 0 24.2
      vertex 2.60842 0.0256653 24.2
    endloop
  endfacet
  facet normal -0.0654026 -0.997859 -0
    outer loop
      vertex 3 0 24.2
      vertex 2.60842 0.0256653 0
      vertex 3 0 0
    endloop
  endfacet
  facet normal -0.831481 0.555553 5.66196e-19
    outer loop
      vertex 0.401923 47.5 0
      vertex 0.61994 47.8263 24.2
      vertex 0.61994 47.8263 0
    endloop
  endfacet
  facet normal -0.831481 0.555553 5.66196e-19
    outer loop
      vertex 0.61994 47.8263 24.2
      vertex 0.401923 47.5 0
      vertex 0.401923 47.5 24.2
    endloop
  endfacet
  facet normal 0.831485 -0.555547 2.84367e-20
    outer loop
      vertex 63.3801 1.17372 24.2
      vertex 63.5981 1.5 0
      vertex 63.5981 1.5 24.2
    endloop
  endfacet
  facet normal 0.831485 -0.555547 2.84367e-20
    outer loop
      vertex 63.5981 1.5 0
      vertex 63.3801 1.17372 24.2
      vertex 63.3801 1.17372 0
    endloop
  endfacet
  facet normal -0.997859 0.0653993 3.41151e-20
    outer loop
      vertex 0 46 0
      vertex 0.0256653 46.3916 24.2
      vertex 0.0256653 46.3916 0
    endloop
  endfacet
  facet normal -0.997859 0.0653993 3.41151e-20
    outer loop
      vertex 0.0256653 46.3916 24.2
      vertex 0 46 0
      vertex 0 46 24.2
    endloop
  endfacet
  facet normal -1 0 0
    outer loop
      vertex 0 36 14.2
      vertex 0 46 0
      vertex 0 36 0.2
    endloop
  endfacet
  facet normal -1 0 0
    outer loop
      vertex 0 46 0
      vertex 0 33 0.2
      vertex 0 36 0.2
    endloop
  endfacet
  facet normal -1 0 0
    outer loop
      vertex 0 33 0.2
      vertex 0 21 0.2
      vertex 0 33 14.2
    endloop
  endfacet
  facet normal -1 0 0
    outer loop
      vertex 0 46 0
      vertex 0 21 0.2
      vertex 0 33 0.2
    endloop
  endfacet
  facet normal -1 0 0
    outer loop
      vertex 0 46 0
      vertex 0 18 0.2
      vertex 0 21 0.2
    endloop
  endfacet
  facet normal -1 0 0
    outer loop
      vertex 0 18 0.2
      vertex 0 17 2.2
      vertex 0 18 14.2
    endloop
  endfacet
  facet normal -1 0 0
    outer loop
      vertex 0 18 0.2
      vertex 0 14 2.2
      vertex 0 17 2.2
    endloop
  endfacet
  facet normal -1 -0 0
    outer loop
      vertex 0 14 2.2
      vertex 0 3 0
      vertex 0 14 12.2
    endloop
  endfacet
  facet normal -1 -0 0
    outer loop
      vertex 0 18 0.2
      vertex 0 3 0
      vertex 0 14 2.2
    endloop
  endfacet
  facet normal -1 0 0
    outer loop
      vertex 0 3 0
      vertex 0 18 0.2
      vertex 0 46 0
    endloop
  endfacet
  facet normal -1 0 0
    outer loop
      vertex 0 46 0
      vertex 0 36 14.2
      vertex 0 46 24.2
    endloop
  endfacet
  facet normal -1 0 0
    outer loop
      vertex 0 33 14.2
      vertex 0 46 24.2
      vertex 0 36 14.2
    endloop
  endfacet
  facet normal -1 0 0
    outer loop
      vertex 0 21 14.2
      vertex 0 33 14.2
      vertex 0 21 0.2
    endloop
  endfacet
  facet normal -1 0 0
    outer loop
      vertex 0 21 14.2
      vertex 0 46 24.2
      vertex 0 33 14.2
    endloop
  endfacet
  facet normal -1 0 0
    outer loop
      vertex 0 3 24.2
      vertex 0 21 14.2
      vertex 0 18 14.2
    endloop
  endfacet
  facet normal -1 0 0
    outer loop
      vertex 0 17 12.2
      vertex 0 18 14.2
      vertex 0 17 2.2
    endloop
  endfacet
  facet normal -1 0 0
    outer loop
      vertex 0 14 12.2
      vertex 0 18 14.2
      vertex 0 17 12.2
    endloop
  endfacet
  facet normal -1 0 0
    outer loop
      vertex 0 21 14.2
      vertex 0 3 24.2
      vertex 0 46 24.2
    endloop
  endfacet
  facet normal -1 0 0
    outer loop
      vertex 0 14 12.2
      vertex 0 3 24.2
      vertex 0 18 14.2
    endloop
  endfacet
  facet normal -1 0 0
    outer loop
      vertex 0 3 24.2
      vertex 0 14 12.2
      vertex 0 3 0
    endloop
  endfacet
  facet normal 0.321651 0.946858 -0
    outer loop
      vertex 62.148 48.7716 0
      vertex 61.7765 48.8978 24.2
      vertex 62.148 48.7716 24.2
    endloop
  endfacet
  facet normal 0.321651 0.946858 0
    outer loop
      vertex 61.7765 48.8978 24.2
      vertex 62.148 48.7716 0
      vertex 61.7765 48.8978 0
    endloop
  endfacet
  facet normal -0.831465 -0.555577 4.87774e-19
    outer loop
      vertex 0.61994 1.17372 0
      vertex 0.401923 1.5 24.2
      vertex 0.401923 1.5 0
    endloop
  endfacet
  facet normal -0.831465 -0.555577 4.87774e-19
    outer loop
      vertex 0.401923 1.5 24.2
      vertex 0.61994 1.17372 0
      vertex 0.61994 1.17372 24.2
    endloop
  endfacet
  facet normal 0.946882 -0.321582 -3.74176e-20
    outer loop
      vertex 63.7716 1.85195 24.2
      vertex 63.8978 2.22354 0
      vertex 63.8978 2.22354 24.2
    endloop
  endfacet
  facet normal 0.946882 -0.321582 -3.74176e-20
    outer loop
      vertex 63.8978 2.22354 0
      vertex 63.7716 1.85195 24.2
      vertex 63.7716 1.85195 0
    endloop
  endfacet
  facet normal -0.659339 -0.751846 0
    outer loop
      vertex 0.878679 0.878679 0
      vertex 1.17372 0.61994 24.2
      vertex 0.878679 0.878679 24.2
    endloop
  endfacet
  facet normal -0.659339 -0.751846 -0
    outer loop
      vertex 1.17372 0.61994 24.2
      vertex 0.878679 0.878679 0
      vertex 1.17372 0.61994 0
    endloop
  endfacet
  facet normal 1 0 0
    outer loop
      vertex 64 46 24.2
      vertex 64 15 9.6
      vertex 64 46 0
    endloop
  endfacet
  facet normal 1 -0 0
    outer loop
      vertex 64 3 24.2
      vertex 64 15 9.6
      vertex 64 46 24.2
    endloop
  endfacet
  facet normal 1 0 0
    outer loop
      vertex 64 15 9.6
      vertex 64 3 24.2
      vertex 64 12 9.6
    endloop
  endfacet
  facet normal 1 0 0
    outer loop
      vertex 64 3 0
      vertex 64 12 9.6
      vertex 64 3 24.2
    endloop
  endfacet
  facet normal 1 0 0
    outer loop
      vertex 64 12 9.6
      vertex 64 3 0
      vertex 64 12 0
    endloop
  endfacet
  facet normal 1 0 0
    outer loop
      vertex 64 46 0
      vertex 64 15 9.6
      vertex 64 15 0
    endloop
  endfacet
  facet normal -0.980786 -0.195089 -1.01319e-19
    outer loop
      vertex 0.102222 2.22354 0
      vertex 0.0256653 2.60842 24.2
      vertex 0.0256653 2.60842 0
    endloop
  endfacet
  facet normal -0.980786 -0.195089 -1.01319e-19
    outer loop
      vertex 0.0256653 2.60842 24.2
      vertex 0.102222 2.22354 0
      vertex 0.102222 2.22354 24.2
    endloop
  endfacet
  facet normal 0.980815 0.19494 8.46535e-20
    outer loop
      vertex 63.9743 46.3916 24.2
      vertex 63.8978 46.7765 0
      vertex 63.8978 46.7765 24.2
    endloop
  endfacet
  facet normal 0.980815 0.19494 8.46535e-20
    outer loop
      vertex 63.8978 46.7765 0
      vertex 63.9743 46.3916 24.2
      vertex 63.9743 46.3916 0
    endloop
  endfacet
  facet normal 0 1 -0
    outer loop
      vertex 37 49 6.2
      vertex 29 49 9.2
      vertex 37 49 9.2
    endloop
  endfacet
  facet normal 0 1 0
    outer loop
      vertex 29 49 9.2
      vertex 37 49 6.2
      vertex 29 49 6.2
    endloop
  endfacet
  facet normal 0 1 0
    outer loop
      vertex 37 49 9.2
      vertex 61 49 24.2
      vertex 55 49 9.2
    endloop
  endfacet
  facet normal 0 1 -0
    outer loop
      vertex 61 49 0
      vertex 55 49 9.2
      vertex 61 49 24.2
    endloop
  endfacet
  facet normal 0 1 0
    outer loop
      vertex 61 49 0
      vertex 37 49 6.2
      vertex 55 49 6.2
    endloop
  endfacet
  facet normal 0 1 0
    outer loop
      vertex 37 49 6.2
      vertex 61 49 0
      vertex 29 49 6.2
    endloop
  endfacet
  facet normal 0 1 0
    outer loop
      vertex 3 49 0
      vertex 29 49 6.2
      vertex 61 49 0
    endloop
  endfacet
  facet normal 0 1 0
    outer loop
      vertex 55 49 9.2
      vertex 61 49 0
      vertex 55 49 6.2
    endloop
  endfacet
  facet normal 0 1 0
    outer loop
      vertex 29 49 9.2
      vertex 61 49 24.2
      vertex 37 49 9.2
    endloop
  endfacet
  facet normal 0 1 0
    outer loop
      vertex 61 49 24.2
      vertex 29 49 9.2
      vertex 3 49 24.2
    endloop
  endfacet
  facet normal 0 1 -0
    outer loop
      vertex 12 49 9.2
      vertex 3 49 24.2
      vertex 29 49 9.2
    endloop
  endfacet
  facet normal 0 1 0
    outer loop
      vertex 3 49 0
      vertex 12 49 9.2
      vertex 12 49 6.2
    endloop
  endfacet
  facet normal 0 1 0
    outer loop
      vertex 12 49 9.2
      vertex 3 49 0
      vertex 3 49 24.2
    endloop
  endfacet
  facet normal 0 1 0
    outer loop
      vertex 29 49 6.2
      vertex 3 49 0
      vertex 12 49 6.2
    endloop
  endfacet
  facet normal 0.44211 0.896961 -0
    outer loop
      vertex 62.5 48.5981 0
      vertex 62.148 48.7716 24.2
      vertex 62.5 48.5981 24.2
    endloop
  endfacet
  facet normal 0.44211 0.896961 0
    outer loop
      vertex 62.148 48.7716 24.2
      vertex 62.5 48.5981 0
      vertex 62.148 48.7716 0
    endloop
  endfacet
  facet normal 0 -1 0
    outer loop
      vertex 3 0 24.2
      vertex 6 0 9.2
      vertex 61 0 24.2
    endloop
  endfacet
  facet normal 0 -1 0
    outer loop
      vertex 3 0 0
      vertex 6 0 9.2
      vertex 3 0 24.2
    endloop
  endfacet
  facet normal 0 -1 -0
    outer loop
      vertex 6 0 6.2
      vertex 3 0 0
      vertex 58 0 6.2
    endloop
  endfacet
  facet normal 0 -1 -0
    outer loop
      vertex 6 0 9.2
      vertex 3 0 0
      vertex 6 0 6.2
    endloop
  endfacet
  facet normal 0 -1 0
    outer loop
      vertex 58 0 9.2
      vertex 61 0 24.2
      vertex 6 0 9.2
    endloop
  endfacet
  facet normal 0 -1 0
    outer loop
      vertex 61 0 0
      vertex 58 0 9.2
      vertex 58 0 6.2
    endloop
  endfacet
  facet normal 0 -1 0
    outer loop
      vertex 58 0 9.2
      vertex 61 0 0
      vertex 61 0 24.2
    endloop
  endfacet
  facet normal 0 -1 0
    outer loop
      vertex 61 0 0
      vertex 58 0 6.2
      vertex 3 0 0
    endloop
  endfacet
  facet normal 0 -1 0
    outer loop
      vertex 6 0 6.2
      vertex 58 0 9.2
      vertex 6 0 9.2
    endloop
  endfacet
  facet normal 0 -1 -0
    outer loop
      vertex 58 0 9.2
      vertex 6 0 6.2
      vertex 58 0 6.2
    endloop
  endfacet
  facet normal -0.997859 -0.0654026 -6.93045e-20
    outer loop
      vertex 0.0256653 2.60842 0
      vertex 0 3 24.2
      vertex 0 3 0
    endloop
  endfacet
  facet normal -0.997859 -0.0654026 -6.93045e-20
    outer loop
      vertex 0 3 24.2
      vertex 0.0256653 2.60842 0
      vertex 0.0256653 2.60842 24.2
    endloop
  endfacet
  facet normal 0.19494 0.980815 -0
    outer loop
      vertex 61.7765 48.8978 0
      vertex 61.3916 48.9743 24.2
      vertex 61.7765 48.8978 24.2
    endloop
  endfacet
  facet normal 0.19494 0.980815 0
    outer loop
      vertex 61.3916 48.9743 24.2
      vertex 61.7765 48.8978 0
      vertex 61.3916 48.9743 0
    endloop
  endfacet
  facet normal -0.659426 0.751769 0
    outer loop
      vertex 1.17372 48.3801 0
      vertex 0.878679 48.1213 24.2
      vertex 1.17372 48.3801 24.2
    endloop
  endfacet
  facet normal -0.659426 0.751769 0
    outer loop
      vertex 0.878679 48.1213 24.2
      vertex 1.17372 48.3801 0
      vertex 0.878679 48.1213 0
    endloop
  endfacet
  facet normal 0.751724 0.659478 5.03063e-19
    outer loop
      vertex 63.3801 47.8263 24.2
      vertex 63.1213 48.1213 0
      vertex 63.1213 48.1213 24.2
    endloop
  endfacet
  facet normal 0.751724 0.659478 5.03063e-19
    outer loop
      vertex 63.1213 48.1213 0
      vertex 63.3801 47.8263 24.2
      vertex 63.3801 47.8263 0
    endloop
  endfacet
  facet normal -0.946905 0.321512 2.60023e-19
    outer loop
      vertex 0.102222 46.7765 0
      vertex 0.228361 47.148 24.2
      vertex 0.228361 47.148 0
    endloop
  endfacet
  facet normal -0.946905 0.321512 2.60023e-19
    outer loop
      vertex 0.228361 47.148 24.2
      vertex 0.102222 46.7765 0
      vertex 0.102222 46.7765 24.2
    endloop
  endfacet
  facet normal 0.0654873 0.997853 -0
    outer loop
      vertex 61.3916 48.9743 0
      vertex 61 49 24.2
      vertex 61.3916 48.9743 24.2
    endloop
  endfacet
  facet normal 0.0654873 0.997853 0
    outer loop
      vertex 61 49 24.2
      vertex 61.3916 48.9743 0
      vertex 61 49 0
    endloop
  endfacet
  facet normal -0.896898 0.442237 -3.35879e-19
    outer loop
      vertex 0.228361 47.148 0
      vertex 0.401923 47.5 24.2
      vertex 0.401923 47.5 0
    endloop
  endfacet
  facet normal -0.896898 0.442237 -3.35879e-19
    outer loop
      vertex 0.401923 47.5 24.2
      vertex 0.228361 47.148 0
      vertex 0.228361 47.148 24.2
    endloop
  endfacet
  facet normal -0.896873 -0.442288 -9.21911e-20
    outer loop
      vertex 0.401923 1.5 0
      vertex 0.228361 1.85195 24.2
      vertex 0.228361 1.85195 0
    endloop
  endfacet
  facet normal -0.896873 -0.442288 -9.21911e-20
    outer loop
      vertex 0.228361 1.85195 24.2
      vertex 0.401923 1.5 0
      vertex 0.401923 1.5 24.2
    endloop
  endfacet
  facet normal 0.946858 0.321651 2.8336e-19
    outer loop
      vertex 63.8978 46.7765 24.2
      vertex 63.7716 47.148 0
      vertex 63.7716 47.148 24.2
    endloop
  endfacet
  facet normal 0.946858 0.321651 2.8336e-19
    outer loop
      vertex 63.7716 47.148 0
      vertex 63.8978 46.7765 24.2
      vertex 63.8978 46.7765 0
    endloop
  endfacet
  facet normal 0.997853 0.0654873 -8.99316e-20
    outer loop
      vertex 64 46 24.2
      vertex 63.9743 46.3916 0
      vertex 63.9743 46.3916 24.2
    endloop
  endfacet
  facet normal 0.997853 0.0654873 -8.99316e-20
    outer loop
      vertex 63.9743 46.3916 0
      vertex 64 46 24.2
      vertex 64 46 0
    endloop
  endfacet
  facet normal 0.442237 -0.896898 0
    outer loop
      vertex 62.148 0.228361 0
      vertex 62.5 0.401923 24.2
      vertex 62.148 0.228361 24.2
    endloop
  endfacet
  facet normal 0.442237 -0.896898 0
    outer loop
      vertex 62.5 0.401923 24.2
      vertex 62.148 0.228361 0
      vertex 62.5 0.401923 0
    endloop
  endfacet
  facet normal -0.980788 0.195079 8.81284e-20
    outer loop
      vertex 0.0256653 46.3916 0
      vertex 0.102222 46.7765 24.2
      vertex 0.102222 46.7765 0
    endloop
  endfacet
  facet normal -0.980788 0.195079 8.81284e-20
    outer loop
      vertex 0.102222 46.7765 24.2
      vertex 0.0256653 46.3916 0
      vertex 0.0256653 46.3916 24.2
    endloop
  endfacet
  facet normal -0.751801 0.65939 -3.51509e-19
    outer loop
      vertex 0.61994 47.8263 0
      vertex 0.878679 48.1213 24.2
      vertex 0.878679 48.1213 0
    endloop
  endfacet
  facet normal -0.751801 0.65939 -3.51509e-19
    outer loop
      vertex 0.878679 48.1213 24.2
      vertex 0.61994 47.8263 0
      vertex 0.61994 47.8263 24.2
    endloop
  endfacet
  facet normal 0.555553 -0.831481 0
    outer loop
      vertex 62.5 0.401923 0
      vertex 62.8263 0.61994 24.2
      vertex 62.5 0.401923 24.2
    endloop
  endfacet
  facet normal 0.555553 -0.831481 0
    outer loop
      vertex 62.8263 0.61994 24.2
      vertex 62.5 0.401923 0
      vertex 62.8263 0.61994 0
    endloop
  endfacet
  facet normal -0.946929 -0.321442 -1.70845e-19
    outer loop
      vertex 0.228361 1.85195 0
      vertex 0.102222 2.22354 24.2
      vertex 0.102222 2.22354 0
    endloop
  endfacet
  facet normal -0.946929 -0.321442 -1.70845e-19
    outer loop
      vertex 0.102222 2.22354 24.2
      vertex 0.228361 1.85195 0
      vertex 0.228361 1.85195 24.2
    endloop
  endfacet
  facet normal 0.195079 -0.980788 0
    outer loop
      vertex 61.3916 0.0256653 0
      vertex 61.7765 0.102222 24.2
      vertex 61.3916 0.0256653 24.2
    endloop
  endfacet
  facet normal 0.195079 -0.980788 0
    outer loop
      vertex 61.7765 0.102222 24.2
      vertex 61.3916 0.0256653 0
      vertex 61.7765 0.102222 0
    endloop
  endfacet
  facet normal 0.0653993 -0.997859 0
    outer loop
      vertex 61 0 0
      vertex 61.3916 0.0256653 24.2
      vertex 61 0 24.2
    endloop
  endfacet
  facet normal 0.0653993 -0.997859 0
    outer loop
      vertex 61.3916 0.0256653 24.2
      vertex 61 0 0
      vertex 61.3916 0.0256653 0
    endloop
  endfacet
  facet normal -0.751846 -0.659339 -6.19367e-19
    outer loop
      vertex 0.878679 0.878679 0
      vertex 0.61994 1.17372 24.2
      vertex 0.61994 1.17372 0
    endloop
  endfacet
  facet normal -0.751846 -0.659339 -6.19367e-19
    outer loop
      vertex 0.61994 1.17372 24.2
      vertex 0.878679 0.878679 0
      vertex 0.878679 0.878679 24.2
    endloop
  endfacet
  facet normal 0.659478 0.751724 -0
    outer loop
      vertex 63.1213 48.1213 0
      vertex 62.8263 48.3801 24.2
      vertex 63.1213 48.1213 24.2
    endloop
  endfacet
  facet normal 0.659478 0.751724 0
    outer loop
      vertex 62.8263 48.3801 24.2
      vertex 63.1213 48.1213 0
      vertex 62.8263 48.3801 0
    endloop
  endfacet
  facet normal -0.321442 -0.946929 0
    outer loop
      vertex 1.85195 0.228361 0
      vertex 2.22354 0.102222 24.2
      vertex 1.85195 0.228361 24.2
    endloop
  endfacet
  facet normal -0.321442 -0.946929 -0
    outer loop
      vertex 2.22354 0.102222 24.2
      vertex 1.85195 0.228361 0
      vertex 2.22354 0.102222 0
    endloop
  endfacet
  facet normal -0.321582 0.946882 0
    outer loop
      vertex 2.22354 48.8978 0
      vertex 1.85195 48.7716 24.2
      vertex 2.22354 48.8978 24.2
    endloop
  endfacet
  facet normal -0.321582 0.946882 0
    outer loop
      vertex 1.85195 48.7716 24.2
      vertex 2.22354 48.8978 0
      vertex 1.85195 48.7716 0
    endloop
  endfacet
  facet normal -0.555547 0.831485 0
    outer loop
      vertex 1.5 48.5981 0
      vertex 1.17372 48.3801 24.2
      vertex 1.5 48.5981 24.2
    endloop
  endfacet
  facet normal -0.555547 0.831485 0
    outer loop
      vertex 1.17372 48.3801 24.2
      vertex 1.5 48.5981 0
      vertex 1.17372 48.3801 0
    endloop
  endfacet
  facet normal -0.195089 -0.980786 0
    outer loop
      vertex 2.22354 0.102222 0
      vertex 2.60842 0.0256653 24.2
      vertex 2.22354 0.102222 24.2
    endloop
  endfacet
  facet normal -0.195089 -0.980786 -0
    outer loop
      vertex 2.60842 0.0256653 24.2
      vertex 2.22354 0.102222 0
      vertex 2.60842 0.0256653 0
    endloop
  endfacet
  facet normal -0.555577 -0.831465 0
    outer loop
      vertex 1.17372 0.61994 0
      vertex 1.5 0.401923 24.2
      vertex 1.17372 0.61994 24.2
    endloop
  endfacet
  facet normal -0.555577 -0.831465 -0
    outer loop
      vertex 1.5 0.401923 24.2
      vertex 1.17372 0.61994 0
      vertex 1.5 0.401923 0
    endloop
  endfacet
  facet normal 0.555523 0.831501 -0
    outer loop
      vertex 62.8263 48.3801 0
      vertex 62.5 48.5981 24.2
      vertex 62.8263 48.3801 24.2
    endloop
  endfacet
  facet normal 0.555523 0.831501 0
    outer loop
      vertex 62.5 48.5981 24.2
      vertex 62.8263 48.3801 0
      vertex 62.5 48.5981 0
    endloop
  endfacet
  facet normal -0.0654906 0.997853 0
    outer loop
      vertex 3 49 0
      vertex 2.60842 48.9743 24.2
      vertex 3 49 24.2
    endloop
  endfacet
  facet normal -0.0654906 0.997853 0
    outer loop
      vertex 2.60842 48.9743 24.2
      vertex 3 49 0
      vertex 2.60842 48.9743 0
    endloop
  endfacet
  facet normal 0.980813 -0.19495 1.34291e-19
    outer loop
      vertex 63.8978 2.22354 24.2
      vertex 63.9743 2.60842 0
      vertex 63.9743 2.60842 24.2
    endloop
  endfacet
  facet normal 0.980813 -0.19495 1.34291e-19
    outer loop
      vertex 63.9743 2.60842 0
      vertex 63.8978 2.22354 24.2
      vertex 63.8978 2.22354 0
    endloop
  endfacet
  facet normal 0.751769 -0.659426 5.22064e-20
    outer loop
      vertex 63.1213 0.878679 24.2
      vertex 63.3801 1.17372 0
      vertex 63.3801 1.17372 24.2
    endloop
  endfacet
  facet normal 0.751769 -0.659426 5.22064e-20
    outer loop
      vertex 63.3801 1.17372 0
      vertex 63.1213 0.878679 24.2
      vertex 63.1213 0.878679 0
    endloop
  endfacet
  facet normal 0.896961 0.44211 1.92002e-19
    outer loop
      vertex 63.7716 47.148 24.2
      vertex 63.5981 47.5 0
      vertex 63.5981 47.5 24.2
    endloop
  endfacet
  facet normal 0.896961 0.44211 1.92002e-19
    outer loop
      vertex 63.5981 47.5 0
      vertex 63.7716 47.148 24.2
      vertex 63.7716 47.148 0
    endloop
  endfacet
  facet normal 0 0 1
    outer loop
      vertex 62 47 24.2
      vertex 64 46 24.2
      vertex 63.9743 46.3916 24.2
    endloop
  endfacet
  facet normal 0 0 1
    outer loop
      vertex 64 46 24.2
      vertex 62 47 24.2
      vertex 64 3 24.2
    endloop
  endfacet
  facet normal 0 0 1
    outer loop
      vertex 62 47 24.2
      vertex 63.9743 46.3916 24.2
      vertex 63.8978 46.7765 24.2
    endloop
  endfacet
  facet normal 0 0 1
    outer loop
      vertex 62 2 24.2
      vertex 64 3 24.2
      vertex 62 47 24.2
    endloop
  endfacet
  facet normal -0 0 1
    outer loop
      vertex 62 47 24.2
      vertex 63.8978 46.7765 24.2
      vertex 63.7716 47.148 24.2
    endloop
  endfacet
  facet normal 0 0 1
    outer loop
      vertex 64 3 24.2
      vertex 62 2 24.2
      vertex 63.9743 2.60842 24.2
    endloop
  endfacet
  facet normal 0 0 1
    outer loop
      vertex 62 47 24.2
      vertex 63.7716 47.148 24.2
      vertex 63.5981 47.5 24.2
    endloop
  endfacet
  facet normal 0 0 1
    outer loop
      vertex 63.9743 2.60842 24.2
      vertex 62 2 24.2
      vertex 63.8978 2.22354 24.2
    endloop
  endfacet
  facet normal 0 0 1
    outer loop
      vertex 62 47 24.2
      vertex 63.5981 47.5 24.2
      vertex 63.3801 47.8263 24.2
    endloop
  endfacet
  facet normal 0 0 1
    outer loop
      vertex 63.8978 2.22354 24.2
      vertex 62 2 24.2
      vertex 63.7716 1.85195 24.2
    endloop
  endfacet
  facet normal 0 0 1
    outer loop
      vertex 62 47 24.2
      vertex 63.3801 47.8263 24.2
      vertex 63.1213 48.1213 24.2
    endloop
  endfacet
  facet normal 0 0 1
    outer loop
      vertex 63.7716 1.85195 24.2
      vertex 62 2 24.2
      vertex 63.5981 1.5 24.2
    endloop
  endfacet
  facet normal 0 0 1
    outer loop
      vertex 62 47 24.2
      vertex 63.1213 48.1213 24.2
      vertex 62.8263 48.3801 24.2
    endloop
  endfacet
  facet normal 0 0 1
    outer loop
      vertex 63.5981 1.5 24.2
      vertex 62 2 24.2
      vertex 63.3801 1.17372 24.2
    endloop
  endfacet
  facet normal 0 0 1
    outer loop
      vertex 62 47 24.2
      vertex 62.8263 48.3801 24.2
      vertex 62.5 48.5981 24.2
    endloop
  endfacet
  facet normal 0 0 1
    outer loop
      vertex 63.3801 1.17372 24.2
      vertex 62 2 24.2
      vertex 63.1213 0.878679 24.2
    endloop
  endfacet
  facet normal 0 0 1
    outer loop
      vertex 62 47 24.2
      vertex 62.5 48.5981 24.2
      vertex 62.148 48.7716 24.2
    endloop
  endfacet
  facet normal 0 0 1
    outer loop
      vertex 63.1213 0.878679 24.2
      vertex 62 2 24.2
      vertex 62.8263 0.61994 24.2
    endloop
  endfacet
  facet normal 0 0 1
    outer loop
      vertex 62.8263 0.61994 24.2
      vertex 62 2 24.2
      vertex 62.5 0.401923 24.2
    endloop
  endfacet
  facet normal 0 0 1
    outer loop
      vertex 61.7765 48.8978 24.2
      vertex 62 47 24.2
      vertex 62.148 48.7716 24.2
    endloop
  endfacet
  facet normal 0 0 1
    outer loop
      vertex 61.3916 48.9743 24.2
      vertex 62 47 24.2
      vertex 61.7765 48.8978 24.2
    endloop
  endfacet
  facet normal 0 0 1
    outer loop
      vertex 61 49 24.2
      vertex 62 47 24.2
      vertex 61.3916 48.9743 24.2
    endloop
  endfacet
  facet normal -0 0 1
    outer loop
      vertex 3 49 24.2
      vertex 62 47 24.2
      vertex 61 49 24.2
    endloop
  endfacet
  facet normal 0 0 1
    outer loop
      vertex 2 47 24.2
      vertex 3 49 24.2
      vertex 2.60842 48.9743 24.2
    endloop
  endfacet
  facet normal 0 0 1
    outer loop
      vertex 2 47 24.2
      vertex 2.60842 48.9743 24.2
      vertex 2.22354 48.8978 24.2
    endloop
  endfacet
  facet normal 0 0 1
    outer loop
      vertex 3 49 24.2
      vertex 2 47 24.2
      vertex 62 47 24.2
    endloop
  endfacet
  facet normal -0 0 1
    outer loop
      vertex 1.5 48.5981 24.2
      vertex 2 47 24.2
      vertex 1.85195 48.7716 24.2
    endloop
  endfacet
  facet normal -0 0 1
    outer loop
      vertex 1.85195 48.7716 24.2
      vertex 2 47 24.2
      vertex 2.22354 48.8978 24.2
    endloop
  endfacet
  facet normal 0 0 1
    outer loop
      vertex 62.5 0.401923 24.2
      vertex 62 2 24.2
      vertex 62.148 0.228361 24.2
    endloop
  endfacet
  facet normal 0 0 1
    outer loop
      vertex 62 2 24.2
      vertex 61.7765 0.102222 24.2
      vertex 62.148 0.228361 24.2
    endloop
  endfacet
  facet normal 0 0 1
    outer loop
      vertex 62 2 24.2
      vertex 61.3916 0.0256653 24.2
      vertex 61.7765 0.102222 24.2
    endloop
  endfacet
  facet normal 0 0 1
    outer loop
      vertex 62 2 24.2
      vertex 61 0 24.2
      vertex 61.3916 0.0256653 24.2
    endloop
  endfacet
  facet normal 0 0 1
    outer loop
      vertex 62 2 24.2
      vertex 3 0 24.2
      vertex 61 0 24.2
    endloop
  endfacet
  facet normal -0 0 1
    outer loop
      vertex 2 2 24.2
      vertex 3 0 24.2
      vertex 62 2 24.2
    endloop
  endfacet
  facet normal 0 0 1
    outer loop
      vertex 3 0 24.2
      vertex 2 2 24.2
      vertex 2.60842 0.0256653 24.2
    endloop
  endfacet
  facet normal 0 0 1
    outer loop
      vertex 2.60842 0.0256653 24.2
      vertex 2 2 24.2
      vertex 2.22354 0.102222 24.2
    endloop
  endfacet
  facet normal 0 0 1
    outer loop
      vertex 2 2 24.2
      vertex 1.85195 0.228361 24.2
      vertex 2.22354 0.102222 24.2
    endloop
  endfacet
  facet normal 0 0 1
    outer loop
      vertex 2 47 24.2
      vertex 0 46 24.2
      vertex 2 2 24.2
    endloop
  endfacet
  facet normal -0 0 1
    outer loop
      vertex 1.17372 48.3801 24.2
      vertex 2 47 24.2
      vertex 1.5 48.5981 24.2
    endloop
  endfacet
  facet normal -0 0 1
    outer loop
      vertex 0 3 24.2
      vertex 2 2 24.2
      vertex 0 46 24.2
    endloop
  endfacet
  facet normal -0 0 1
    outer loop
      vertex 0.878679 48.1213 24.2
      vertex 2 47 24.2
      vertex 1.17372 48.3801 24.2
    endloop
  endfacet
  facet normal -0 -0 1
    outer loop
      vertex 0.0256653 2.60842 24.2
      vertex 2 2 24.2
      vertex 0 3 24.2
    endloop
  endfacet
  facet normal -0 0 1
    outer loop
      vertex 0.61994 47.8263 24.2
      vertex 2 47 24.2
      vertex 0.878679 48.1213 24.2
    endloop
  endfacet
  facet normal 0 0 1
    outer loop
      vertex 2 2 24.2
      vertex 1.5 0.401923 24.2
      vertex 1.85195 0.228361 24.2
    endloop
  endfacet
  facet normal -0 0 1
    outer loop
      vertex 0.401923 47.5 24.2
      vertex 2 47 24.2
      vertex 0.61994 47.8263 24.2
    endloop
  endfacet
  facet normal 0 0 1
    outer loop
      vertex 2 2 24.2
      vertex 1.17372 0.61994 24.2
      vertex 1.5 0.401923 24.2
    endloop
  endfacet
  facet normal -0 0 1
    outer loop
      vertex 0.228361 47.148 24.2
      vertex 2 47 24.2
      vertex 0.401923 47.5 24.2
    endloop
  endfacet
  facet normal 0 0 1
    outer loop
      vertex 2 2 24.2
      vertex 0.878679 0.878679 24.2
      vertex 1.17372 0.61994 24.2
    endloop
  endfacet
  facet normal 0 0 1
    outer loop
      vertex 0.102222 46.7765 24.2
      vertex 2 47 24.2
      vertex 0.228361 47.148 24.2
    endloop
  endfacet
  facet normal 0 0 1
    outer loop
      vertex 2 2 24.2
      vertex 0.61994 1.17372 24.2
      vertex 0.878679 0.878679 24.2
    endloop
  endfacet
  facet normal 0 0 1
    outer loop
      vertex 0.0256653 46.3916 24.2
      vertex 2 47 24.2
      vertex 0.102222 46.7765 24.2
    endloop
  endfacet
  facet normal 0 0 1
    outer loop
      vertex 2 2 24.2
      vertex 0.401923 1.5 24.2
      vertex 0.61994 1.17372 24.2
    endloop
  endfacet
  facet normal 0 0 1
    outer loop
      vertex 2 47 24.2
      vertex 0.0256653 46.3916 24.2
      vertex 0 46 24.2
    endloop
  endfacet
  facet normal 0 0 1
    outer loop
      vertex 2 2 24.2
      vertex 0.228361 1.85195 24.2
      vertex 0.401923 1.5 24.2
    endloop
  endfacet
  facet normal 0 0 1
    outer loop
      vertex 2 2 24.2
      vertex 0.102222 2.22354 24.2
      vertex 0.228361 1.85195 24.2
    endloop
  endfacet
  facet normal 0 0 1
    outer loop
      vertex 2 2 24.2
      vertex 0.0256653 2.60842 24.2
      vertex 0.102222 2.22354 24.2
    endloop
  endfacet
  facet normal 0.65939 -0.751801 0
    outer loop
      vertex 62.8263 0.61994 0
      vertex 63.1213 0.878679 24.2
      vertex 62.8263 0.61994 24.2
    endloop
  endfacet
  facet normal 0.65939 -0.751801 0
    outer loop
      vertex 63.1213 0.878679 24.2
      vertex 62.8263 0.61994 0
      vertex 63.1213 0.878679 0
    endloop
  endfacet
  facet normal -0.19495 0.980813 0
    outer loop
      vertex 2.60842 48.9743 0
      vertex 2.22354 48.8978 24.2
      vertex 2.60842 48.9743 24.2
    endloop
  endfacet
  facet normal -0.19495 0.980813 0
    outer loop
      vertex 2.22354 48.8978 24.2
      vertex 2.60842 48.9743 0
      vertex 2.22354 48.8978 0
    endloop
  endfacet
  facet normal -0.442288 -0.896873 0
    outer loop
      vertex 1.5 0.401923 0
      vertex 1.85195 0.228361 24.2
      vertex 1.5 0.401923 24.2
    endloop
  endfacet
  facet normal -0.442288 -0.896873 -0
    outer loop
      vertex 1.85195 0.228361 24.2
      vertex 1.5 0.401923 0
      vertex 1.85195 0.228361 0
    endloop
  endfacet
  facet normal 0.831501 0.555523 3.38245e-19
    outer loop
      vertex 63.5981 47.5 24.2
      vertex 63.3801 47.8263 0
      vertex 63.3801 47.8263 24.2
    endloop
  endfacet
  facet normal 0.831501 0.555523 3.38245e-19
    outer loop
      vertex 63.3801 47.8263 0
      vertex 63.5981 47.5 24.2
      vertex 63.5981 47.5 0
    endloop
  endfacet
  facet normal 0.321512 -0.946905 0
    outer loop
      vertex 61.7765 0.102222 0
      vertex 62.148 0.228361 24.2
      vertex 61.7765 0.102222 24.2
    endloop
  endfacet
  facet normal 0.321512 -0.946905 0
    outer loop
      vertex 62.148 0.228361 24.2
      vertex 61.7765 0.102222 0
      vertex 62.148 0.228361 0
    endloop
  endfacet
  facet normal 0.997853 -0.0654906 -6.5727e-20
    outer loop
      vertex 63.9743 2.60842 24.2
      vertex 64 3 0
      vertex 64 3 24.2
    endloop
  endfacet
  facet normal 0.997853 -0.0654906 -6.5727e-20
    outer loop
      vertex 64 3 0
      vertex 63.9743 2.60842 24.2
      vertex 63.9743 2.60842 0
    endloop
  endfacet
  facet normal 0.896936 -0.44216 2.55832e-19
    outer loop
      vertex 63.5981 1.5 24.2
      vertex 63.7716 1.85195 0
      vertex 63.7716 1.85195 24.2
    endloop
  endfacet
  facet normal 0.896936 -0.44216 2.55832e-19
    outer loop
      vertex 63.7716 1.85195 0
      vertex 63.5981 1.5 24.2
      vertex 63.5981 1.5 0
    endloop
  endfacet
  facet normal 0 0 -1
    outer loop
      vertex 61 0 0
      vertex 64 3 0
      vertex 63.9743 2.60842 0
    endloop
  endfacet
  facet normal 0 0 -1
    outer loop
      vertex 61 0 0
      vertex 63.9743 2.60842 0
      vertex 63.8978 2.22354 0
    endloop
  endfacet
  facet normal 0 0 -1
    outer loop
      vertex 61 0 0
      vertex 63.8978 2.22354 0
      vertex 63.7716 1.85195 0
    endloop
  endfacet
  facet normal 0 0 -1
    outer loop
      vertex 61 0 0
      vertex 63.7716 1.85195 0
      vertex 63.5981 1.5 0
    endloop
  endfacet
  facet normal 0 0 -1
    outer loop
      vertex 61 0 0
      vertex 63.5981 1.5 0
      vertex 63.3801 1.17372 0
    endloop
  endfacet
  facet normal 0 0 -1
    outer loop
      vertex 61 0 0
      vertex 63.3801 1.17372 0
      vertex 63.1213 0.878679 0
    endloop
  endfacet
  facet normal 0 0 -1
    outer loop
      vertex 61 0 0
      vertex 63.1213 0.878679 0
      vertex 62.8263 0.61994 0
    endloop
  endfacet
  facet normal 0 0 -1
    outer loop
      vertex 61 0 0
      vertex 62.8263 0.61994 0
      vertex 62.5 0.401923 0
    endloop
  endfacet
  facet normal 0 0 -1
    outer loop
      vertex 61 0 0
      vertex 62.5 0.401923 0
      vertex 62.148 0.228361 0
    endloop
  endfacet
  facet normal 0 0 -1
    outer loop
      vertex 64 3 0
      vertex 62 12 0
      vertex 64 12 0
    endloop
  endfacet
  facet normal -0 0 -1
    outer loop
      vertex 64 3 0
      vertex 61 0 0
      vertex 62 12 0
    endloop
  endfacet
  facet normal 0 0 -1
    outer loop
      vertex 61 0 0
      vertex 62.148 0.228361 0
      vertex 61.7765 0.102222 0
    endloop
  endfacet
  facet normal 0 0 -1
    outer loop
      vertex 50 32.5 0
      vertex 64 46 0
      vertex 64 15 0
    endloop
  endfacet
  facet normal 0 -0 -1
    outer loop
      vertex 61 49 0
      vertex 64 46 0
      vertex 50 32.5 0
    endloop
  endfacet
  facet normal 0 0 -1
    outer loop
      vertex 64 46 0
      vertex 61 49 0
      vertex 63.9743 46.3916 0
    endloop
  endfacet
  facet normal 0 0 -1
    outer loop
      vertex 63.9743 46.3916 0
      vertex 61 49 0
      vertex 63.8978 46.7765 0
    endloop
  endfacet
  facet normal 0 0 -1
    outer loop
      vertex 63.8978 46.7765 0
      vertex 61 49 0
      vertex 63.7716 47.148 0
    endloop
  endfacet
  facet normal 0 0 -1
    outer loop
      vertex 63.7716 47.148 0
      vertex 61 49 0
      vertex 63.5981 47.5 0
    endloop
  endfacet
  facet normal 0 0 -1
    outer loop
      vertex 63.5981 47.5 0
      vertex 61 49 0
      vertex 63.3801 47.8263 0
    endloop
  endfacet
  facet normal 0 0 -1
    outer loop
      vertex 63.3801 47.8263 0
      vertex 61 49 0
      vertex 63.1213 48.1213 0
    endloop
  endfacet
  facet normal 0 0 -1
    outer loop
      vertex 63.1213 48.1213 0
      vertex 61 49 0
      vertex 62.8263 48.3801 0
    endloop
  endfacet
  facet normal 0 0 -1
    outer loop
      vertex 50 32.5 0
      vertex 64 15 0
      vertex 62 15 0
    endloop
  endfacet
  facet normal 0 0 -1
    outer loop
      vertex 50 16.5 0
      vertex 62 12 0
      vertex 61 0 0
    endloop
  endfacet
  facet normal 0 0 -1
    outer loop
      vertex 50 32.5 0
      vertex 62 15 0
      vertex 50 16.5 0
    endloop
  endfacet
  facet normal 0 0 -1
    outer loop
      vertex 61 0 0
      vertex 61.7765 0.102222 0
      vertex 61.3916 0.0256653 0
    endloop
  endfacet
  facet normal 0 0 -1
    outer loop
      vertex 62.8263 48.3801 0
      vertex 61 49 0
      vertex 62.5 48.5981 0
    endloop
  endfacet
  facet normal 0 0 -1
    outer loop
      vertex 62 12 0
      vertex 50 16.5 0
      vertex 62 15 0
    endloop
  endfacet
  facet normal 0 0 -1
    outer loop
      vertex 62.5 48.5981 0
      vertex 61 49 0
      vertex 62.148 48.7716 0
    endloop
  endfacet
  facet normal 0 0 -1
    outer loop
      vertex 62.148 48.7716 0
      vertex 61 49 0
      vertex 61.7765 48.8978 0
    endloop
  endfacet
  facet normal 0 0 -1
    outer loop
      vertex 61 0 0
      vertex 42 16.5 0
      vertex 50 16.5 0
    endloop
  endfacet
  facet normal 0 0 -1
    outer loop
      vertex 42 16.5 0
      vertex 34 16.5 0
      vertex 42 32.5 0
    endloop
  endfacet
  facet normal 0 0 -1
    outer loop
      vertex 61 0 0
      vertex 34 16.5 0
      vertex 42 16.5 0
    endloop
  endfacet
  facet normal 0 0 -1
    outer loop
      vertex 3 0 0
      vertex 34 16.5 0
      vertex 61 0 0
    endloop
  endfacet
  facet normal 0 0 -1
    outer loop
      vertex 26 16.5 0
      vertex 18 16.5 0
      vertex 26 32.5 0
    endloop
  endfacet
  facet normal -0 0 -1
    outer loop
      vertex 34 16.5 0
      vertex 3 0 0
      vertex 26 16.5 0
    endloop
  endfacet
  facet normal -0 0 -1
    outer loop
      vertex 26 16.5 0
      vertex 3 0 0
      vertex 18 16.5 0
    endloop
  endfacet
  facet normal 0 0 -1
    outer loop
      vertex 0 3 0
      vertex 10 16.5 0
      vertex 3 0 0
    endloop
  endfacet
  facet normal -0 0 -1
    outer loop
      vertex 18 16.5 0
      vertex 3 0 0
      vertex 10 16.5 0
    endloop
  endfacet
  facet normal 0 0 -1
    outer loop
      vertex 61.7765 48.8978 0
      vertex 61 49 0
      vertex 61.3916 48.9743 0
    endloop
  endfacet
  facet normal 0 0 -1
    outer loop
      vertex 42 32.5 0
      vertex 61 49 0
      vertex 50 32.5 0
    endloop
  endfacet
  facet normal 0 0 -1
    outer loop
      vertex 34 32.5 0
      vertex 42 32.5 0
      vertex 34 16.5 0
    endloop
  endfacet
  facet normal 0 0 -1
    outer loop
      vertex 34 32.5 0
      vertex 61 49 0
      vertex 42 32.5 0
    endloop
  endfacet
  facet normal 0 0 -1
    outer loop
      vertex 3 49 0
      vertex 34 32.5 0
      vertex 26 32.5 0
    endloop
  endfacet
  facet normal 0 0 -1
    outer loop
      vertex 18 32.5 0
      vertex 26 32.5 0
      vertex 18 16.5 0
    endloop
  endfacet
  facet normal 0 0 -1
    outer loop
      vertex 3 49 0
      vertex 26 32.5 0
      vertex 18 32.5 0
    endloop
  endfacet
  facet normal 0 0 -1
    outer loop
      vertex 3 49 0
      vertex 18 32.5 0
      vertex 10 32.5 0
    endloop
  endfacet
  facet normal 0 0 -1
    outer loop
      vertex 34 32.5 0
      vertex 3 49 0
      vertex 61 49 0
    endloop
  endfacet
  facet normal -0 0 -1
    outer loop
      vertex 10 16.5 0
      vertex 0 3 0
      vertex 10 32.5 0
    endloop
  endfacet
  facet normal 0 0 -1
    outer loop
      vertex 0 3 0
      vertex 3 0 0
      vertex 2.60842 0.0256653 0
    endloop
  endfacet
  facet normal 0 0 -1
    outer loop
      vertex 0 46 0
      vertex 10 32.5 0
      vertex 0 3 0
    endloop
  endfacet
  facet normal 0 0 -1
    outer loop
      vertex 0 3 0
      vertex 2.60842 0.0256653 0
      vertex 2.22354 0.102222 0
    endloop
  endfacet
  facet normal 0 0 -1
    outer loop
      vertex 10 32.5 0
      vertex 0 46 0
      vertex 3 49 0
    endloop
  endfacet
  facet normal 0 0 -1
    outer loop
      vertex 0 3 0
      vertex 2.22354 0.102222 0
      vertex 1.85195 0.228361 0
    endloop
  endfacet
  facet normal 0 0 -1
    outer loop
      vertex 3 49 0
      vertex 0 46 0
      vertex 2.60842 48.9743 0
    endloop
  endfacet
  facet normal 0 0 -1
    outer loop
      vertex 0 3 0
      vertex 1.85195 0.228361 0
      vertex 1.5 0.401923 0
    endloop
  endfacet
  facet normal 0 0 -1
    outer loop
      vertex 2.60842 48.9743 0
      vertex 0 46 0
      vertex 2.22354 48.8978 0
    endloop
  endfacet
  facet normal 0 0 -1
    outer loop
      vertex 0 3 0
      vertex 1.5 0.401923 0
      vertex 1.17372 0.61994 0
    endloop
  endfacet
  facet normal 0 0 -1
    outer loop
      vertex 2.22354 48.8978 0
      vertex 0 46 0
      vertex 1.85195 48.7716 0
    endloop
  endfacet
  facet normal 0 0 -1
    outer loop
      vertex 0 3 0
      vertex 1.17372 0.61994 0
      vertex 0.878679 0.878679 0
    endloop
  endfacet
  facet normal 0 0 -1
    outer loop
      vertex 1.85195 48.7716 0
      vertex 0 46 0
      vertex 1.5 48.5981 0
    endloop
  endfacet
  facet normal 0 0 -1
    outer loop
      vertex 0 3 0
      vertex 0.878679 0.878679 0
      vertex 0.61994 1.17372 0
    endloop
  endfacet
  facet normal 0 0 -1
    outer loop
      vertex 1.5 48.5981 0
      vertex 0 46 0
      vertex 1.17372 48.3801 0
    endloop
  endfacet
  facet normal 0 0 -1
    outer loop
      vertex 0 3 0
      vertex 0.61994 1.17372 0
      vertex 0.401923 1.5 0
    endloop
  endfacet
  facet normal 0 0 -1
    outer loop
      vertex 1.17372 48.3801 0
      vertex 0 46 0
      vertex 0.878679 48.1213 0
    endloop
  endfacet
  facet normal 0 0 -1
    outer loop
      vertex 0 3 0
      vertex 0.401923 1.5 0
      vertex 0.228361 1.85195 0
    endloop
  endfacet
  facet normal 0 0 -1
    outer loop
      vertex 0.878679 48.1213 0
      vertex 0 46 0
      vertex 0.61994 47.8263 0
    endloop
  endfacet
  facet normal 0 0 -1
    outer loop
      vertex 0 3 0
      vertex 0.228361 1.85195 0
      vertex 0.102222 2.22354 0
    endloop
  endfacet
  facet normal 0 0 -1
    outer loop
      vertex 0.61994 47.8263 0
      vertex 0 46 0
      vertex 0.401923 47.5 0
    endloop
  endfacet
  facet normal 0 0 -1
    outer loop
      vertex 0 3 0
      vertex 0.102222 2.22354 0
      vertex 0.0256653 2.60842 0
    endloop
  endfacet
  facet normal 0 0 -1
    outer loop
      vertex 0.401923 47.5 0
      vertex 0 46 0
      vertex 0.228361 47.148 0
    endloop
  endfacet
  facet normal 0 0 -1
    outer loop
      vertex 0.228361 47.148 0
      vertex 0 46 0
      vertex 0.102222 46.7765 0
    endloop
  endfacet
  facet normal 0 0 -1
    outer loop
      vertex 0.102222 46.7765 0
      vertex 0 46 0
      vertex 0.0256653 46.3916 0
    endloop
  endfacet
  facet normal -1 0 0
    outer loop
      vertex 62 12 1.6
      vertex 62 2 1.6
      vertex 62 12 9.6
    endloop
  endfacet
  facet normal -1 0 0
    outer loop
      vertex 62 15 9.6
      vertex 62 47 1.6
      vertex 62 15 1.6
    endloop
  endfacet
  facet normal -1 0 0
    outer loop
      vertex 62 47 1.6
      vertex 62 15 9.6
      vertex 62 47 20.2
    endloop
  endfacet
  facet normal -1 0 0
    outer loop
      vertex 62 2 20.2
      vertex 62 15 9.6
      vertex 62 12 9.6
    endloop
  endfacet
  facet normal -1 0 0
    outer loop
      vertex 62 15 9.6
      vertex 62 2 20.2
      vertex 62 47 20.2
    endloop
  endfacet
  facet normal -1 0 0
    outer loop
      vertex 62 2 20.2
      vertex 62 12 9.6
      vertex 62 2 1.6
    endloop
  endfacet
  facet normal -1 0 0
    outer loop
      vertex 62 2 23.2
      vertex 62 47 24.2
      vertex 62 47 23.2
    endloop
  endfacet
  facet normal -1 -0 0
    outer loop
      vertex 62 47 24.2
      vertex 62 2 23.2
      vertex 62 2 24.2
    endloop
  endfacet
  facet normal 1 -0 0
    outer loop
      vertex 62 12 1.6
      vertex 62 15 0
      vertex 62 15 1.6
    endloop
  endfacet
  facet normal 1 0 0
    outer loop
      vertex 62 15 0
      vertex 62 12 1.6
      vertex 62 12 0
    endloop
  endfacet
  facet normal -0 0 1
    outer loop
      vertex 2 33 1.6
      vertex 8 21 1.6
      vertex 8 33 1.6
    endloop
  endfacet
  facet normal 0 0 1
    outer loop
      vertex 8 21 1.6
      vertex 2 33 1.6
      vertex 2 21 1.6
    endloop
  endfacet
  facet normal -0 0 1
    outer loop
      vertex 50 32.5 1.6
      vertex 62 15 1.6
      vertex 62 47 1.6
    endloop
  endfacet
  facet normal -0 0 1
    outer loop
      vertex 50 16.5 1.6
      vertex 62 15 1.6
      vertex 50 32.5 1.6
    endloop
  endfacet
  facet normal 0 0 1
    outer loop
      vertex 62 15 1.6
      vertex 50 16.5 1.6
      vertex 62 12 1.6
    endloop
  endfacet
  facet normal 0 0 1
    outer loop
      vertex 62 47 1.6
      vertex 42 32.5 1.6
      vertex 50 32.5 1.6
    endloop
  endfacet
  facet normal 0 0 1
    outer loop
      vertex 42 32.5 1.6
      vertex 34 32.5 1.6
      vertex 42 16.5 1.6
    endloop
  endfacet
  facet normal 0 0 1
    outer loop
      vertex 62 47 1.6
      vertex 34 32.5 1.6
      vertex 42 32.5 1.6
    endloop
  endfacet
  facet normal -0 0 1
    outer loop
      vertex 2 47 1.6
      vertex 34 32.5 1.6
      vertex 62 47 1.6
    endloop
  endfacet
  facet normal 0 0 1
    outer loop
      vertex 26 32.5 1.6
      vertex 18 32.5 1.6
      vertex 26 16.5 1.6
    endloop
  endfacet
  facet normal 0 0 1
    outer loop
      vertex 34 32.5 1.6
      vertex 2 47 1.6
      vertex 26 32.5 1.6
    endloop
  endfacet
  facet normal 0 0 1
    outer loop
      vertex 26 32.5 1.6
      vertex 2 47 1.6
      vertex 18 32.5 1.6
    endloop
  endfacet
  facet normal -0 0 1
    outer loop
      vertex 8 33 1.6
      vertex 10 32.5 1.6
      vertex 8 36 1.6
    endloop
  endfacet
  facet normal 0 0 1
    outer loop
      vertex 18 32.5 1.6
      vertex 8 36 1.6
      vertex 10 32.5 1.6
    endloop
  endfacet
  facet normal 0 0 1
    outer loop
      vertex 18 32.5 1.6
      vertex 2 47 1.6
      vertex 8 36 1.6
    endloop
  endfacet
  facet normal 0 0 1
    outer loop
      vertex 8 36 1.6
      vertex 2 47 1.6
      vertex 2 36 1.6
    endloop
  endfacet
  facet normal 0 0 1
    outer loop
      vertex 62 12 1.6
      vertex 50 16.5 1.6
      vertex 62 2 1.6
    endloop
  endfacet
  facet normal -0 0 1
    outer loop
      vertex 42 16.5 1.6
      vertex 62 2 1.6
      vertex 50 16.5 1.6
    endloop
  endfacet
  facet normal 0 0 1
    outer loop
      vertex 34 16.5 1.6
      vertex 42 16.5 1.6
      vertex 34 32.5 1.6
    endloop
  endfacet
  facet normal -0 0 1
    outer loop
      vertex 34 16.5 1.6
      vertex 62 2 1.6
      vertex 42 16.5 1.6
    endloop
  endfacet
  facet normal 0 0 1
    outer loop
      vertex 2 2 1.6
      vertex 34 16.5 1.6
      vertex 26 16.5 1.6
    endloop
  endfacet
  facet normal 0 0 1
    outer loop
      vertex 18 16.5 1.6
      vertex 26 16.5 1.6
      vertex 18 32.5 1.6
    endloop
  endfacet
  facet normal 0 0 1
    outer loop
      vertex 2 2 1.6
      vertex 26 16.5 1.6
      vertex 18 16.5 1.6
    endloop
  endfacet
  facet normal 0 0 1
    outer loop
      vertex 2 2 1.6
      vertex 18 16.5 1.6
      vertex 10 16.5 1.6
    endloop
  endfacet
  facet normal 0 0 1
    outer loop
      vertex 8 21 1.6
      vertex 10 32.5 1.6
      vertex 8 33 1.6
    endloop
  endfacet
  facet normal 0 0 1
    outer loop
      vertex 10 32.5 1.6
      vertex 8 21 1.6
      vertex 10 16.5 1.6
    endloop
  endfacet
  facet normal -0 0 1
    outer loop
      vertex 8 18 1.6
      vertex 10 16.5 1.6
      vertex 8 21 1.6
    endloop
  endfacet
  facet normal -0 0 1
    outer loop
      vertex 2 18 1.6
      vertex 10 16.5 1.6
      vertex 8 18 1.6
    endloop
  endfacet
  facet normal 0 0 1
    outer loop
      vertex 2 2 1.6
      vertex 10 16.5 1.6
      vertex 2 18 1.6
    endloop
  endfacet
  facet normal 0 0 1
    outer loop
      vertex 34 16.5 1.6
      vertex 2 2 1.6
      vertex 62 2 1.6
    endloop
  endfacet
  facet normal 1 0 0
    outer loop
      vertex 2 47 20.2
      vertex 2 36 14.2
      vertex 2 47 1.6
    endloop
  endfacet
  facet normal 1 0 0
    outer loop
      vertex 2 47 20.2
      vertex 2 33 14.2
      vertex 2 36 14.2
    endloop
  endfacet
  facet normal 1 0 0
    outer loop
      vertex 2 33 14.2
      vertex 2 21 14.2
      vertex 2 33 1.6
    endloop
  endfacet
  facet normal 1 0 0
    outer loop
      vertex 2 47 20.2
      vertex 2 21 14.2
      vertex 2 33 14.2
    endloop
  endfacet
  facet normal 1 -0 0
    outer loop
      vertex 2 2 20.2
      vertex 2 21 14.2
      vertex 2 47 20.2
    endloop
  endfacet
  facet normal 1 0 0
    outer loop
      vertex 2 18 14.2
      vertex 2 17 12.2
      vertex 2 18 1.6
    endloop
  endfacet
  facet normal 1 0 0
    outer loop
      vertex 2 18 14.2
      vertex 2 14 12.2
      vertex 2 17 12.2
    endloop
  endfacet
  facet normal 1 0 0
    outer loop
      vertex 2 2 1.6
      vertex 2 14 12.2
      vertex 2 2 20.2
    endloop
  endfacet
  facet normal 1 0 0
    outer loop
      vertex 2 18 14.2
      vertex 2 2 20.2
      vertex 2 14 12.2
    endloop
  endfacet
  facet normal 1 0 0
    outer loop
      vertex 2 21 14.2
      vertex 2 2 20.2
      vertex 2 18 14.2
    endloop
  endfacet
  facet normal 1 0 0
    outer loop
      vertex 2 47 1.6
      vertex 2 36 14.2
      vertex 2 36 1.6
    endloop
  endfacet
  facet normal 1 0 0
    outer loop
      vertex 2 33 1.6
      vertex 2 21 14.2
      vertex 2 21 1.6
    endloop
  endfacet
  facet normal 1 -0 0
    outer loop
      vertex 2 17 2.2
      vertex 2 18 1.6
      vertex 2 17 12.2
    endloop
  endfacet
  facet normal 1 -0 0
    outer loop
      vertex 2 14 2.2
      vertex 2 18 1.6
      vertex 2 17 2.2
    endloop
  endfacet
  facet normal 1 0 0
    outer loop
      vertex 2 14 2.2
      vertex 2 2 1.6
      vertex 2 18 1.6
    endloop
  endfacet
  facet normal 1 0 0
    outer loop
      vertex 2 14 12.2
      vertex 2 2 1.6
      vertex 2 14 2.2
    endloop
  endfacet
  facet normal 1 -0 0
    outer loop
      vertex 2 2 24.2
      vertex 2 47 23.2
      vertex 2 47 24.2
    endloop
  endfacet
  facet normal 1 0 0
    outer loop
      vertex 2 47 23.2
      vertex 2 2 24.2
      vertex 2 2 23.2
    endloop
  endfacet
  facet normal 0 -1 0
    outer loop
      vertex 29 47 6.2
      vertex 37 47 9.2
      vertex 29 47 9.2
    endloop
  endfacet
  facet normal 0 -1 -0
    outer loop
      vertex 37 47 9.2
      vertex 29 47 6.2
      vertex 37 47 6.2
    endloop
  endfacet
  facet normal 0 -1 0
    outer loop
      vertex 29 47 9.2
      vertex 2 47 20.2
      vertex 12 47 9.2
    endloop
  endfacet
  facet normal 0 -1 0
    outer loop
      vertex 2 47 1.6
      vertex 12 47 9.2
      vertex 2 47 20.2
    endloop
  endfacet
  facet normal 0 -1 0
    outer loop
      vertex 2 47 1.6
      vertex 29 47 6.2
      vertex 12 47 6.2
    endloop
  endfacet
  facet normal 0 -1 0
    outer loop
      vertex 62 47 1.6
      vertex 29 47 6.2
      vertex 2 47 1.6
    endloop
  endfacet
  facet normal 0 -1 0
    outer loop
      vertex 29 47 6.2
      vertex 62 47 1.6
      vertex 37 47 6.2
    endloop
  endfacet
  facet normal 0 -1 -0
    outer loop
      vertex 12 47 9.2
      vertex 2 47 1.6
      vertex 12 47 6.2
    endloop
  endfacet
  facet normal 0 -1 0
    outer loop
      vertex 2 47 20.2
      vertex 29 47 9.2
      vertex 62 47 20.2
    endloop
  endfacet
  facet normal 0 -1 0
    outer loop
      vertex 37 47 9.2
      vertex 62 47 20.2
      vertex 29 47 9.2
    endloop
  endfacet
  facet normal 0 -1 0
    outer loop
      vertex 55 47 9.2
      vertex 62 47 20.2
      vertex 37 47 9.2
    endloop
  endfacet
  facet normal 0 -1 0
    outer loop
      vertex 62 47 1.6
      vertex 55 47 9.2
      vertex 55 47 6.2
    endloop
  endfacet
  facet normal 0 -1 0
    outer loop
      vertex 55 47 9.2
      vertex 62 47 1.6
      vertex 62 47 20.2
    endloop
  endfacet
  facet normal 0 -1 0
    outer loop
      vertex 37 47 6.2
      vertex 62 47 1.6
      vertex 55 47 6.2
    endloop
  endfacet
  facet normal 0 -1 0
    outer loop
      vertex 2 47 23.2
      vertex 62 47 24.2
      vertex 2 47 24.2
    endloop
  endfacet
  facet normal 0 -1 -0
    outer loop
      vertex 62 47 24.2
      vertex 2 47 23.2
      vertex 62 47 23.2
    endloop
  endfacet
  facet normal 0 1 -0
    outer loop
      vertex 62 2 1.6
      vertex 2 2 20.2
      vertex 62 2 20.2
    endloop
  endfacet
  facet normal 0 1 0
    outer loop
      vertex 2 2 20.2
      vertex 62 2 1.6
      vertex 2 2 1.6
    endloop
  endfacet
  facet normal 0 1 -0
    outer loop
      vertex 62 2 23.2
      vertex 2 2 24.2
      vertex 62 2 24.2
    endloop
  endfacet
  facet normal 0 1 0
    outer loop
      vertex 2 2 24.2
      vertex 62 2 23.2
      vertex 2 2 23.2
    endloop
  endfacet
  facet normal -0 0 1
    outer loop
      vertex 0 17 2.2
      vertex 2 14 2.2
      vertex 2 17 2.2
    endloop
  endfacet
  facet normal 0 0 1
    outer loop
      vertex 2 14 2.2
      vertex 0 17 2.2
      vertex 0 14 2.2
    endloop
  endfacet
  facet normal 0 0 -1
    outer loop
      vertex 0 14 12.2
      vertex 2 17 12.2
      vertex 2 14 12.2
    endloop
  endfacet
  facet normal -0 0 -1
    outer loop
      vertex 2 17 12.2
      vertex 0 14 12.2
      vertex 0 17 12.2
    endloop
  endfacet
  facet normal 0 -1 0
    outer loop
      vertex 0 17 2.2
      vertex 2 17 12.2
      vertex 0 17 12.2
    endloop
  endfacet
  facet normal 0 -1 -0
    outer loop
      vertex 2 17 12.2
      vertex 0 17 2.2
      vertex 2 17 2.2
    endloop
  endfacet
  facet normal 0 1 -0
    outer loop
      vertex 2 14 2.2
      vertex 0 14 12.2
      vertex 2 14 12.2
    endloop
  endfacet
  facet normal 0 1 0
    outer loop
      vertex 0 14 12.2
      vertex 2 14 2.2
      vertex 0 14 2.2
    endloop
  endfacet
  facet normal -0 0 1
    outer loop
      vertex 0 36 0.2
      vertex 8 33 0.2
      vertex 8 36 0.2
    endloop
  endfacet
  facet normal 0 0 1
    outer loop
      vertex 8 33 0.2
      vertex 0 36 0.2
      vertex 0 33 0.2
    endloop
  endfacet
  facet normal -1 0 0
    outer loop
      vertex 8 33 0.2
      vertex 8 36 1.6
      vertex 8 36 0.2
    endloop
  endfacet
  facet normal -1 -0 0
    outer loop
      vertex 8 36 1.6
      vertex 8 33 0.2
      vertex 8 33 1.6
    endloop
  endfacet
  facet normal 0 0 -1
    outer loop
      vertex 0 33 14.2
      vertex 2 36 14.2
      vertex 2 33 14.2
    endloop
  endfacet
  facet normal -0 0 -1
    outer loop
      vertex 2 36 14.2
      vertex 0 33 14.2
      vertex 0 36 14.2
    endloop
  endfacet
  facet normal 0 -1 0
    outer loop
      vertex 0 36 14.2
      vertex 2 36 1.6
      vertex 2 36 14.2
    endloop
  endfacet
  facet normal 0 -1 0
    outer loop
      vertex 0 36 0.2
      vertex 2 36 1.6
      vertex 0 36 14.2
    endloop
  endfacet
  facet normal 0 -1 0
    outer loop
      vertex 8 36 0.2
      vertex 2 36 1.6
      vertex 0 36 0.2
    endloop
  endfacet
  facet normal 0 -1 0
    outer loop
      vertex 2 36 1.6
      vertex 8 36 0.2
      vertex 8 36 1.6
    endloop
  endfacet
  facet normal 0 1 0
    outer loop
      vertex 8 33 1.6
      vertex 8 33 0.2
      vertex 2 33 1.6
    endloop
  endfacet
  facet normal 0 1 -0
    outer loop
      vertex 2 33 1.6
      vertex 0 33 14.2
      vertex 2 33 14.2
    endloop
  endfacet
  facet normal 0 1 0
    outer loop
      vertex 2 33 1.6
      vertex 0 33 0.2
      vertex 0 33 14.2
    endloop
  endfacet
  facet normal 0 1 0
    outer loop
      vertex 0 33 0.2
      vertex 2 33 1.6
      vertex 8 33 0.2
    endloop
  endfacet
  facet normal -0 0 1
    outer loop
      vertex 0 21 0.2
      vertex 8 18 0.2
      vertex 8 21 0.2
    endloop
  endfacet
  facet normal 0 0 1
    outer loop
      vertex 8 18 0.2
      vertex 0 21 0.2
      vertex 0 18 0.2
    endloop
  endfacet
  facet normal -1 0 0
    outer loop
      vertex 8 18 0.2
      vertex 8 21 1.6
      vertex 8 21 0.2
    endloop
  endfacet
  facet normal -1 -0 0
    outer loop
      vertex 8 21 1.6
      vertex 8 18 0.2
      vertex 8 18 1.6
    endloop
  endfacet
  facet normal 0 0 -1
    outer loop
      vertex 0 18 14.2
      vertex 2 21 14.2
      vertex 2 18 14.2
    endloop
  endfacet
  facet normal -0 0 -1
    outer loop
      vertex 2 21 14.2
      vertex 0 18 14.2
      vertex 0 21 14.2
    endloop
  endfacet
  facet normal 0 1 0
    outer loop
      vertex 8 18 1.6
      vertex 8 18 0.2
      vertex 2 18 1.6
    endloop
  endfacet
  facet normal 0 1 -0
    outer loop
      vertex 2 18 1.6
      vertex 0 18 14.2
      vertex 2 18 14.2
    endloop
  endfacet
  facet normal 0 1 0
    outer loop
      vertex 2 18 1.6
      vertex 0 18 0.2
      vertex 0 18 14.2
    endloop
  endfacet
  facet normal 0 1 0
    outer loop
      vertex 0 18 0.2
      vertex 2 18 1.6
      vertex 8 18 0.2
    endloop
  endfacet
  facet normal 0 -1 0
    outer loop
      vertex 0 21 14.2
      vertex 2 21 1.6
      vertex 2 21 14.2
    endloop
  endfacet
  facet normal 0 -1 0
    outer loop
      vertex 0 21 0.2
      vertex 2 21 1.6
      vertex 0 21 14.2
    endloop
  endfacet
  facet normal 0 -1 0
    outer loop
      vertex 8 21 0.2
      vertex 2 21 1.6
      vertex 0 21 0.2
    endloop
  endfacet
  facet normal 0 -1 0
    outer loop
      vertex 2 21 1.6
      vertex 8 21 0.2
      vertex 8 21 1.6
    endloop
  endfacet
  facet normal 1 -0 0
    outer loop
      vertex 12 47 9.2
      vertex 12 49 6.2
      vertex 12 49 9.2
    endloop
  endfacet
  facet normal 1 0 0
    outer loop
      vertex 12 49 6.2
      vertex 12 47 9.2
      vertex 12 47 6.2
    endloop
  endfacet
  facet normal 0 0 -1
    outer loop
      vertex 12 47 9.2
      vertex 29 49 9.2
      vertex 29 47 9.2
    endloop
  endfacet
  facet normal -0 0 -1
    outer loop
      vertex 29 49 9.2
      vertex 12 47 9.2
      vertex 12 49 9.2
    endloop
  endfacet
  facet normal -0 0 1
    outer loop
      vertex 12 49 6.2
      vertex 29 47 6.2
      vertex 29 49 6.2
    endloop
  endfacet
  facet normal 0 0 1
    outer loop
      vertex 29 47 6.2
      vertex 12 49 6.2
      vertex 12 47 6.2
    endloop
  endfacet
  facet normal -1 0 0
    outer loop
      vertex 29 47 6.2
      vertex 29 49 9.2
      vertex 29 49 6.2
    endloop
  endfacet
  facet normal -1 -0 0
    outer loop
      vertex 29 49 9.2
      vertex 29 47 6.2
      vertex 29 47 9.2
    endloop
  endfacet
  facet normal 1 -0 0
    outer loop
      vertex 37 47 9.2
      vertex 37 49 6.2
      vertex 37 49 9.2
    endloop
  endfacet
  facet normal 1 0 0
    outer loop
      vertex 37 49 6.2
      vertex 37 47 9.2
      vertex 37 47 6.2
    endloop
  endfacet
  facet normal -0 0 1
    outer loop
      vertex 37 49 6.2
      vertex 55 47 6.2
      vertex 55 49 6.2
    endloop
  endfacet
  facet normal 0 0 1
    outer loop
      vertex 55 47 6.2
      vertex 37 49 6.2
      vertex 37 47 6.2
    endloop
  endfacet
  facet normal 0 0 -1
    outer loop
      vertex 37 47 9.2
      vertex 55 49 9.2
      vertex 55 47 9.2
    endloop
  endfacet
  facet normal -0 0 -1
    outer loop
      vertex 55 49 9.2
      vertex 37 47 9.2
      vertex 37 49 9.2
    endloop
  endfacet
  facet normal -1 0 0
    outer loop
      vertex 55 47 6.2
      vertex 55 49 9.2
      vertex 55 49 6.2
    endloop
  endfacet
  facet normal -1 -0 0
    outer loop
      vertex 55 49 9.2
      vertex 55 47 6.2
      vertex 55 47 9.2
    endloop
  endfacet
  facet normal 0 -1 0
    outer loop
      vertex 62 15 1.6
      vertex 64 15 9.6
      vertex 62 15 9.6
    endloop
  endfacet
  facet normal 0 -1 0
    outer loop
      vertex 64 15 0
      vertex 62 15 1.6
      vertex 62 15 0
    endloop
  endfacet
  facet normal 0 -1 0
    outer loop
      vertex 62 15 1.6
      vertex 64 15 0
      vertex 64 15 9.6
    endloop
  endfacet
  facet normal 0 1 0
    outer loop
      vertex 64 12 9.6
      vertex 62 12 1.6
      vertex 62 12 9.6
    endloop
  endfacet
  facet normal 0 1 -0
    outer loop
      vertex 64 12 0
      vertex 62 12 1.6
      vertex 64 12 9.6
    endloop
  endfacet
  facet normal 0 1 0
    outer loop
      vertex 62 12 1.6
      vertex 64 12 0
      vertex 62 12 0
    endloop
  endfacet
  facet normal 0 0 -1
    outer loop
      vertex 62 12 9.6
      vertex 64 15 9.6
      vertex 64 12 9.6
    endloop
  endfacet
  facet normal -0 0 -1
    outer loop
      vertex 64 15 9.6
      vertex 62 12 9.6
      vertex 62 15 9.6
    endloop
  endfacet
  facet normal -1 0 0
    outer loop
      vertex 62.6 1.4 20.2
      vertex 62.6 47.6 23.2
      vertex 62.6 47.6 20.2
    endloop
  endfacet
  facet normal -1 -0 0
    outer loop
      vertex 62.6 47.6 23.2
      vertex 62.6 1.4 20.2
      vertex 62.6 1.4 23.2
    endloop
  endfacet
  facet normal 0 0 -1
    outer loop
      vertex 62.6 1.4 23.2
      vertex 62 2 23.2
      vertex 62.6 47.6 23.2
    endloop
  endfacet
  facet normal 0 0 -1
    outer loop
      vertex 62.6 1.4 23.2
      vertex 2 2 23.2
      vertex 62 2 23.2
    endloop
  endfacet
  facet normal -0 0 -1
    outer loop
      vertex 2 2 23.2
      vertex 1.4 1.4 23.2
      vertex 2 47 23.2
    endloop
  endfacet
  facet normal 0 0 -1
    outer loop
      vertex 1.4 1.4 23.2
      vertex 2 2 23.2
      vertex 62.6 1.4 23.2
    endloop
  endfacet
  facet normal 0 0 -1
    outer loop
      vertex 62 47 23.2
      vertex 62.6 47.6 23.2
      vertex 62 2 23.2
    endloop
  endfacet
  facet normal 0 0 -1
    outer loop
      vertex 2 47 23.2
      vertex 62.6 47.6 23.2
      vertex 62 47 23.2
    endloop
  endfacet
  facet normal 0 0 -1
    outer loop
      vertex 2 47 23.2
      vertex 1.4 47.6 23.2
      vertex 62.6 47.6 23.2
    endloop
  endfacet
  facet normal 0 0 -1
    outer loop
      vertex 1.4 47.6 23.2
      vertex 2 47 23.2
      vertex 1.4 1.4 23.2
    endloop
  endfacet
  facet normal 0 0 1
    outer loop
      vertex 62.6 47.6 20.2
      vertex 62 47 20.2
      vertex 62.6 1.4 20.2
    endloop
  endfacet
  facet normal 0 0 1
    outer loop
      vertex 62.6 47.6 20.2
      vertex 2 47 20.2
      vertex 62 47 20.2
    endloop
  endfacet
  facet normal 0 0 1
    outer loop
      vertex 2 47 20.2
      vertex 1.4 47.6 20.2
      vertex 2 2 20.2
    endloop
  endfacet
  facet normal -0 0 1
    outer loop
      vertex 1.4 47.6 20.2
      vertex 2 47 20.2
      vertex 62.6 47.6 20.2
    endloop
  endfacet
  facet normal -0 0 1
    outer loop
      vertex 62 2 20.2
      vertex 62.6 1.4 20.2
      vertex 62 47 20.2
    endloop
  endfacet
  facet normal -0 0 1
    outer loop
      vertex 2 2 20.2
      vertex 62.6 1.4 20.2
      vertex 62 2 20.2
    endloop
  endfacet
  facet normal 0 0 1
    outer loop
      vertex 2 2 20.2
      vertex 1.4 1.4 20.2
      vertex 62.6 1.4 20.2
    endloop
  endfacet
  facet normal 0 0 1
    outer loop
      vertex 1.4 1.4 20.2
      vertex 2 2 20.2
      vertex 1.4 47.6 20.2
    endloop
  endfacet
  facet normal 1 -0 0
    outer loop
      vertex 1.4 1.4 23.2
      vertex 1.4 47.6 20.2
      vertex 1.4 47.6 23.2
    endloop
  endfacet
  facet normal 1 0 0
    outer loop
      vertex 1.4 47.6 20.2
      vertex 1.4 1.4 23.2
      vertex 1.4 1.4 20.2
    endloop
  endfacet
  facet normal 0 -1 0
    outer loop
      vertex 1.4 47.6 20.2
      vertex 62.6 47.6 23.2
      vertex 1.4 47.6 23.2
    endloop
  endfacet
  facet normal 0 -1 -0
    outer loop
      vertex 62.6 47.6 23.2
      vertex 1.4 47.6 20.2
      vertex 62.6 47.6 20.2
    endloop
  endfacet
  facet normal 0 1 -0
    outer loop
      vertex 62.6 1.4 20.2
      vertex 1.4 1.4 23.2
      vertex 62.6 1.4 23.2
    endloop
  endfacet
  facet normal 0 1 0
    outer loop
      vertex 1.4 1.4 23.2
      vertex 62.6 1.4 20.2
      vertex 1.4 1.4 20.2
    endloop
  endfacet
  facet normal 0.980785 0.195093 -1.07661e-18
    outer loop
      vertex 8.47861 6.32631 4.6
      vertex 8.41481 6.64705 1.6
      vertex 8.41481 6.64705 4.6
    endloop
  endfacet
  facet normal 0.980785 0.195093 -1.07661e-18
    outer loop
      vertex 8.41481 6.64705 1.6
      vertex 8.47861 6.32631 4.6
      vertex 8.47861 6.32631 1.6
    endloop
  endfacet
  facet normal 0.997858 0.0654108 4.37255e-19
    outer loop
      vertex 8.5 6 4.6
      vertex 8.47861 6.32631 1.6
      vertex 8.47861 6.32631 4.6
    endloop
  endfacet
  facet normal 0.997858 0.0654108 4.37255e-19
    outer loop
      vertex 8.47861 6.32631 1.6
      vertex 8.5 6 4.6
      vertex 8.5 6 1.6
    endloop
  endfacet
  facet normal -0.946935 0.321425 3.37697e-18
    outer loop
      vertex 3.58519 6.64705 1.6
      vertex 3.6903 6.95671 4.6
      vertex 3.6903 6.95671 1.6
    endloop
  endfacet
  facet normal -0.946935 0.321425 3.37697e-18
    outer loop
      vertex 3.6903 6.95671 4.6
      vertex 3.58519 6.64705 1.6
      vertex 3.58519 6.64705 4.6
    endloop
  endfacet
  facet normal -0.997858 -0.0654108 -3.84352e-19
    outer loop
      vertex 3.52139 5.67369 1.6
      vertex 3.5 6 4.6
      vertex 3.5 6 1.6
    endloop
  endfacet
  facet normal -0.997858 -0.0654108 -3.84352e-19
    outer loop
      vertex 3.5 6 4.6
      vertex 3.52139 5.67369 1.6
      vertex 3.52139 5.67369 4.6
    endloop
  endfacet
  facet normal -0.555575 -0.831466 0
    outer loop
      vertex 4.4781 4.01662 1.6
      vertex 4.75 3.83494 4.6
      vertex 4.4781 4.01662 4.6
    endloop
  endfacet
  facet normal -0.555575 -0.831466 -0
    outer loop
      vertex 4.75 3.83494 4.6
      vertex 4.4781 4.01662 1.6
      vertex 4.75 3.83494 1.6
    endloop
  endfacet
  facet normal -0.751858 0.659325 -1.02217e-18
    outer loop
      vertex 4.01662 7.5219 1.6
      vertex 4.23223 7.76777 4.6
      vertex 4.23223 7.76777 1.6
    endloop
  endfacet
  facet normal -0.751858 0.659325 -1.02217e-18
    outer loop
      vertex 4.23223 7.76777 4.6
      vertex 4.01662 7.5219 1.6
      vertex 4.01662 7.5219 4.6
    endloop
  endfacet
  facet normal -0.831466 0.555575 -2.06211e-18
    outer loop
      vertex 3.83494 7.25 1.6
      vertex 4.01662 7.5219 4.6
      vertex 4.01662 7.5219 1.6
    endloop
  endfacet
  facet normal -0.831466 0.555575 -2.06211e-18
    outer loop
      vertex 4.01662 7.5219 4.6
      vertex 3.83494 7.25 1.6
      vertex 3.83494 7.25 4.6
    endloop
  endfacet
  facet normal -0.442302 -0.896866 0
    outer loop
      vertex 4.75 3.83494 1.6
      vertex 5.04329 3.6903 4.6
      vertex 4.75 3.83494 4.6
    endloop
  endfacet
  facet normal -0.442302 -0.896866 -0
    outer loop
      vertex 5.04329 3.6903 4.6
      vertex 4.75 3.83494 1.6
      vertex 5.04329 3.6903 1.6
    endloop
  endfacet
  facet normal -0.442302 0.896866 0
    outer loop
      vertex 5.04329 8.3097 1.6
      vertex 4.75 8.16506 4.6
      vertex 5.04329 8.3097 4.6
    endloop
  endfacet
  facet normal -0.442302 0.896866 0
    outer loop
      vertex 4.75 8.16506 4.6
      vertex 5.04329 8.3097 1.6
      vertex 4.75 8.16506 1.6
    endloop
  endfacet
  facet normal 0.751858 0.659325 1.02217e-18
    outer loop
      vertex 7.98338 7.5219 4.6
      vertex 7.76777 7.76777 1.6
      vertex 7.76777 7.76777 4.6
    endloop
  endfacet
  facet normal 0.751858 0.659325 1.02217e-18
    outer loop
      vertex 7.76777 7.76777 1.6
      vertex 7.98338 7.5219 4.6
      vertex 7.98338 7.5219 1.6
    endloop
  endfacet
  facet normal 0.946935 0.321425 2.41045e-18
    outer loop
      vertex 8.41481 6.64705 4.6
      vertex 8.3097 6.95671 1.6
      vertex 8.3097 6.95671 4.6
    endloop
  endfacet
  facet normal 0.946935 0.321425 2.41045e-18
    outer loop
      vertex 8.3097 6.95671 1.6
      vertex 8.41481 6.64705 4.6
      vertex 8.41481 6.64705 1.6
    endloop
  endfacet
  facet normal 0.442302 0.896866 -0
    outer loop
      vertex 7.25 8.16506 1.6
      vertex 6.95671 8.3097 4.6
      vertex 7.25 8.16506 4.6
    endloop
  endfacet
  facet normal 0.442302 0.896866 0
    outer loop
      vertex 6.95671 8.3097 4.6
      vertex 7.25 8.16506 1.6
      vertex 6.95671 8.3097 1.6
    endloop
  endfacet
  facet normal 0.997858 -0.0654108 -4.37255e-19
    outer loop
      vertex 8.47861 5.67369 4.6
      vertex 8.5 6 1.6
      vertex 8.5 6 4.6
    endloop
  endfacet
  facet normal 0.997858 -0.0654108 -4.37255e-19
    outer loop
      vertex 8.5 6 1.6
      vertex 8.47861 5.67369 4.6
      vertex 8.47861 5.67369 1.6
    endloop
  endfacet
  facet normal 0.442302 -0.896866 0
    outer loop
      vertex 6.95671 3.6903 1.6
      vertex 7.25 3.83494 4.6
      vertex 6.95671 3.6903 4.6
    endloop
  endfacet
  facet normal 0.442302 -0.896866 0
    outer loop
      vertex 7.25 3.83494 4.6
      vertex 6.95671 3.6903 1.6
      vertex 7.25 3.83494 1.6
    endloop
  endfacet
  facet normal -0.321425 0.946935 0
    outer loop
      vertex 5.35295 8.41481 1.6
      vertex 5.04329 8.3097 4.6
      vertex 5.35295 8.41481 4.6
    endloop
  endfacet
  facet normal -0.321425 0.946935 0
    outer loop
      vertex 5.04329 8.3097 4.6
      vertex 5.35295 8.41481 1.6
      vertex 5.04329 8.3097 1.6
    endloop
  endfacet
  facet normal 0.0654108 -0.997858 0
    outer loop
      vertex 6 3.5 1.6
      vertex 6.32631 3.52139 4.6
      vertex 6 3.5 4.6
    endloop
  endfacet
  facet normal 0.0654108 -0.997858 0
    outer loop
      vertex 6.32631 3.52139 4.6
      vertex 6 3.5 1.6
      vertex 6.32631 3.52139 1.6
    endloop
  endfacet
  facet normal 0.0654108 0.997858 -0
    outer loop
      vertex 6.32631 8.47861 1.6
      vertex 6 8.5 4.6
      vertex 6.32631 8.47861 4.6
    endloop
  endfacet
  facet normal 0.0654108 0.997858 0
    outer loop
      vertex 6 8.5 4.6
      vertex 6.32631 8.47861 1.6
      vertex 6 8.5 1.6
    endloop
  endfacet
  facet normal -0.946935 -0.321425 -3.37697e-18
    outer loop
      vertex 3.6903 5.04329 1.6
      vertex 3.58519 5.35295 4.6
      vertex 3.58519 5.35295 1.6
    endloop
  endfacet
  facet normal -0.946935 -0.321425 -3.37697e-18
    outer loop
      vertex 3.58519 5.35295 4.6
      vertex 3.6903 5.04329 1.6
      vertex 3.6903 5.04329 4.6
    endloop
  endfacet
  facet normal -0.195093 0.980785 0
    outer loop
      vertex 5.67369 8.47861 1.6
      vertex 5.35295 8.41481 4.6
      vertex 5.67369 8.47861 4.6
    endloop
  endfacet
  facet normal -0.195093 0.980785 0
    outer loop
      vertex 5.35295 8.41481 4.6
      vertex 5.67369 8.47861 1.6
      vertex 5.35295 8.41481 1.6
    endloop
  endfacet
  facet normal 0.659325 0.751858 -0
    outer loop
      vertex 7.76777 7.76777 1.6
      vertex 7.5219 7.98338 4.6
      vertex 7.76777 7.76777 4.6
    endloop
  endfacet
  facet normal 0.659325 0.751858 0
    outer loop
      vertex 7.5219 7.98338 4.6
      vertex 7.76777 7.76777 1.6
      vertex 7.5219 7.98338 1.6
    endloop
  endfacet
  facet normal -0.997858 0.0654108 3.84352e-19
    outer loop
      vertex 3.5 6 1.6
      vertex 3.52139 6.32631 4.6
      vertex 3.52139 6.32631 1.6
    endloop
  endfacet
  facet normal -0.997858 0.0654108 3.84352e-19
    outer loop
      vertex 3.52139 6.32631 4.6
      vertex 3.5 6 1.6
      vertex 3.5 6 4.6
    endloop
  endfacet
  facet normal 0.896866 0.442302 9.23201e-19
    outer loop
      vertex 8.3097 6.95671 4.6
      vertex 8.16506 7.25 1.6
      vertex 8.16506 7.25 4.6
    endloop
  endfacet
  facet normal 0.896866 0.442302 9.23201e-19
    outer loop
      vertex 8.16506 7.25 1.6
      vertex 8.3097 6.95671 4.6
      vertex 8.3097 6.95671 1.6
    endloop
  endfacet
  facet normal 0.946935 -0.321425 -2.41045e-18
    outer loop
      vertex 8.3097 5.04329 4.6
      vertex 8.41481 5.35295 1.6
      vertex 8.41481 5.35295 4.6
    endloop
  endfacet
  facet normal 0.946935 -0.321425 -2.41045e-18
    outer loop
      vertex 8.41481 5.35295 1.6
      vertex 8.3097 5.04329 4.6
      vertex 8.3097 5.04329 1.6
    endloop
  endfacet
  facet normal 0.321425 -0.946935 0
    outer loop
      vertex 6.64705 3.58519 1.6
      vertex 6.95671 3.6903 4.6
      vertex 6.64705 3.58519 4.6
    endloop
  endfacet
  facet normal 0.321425 -0.946935 0
    outer loop
      vertex 6.95671 3.6903 4.6
      vertex 6.64705 3.58519 1.6
      vertex 6.95671 3.6903 1.6
    endloop
  endfacet
  facet normal 0.831466 0.555575 -7.78409e-19
    outer loop
      vertex 8.16506 7.25 4.6
      vertex 7.98338 7.5219 1.6
      vertex 7.98338 7.5219 4.6
    endloop
  endfacet
  facet normal 0.831466 0.555575 -7.78409e-19
    outer loop
      vertex 7.98338 7.5219 1.6
      vertex 8.16506 7.25 4.6
      vertex 8.16506 7.25 1.6
    endloop
  endfacet
  facet normal -0.980785 -0.195093 -8.831e-19
    outer loop
      vertex 3.58519 5.35295 1.6
      vertex 3.52139 5.67369 4.6
      vertex 3.52139 5.67369 1.6
    endloop
  endfacet
  facet normal -0.980785 -0.195093 -8.831e-19
    outer loop
      vertex 3.52139 5.67369 4.6
      vertex 3.58519 5.35295 1.6
      vertex 3.58519 5.35295 4.6
    endloop
  endfacet
  facet normal 0.751858 -0.659325 -1.02217e-18
    outer loop
      vertex 7.76777 4.23223 4.6
      vertex 7.98338 4.4781 1.6
      vertex 7.98338 4.4781 4.6
    endloop
  endfacet
  facet normal 0.751858 -0.659325 -1.02217e-18
    outer loop
      vertex 7.98338 4.4781 1.6
      vertex 7.76777 4.23223 4.6
      vertex 7.76777 4.23223 1.6
    endloop
  endfacet
  facet normal 0 0 -1
    outer loop
      vertex 8.47861 5.67369 1.6
      vertex 7.23931 5.83684 1.6
      vertex 7.25 6 1.6
    endloop
  endfacet
  facet normal 0 0 -1
    outer loop
      vertex 7.5219 4.01662 1.6
      vertex 7.20741 5.67648 1.6
      vertex 7.23931 5.83684 1.6
    endloop
  endfacet
  facet normal 0 0 -1
    outer loop
      vertex 7.5219 4.01662 1.6
      vertex 7.15485 5.52165 1.6
      vertex 7.20741 5.67648 1.6
    endloop
  endfacet
  facet normal 0 0 -1
    outer loop
      vertex 7.5219 4.01662 1.6
      vertex 7.08253 5.375 1.6
      vertex 7.15485 5.52165 1.6
    endloop
  endfacet
  facet normal 0 0 -1
    outer loop
      vertex 7.5219 4.01662 1.6
      vertex 6.99169 5.23905 1.6
      vertex 7.08253 5.375 1.6
    endloop
  endfacet
  facet normal 0 0 -1
    outer loop
      vertex 6.625 4.91747 1.6
      vertex 7.25 3.83494 1.6
      vertex 6.95671 3.6903 1.6
    endloop
  endfacet
  facet normal 0 0 -1
    outer loop
      vertex 7.5219 4.01662 1.6
      vertex 6.88388 5.11612 1.6
      vertex 6.99169 5.23905 1.6
    endloop
  endfacet
  facet normal 0 0 -1
    outer loop
      vertex 7.5219 4.01662 1.6
      vertex 6.76095 5.00831 1.6
      vertex 6.88388 5.11612 1.6
    endloop
  endfacet
  facet normal 0 0 -1
    outer loop
      vertex 6.47835 4.84515 1.6
      vertex 6.95671 3.6903 1.6
      vertex 6.64705 3.58519 1.6
    endloop
  endfacet
  facet normal 0 0 -1
    outer loop
      vertex 7.25 3.83494 1.6
      vertex 6.625 4.91747 1.6
      vertex 6.76095 5.00831 1.6
    endloop
  endfacet
  facet normal 0 0 -1
    outer loop
      vertex 6.95671 3.6903 1.6
      vertex 6.47835 4.84515 1.6
      vertex 6.625 4.91747 1.6
    endloop
  endfacet
  facet normal 0 0 -1
    outer loop
      vertex 6.32352 4.79259 1.6
      vertex 6.64705 3.58519 1.6
      vertex 6.32631 3.52139 1.6
    endloop
  endfacet
  facet normal 0 0 -1
    outer loop
      vertex 6.64705 3.58519 1.6
      vertex 6.32352 4.79259 1.6
      vertex 6.47835 4.84515 1.6
    endloop
  endfacet
  facet normal 0 0 -1
    outer loop
      vertex 6.32631 3.52139 1.6
      vertex 6.16316 4.76069 1.6
      vertex 6.32352 4.79259 1.6
    endloop
  endfacet
  facet normal 0 0 -1
    outer loop
      vertex 6 3.5 1.6
      vertex 6.16316 4.76069 1.6
      vertex 6.32631 3.52139 1.6
    endloop
  endfacet
  facet normal 0 0 -1
    outer loop
      vertex 6 3.5 1.6
      vertex 6 4.75 1.6
      vertex 6.16316 4.76069 1.6
    endloop
  endfacet
  facet normal 0 0 -1
    outer loop
      vertex 6 3.5 1.6
      vertex 5.83684 4.76069 1.6
      vertex 6 4.75 1.6
    endloop
  endfacet
  facet normal 0 0 -1
    outer loop
      vertex 5.67369 3.52139 1.6
      vertex 5.83684 4.76069 1.6
      vertex 6 3.5 1.6
    endloop
  endfacet
  facet normal -0 0 -1
    outer loop
      vertex 5.83684 4.76069 1.6
      vertex 5.67369 3.52139 1.6
      vertex 5.67648 4.79259 1.6
    endloop
  endfacet
  facet normal 0 0 -1
    outer loop
      vertex 5.35295 3.58519 1.6
      vertex 5.67648 4.79259 1.6
      vertex 5.67369 3.52139 1.6
    endloop
  endfacet
  facet normal -0 0 -1
    outer loop
      vertex 5.67648 4.79259 1.6
      vertex 5.35295 3.58519 1.6
      vertex 5.52165 4.84515 1.6
    endloop
  endfacet
  facet normal 0 0 -1
    outer loop
      vertex 5.04329 3.6903 1.6
      vertex 5.52165 4.84515 1.6
      vertex 5.35295 3.58519 1.6
    endloop
  endfacet
  facet normal -0 0 -1
    outer loop
      vertex 5.52165 4.84515 1.6
      vertex 5.04329 3.6903 1.6
      vertex 5.375 4.91747 1.6
    endloop
  endfacet
  facet normal 0 0 -1
    outer loop
      vertex 4.75 3.83494 1.6
      vertex 5.375 4.91747 1.6
      vertex 5.04329 3.6903 1.6
    endloop
  endfacet
  facet normal -0 0 -1
    outer loop
      vertex 5.375 4.91747 1.6
      vertex 4.75 3.83494 1.6
      vertex 5.23905 5.00831 1.6
    endloop
  endfacet
  facet normal 0 0 -1
    outer loop
      vertex 4.4781 4.01662 1.6
      vertex 5.23905 5.00831 1.6
      vertex 4.75 3.83494 1.6
    endloop
  endfacet
  facet normal -0 0 -1
    outer loop
      vertex 5.23905 5.00831 1.6
      vertex 4.4781 4.01662 1.6
      vertex 5.11612 5.11612 1.6
    endloop
  endfacet
  facet normal 0 0 -1
    outer loop
      vertex 4.23223 4.23223 1.6
      vertex 5.11612 5.11612 1.6
      vertex 4.4781 4.01662 1.6
    endloop
  endfacet
  facet normal -0 0 -1
    outer loop
      vertex 5.11612 5.11612 1.6
      vertex 4.23223 4.23223 1.6
      vertex 5.00831 5.23905 1.6
    endloop
  endfacet
  facet normal 0 0 -1
    outer loop
      vertex 4.01662 4.4781 1.6
      vertex 5.00831 5.23905 1.6
      vertex 4.23223 4.23223 1.6
    endloop
  endfacet
  facet normal -0 0 -1
    outer loop
      vertex 5.00831 5.23905 1.6
      vertex 4.01662 4.4781 1.6
      vertex 4.91747 5.375 1.6
    endloop
  endfacet
  facet normal 0 0 -1
    outer loop
      vertex 3.83494 4.75 1.6
      vertex 4.91747 5.375 1.6
      vertex 4.01662 4.4781 1.6
    endloop
  endfacet
  facet normal -0 0 -1
    outer loop
      vertex 4.91747 5.375 1.6
      vertex 3.83494 4.75 1.6
      vertex 4.84515 5.52165 1.6
    endloop
  endfacet
  facet normal 0 0 -1
    outer loop
      vertex 3.6903 5.04329 1.6
      vertex 4.84515 5.52165 1.6
      vertex 3.83494 4.75 1.6
    endloop
  endfacet
  facet normal 0 0 -1
    outer loop
      vertex 4.75 6 1.6
      vertex 4.4781 7.98338 1.6
      vertex 4.75 8.16506 1.6
    endloop
  endfacet
  facet normal -0 0 -1
    outer loop
      vertex 4.84515 5.52165 1.6
      vertex 3.6903 5.04329 1.6
      vertex 4.79259 5.67648 1.6
    endloop
  endfacet
  facet normal 0 0 -1
    outer loop
      vertex 4.75 6 1.6
      vertex 4.23223 7.76777 1.6
      vertex 4.4781 7.98338 1.6
    endloop
  endfacet
  facet normal 0 0 -1
    outer loop
      vertex 3.58519 5.35295 1.6
      vertex 4.79259 5.67648 1.6
      vertex 3.6903 5.04329 1.6
    endloop
  endfacet
  facet normal 0 0 -1
    outer loop
      vertex 4.75 6 1.6
      vertex 4.01662 7.5219 1.6
      vertex 4.23223 7.76777 1.6
    endloop
  endfacet
  facet normal -0 0 -1
    outer loop
      vertex 4.79259 5.67648 1.6
      vertex 3.58519 5.35295 1.6
      vertex 4.76069 5.83684 1.6
    endloop
  endfacet
  facet normal 0 0 -1
    outer loop
      vertex 4.75 6 1.6
      vertex 3.83494 7.25 1.6
      vertex 4.01662 7.5219 1.6
    endloop
  endfacet
  facet normal 0 0 -1
    outer loop
      vertex 3.52139 5.67369 1.6
      vertex 4.76069 5.83684 1.6
      vertex 3.58519 5.35295 1.6
    endloop
  endfacet
  facet normal 0 0 -1
    outer loop
      vertex 4.75 6 1.6
      vertex 3.6903 6.95671 1.6
      vertex 3.83494 7.25 1.6
    endloop
  endfacet
  facet normal -0 0 -1
    outer loop
      vertex 4.76069 5.83684 1.6
      vertex 3.52139 5.67369 1.6
      vertex 4.75 6 1.6
    endloop
  endfacet
  facet normal 0 0 -1
    outer loop
      vertex 4.75 6 1.6
      vertex 3.58519 6.64705 1.6
      vertex 3.6903 6.95671 1.6
    endloop
  endfacet
  facet normal 0 0 -1
    outer loop
      vertex 3.5 6 1.6
      vertex 4.75 6 1.6
      vertex 3.52139 5.67369 1.6
    endloop
  endfacet
  facet normal 0 0 -1
    outer loop
      vertex 4.75 6 1.6
      vertex 3.52139 6.32631 1.6
      vertex 3.58519 6.64705 1.6
    endloop
  endfacet
  facet normal 0 0 -1
    outer loop
      vertex 4.75 6 1.6
      vertex 3.5 6 1.6
      vertex 3.52139 6.32631 1.6
    endloop
  endfacet
  facet normal 0 0 -1
    outer loop
      vertex 7.25 6 1.6
      vertex 8.5 6 1.6
      vertex 8.47861 5.67369 1.6
    endloop
  endfacet
  facet normal 0 0 -1
    outer loop
      vertex 7.23931 5.83684 1.6
      vertex 8.47861 5.67369 1.6
      vertex 8.41481 5.35295 1.6
    endloop
  endfacet
  facet normal 0 0 -1
    outer loop
      vertex 8.5 6 1.6
      vertex 7.25 6 1.6
      vertex 8.47861 6.32631 1.6
    endloop
  endfacet
  facet normal 0 0 -1
    outer loop
      vertex 7.23931 5.83684 1.6
      vertex 8.41481 5.35295 1.6
      vertex 8.3097 5.04329 1.6
    endloop
  endfacet
  facet normal 0 0 -1
    outer loop
      vertex 7.23931 6.16316 1.6
      vertex 8.47861 6.32631 1.6
      vertex 7.25 6 1.6
    endloop
  endfacet
  facet normal 0 0 -1
    outer loop
      vertex 7.23931 5.83684 1.6
      vertex 8.3097 5.04329 1.6
      vertex 8.16506 4.75 1.6
    endloop
  endfacet
  facet normal -0 0 -1
    outer loop
      vertex 8.47861 6.32631 1.6
      vertex 7.23931 6.16316 1.6
      vertex 8.41481 6.64705 1.6
    endloop
  endfacet
  facet normal 0 0 -1
    outer loop
      vertex 7.23931 5.83684 1.6
      vertex 8.16506 4.75 1.6
      vertex 7.98338 4.4781 1.6
    endloop
  endfacet
  facet normal 0 0 -1
    outer loop
      vertex 7.20741 6.32352 1.6
      vertex 8.41481 6.64705 1.6
      vertex 7.23931 6.16316 1.6
    endloop
  endfacet
  facet normal 0 0 -1
    outer loop
      vertex 7.23931 5.83684 1.6
      vertex 7.98338 4.4781 1.6
      vertex 7.76777 4.23223 1.6
    endloop
  endfacet
  facet normal -0 0 -1
    outer loop
      vertex 8.41481 6.64705 1.6
      vertex 7.20741 6.32352 1.6
      vertex 8.3097 6.95671 1.6
    endloop
  endfacet
  facet normal 0 0 -1
    outer loop
      vertex 7.23931 5.83684 1.6
      vertex 7.76777 4.23223 1.6
      vertex 7.5219 4.01662 1.6
    endloop
  endfacet
  facet normal 0 0 -1
    outer loop
      vertex 7.15485 6.47835 1.6
      vertex 8.3097 6.95671 1.6
      vertex 7.20741 6.32352 1.6
    endloop
  endfacet
  facet normal 0 0 -1
    outer loop
      vertex 6.76095 5.00831 1.6
      vertex 7.5219 4.01662 1.6
      vertex 7.25 3.83494 1.6
    endloop
  endfacet
  facet normal -0 0 -1
    outer loop
      vertex 8.3097 6.95671 1.6
      vertex 7.15485 6.47835 1.6
      vertex 8.16506 7.25 1.6
    endloop
  endfacet
  facet normal 0 0 -1
    outer loop
      vertex 7.08253 6.625 1.6
      vertex 8.16506 7.25 1.6
      vertex 7.15485 6.47835 1.6
    endloop
  endfacet
  facet normal -0 0 -1
    outer loop
      vertex 8.16506 7.25 1.6
      vertex 7.08253 6.625 1.6
      vertex 7.98338 7.5219 1.6
    endloop
  endfacet
  facet normal 0 0 -1
    outer loop
      vertex 6.99169 6.76095 1.6
      vertex 7.98338 7.5219 1.6
      vertex 7.08253 6.625 1.6
    endloop
  endfacet
  facet normal -0 0 -1
    outer loop
      vertex 7.98338 7.5219 1.6
      vertex 6.99169 6.76095 1.6
      vertex 7.76777 7.76777 1.6
    endloop
  endfacet
  facet normal 0 0 -1
    outer loop
      vertex 6.88388 6.88388 1.6
      vertex 7.76777 7.76777 1.6
      vertex 6.99169 6.76095 1.6
    endloop
  endfacet
  facet normal -0 0 -1
    outer loop
      vertex 7.76777 7.76777 1.6
      vertex 6.88388 6.88388 1.6
      vertex 7.5219 7.98338 1.6
    endloop
  endfacet
  facet normal 0 0 -1
    outer loop
      vertex 6.76095 6.99169 1.6
      vertex 7.5219 7.98338 1.6
      vertex 6.88388 6.88388 1.6
    endloop
  endfacet
  facet normal -0 0 -1
    outer loop
      vertex 7.5219 7.98338 1.6
      vertex 6.76095 6.99169 1.6
      vertex 7.25 8.16506 1.6
    endloop
  endfacet
  facet normal 0 0 -1
    outer loop
      vertex 6.625 7.08253 1.6
      vertex 7.25 8.16506 1.6
      vertex 6.76095 6.99169 1.6
    endloop
  endfacet
  facet normal -0 0 -1
    outer loop
      vertex 7.25 8.16506 1.6
      vertex 6.625 7.08253 1.6
      vertex 6.95671 8.3097 1.6
    endloop
  endfacet
  facet normal 0 0 -1
    outer loop
      vertex 6.47835 7.15485 1.6
      vertex 6.95671 8.3097 1.6
      vertex 6.625 7.08253 1.6
    endloop
  endfacet
  facet normal -0 0 -1
    outer loop
      vertex 6.95671 8.3097 1.6
      vertex 6.47835 7.15485 1.6
      vertex 6.64705 8.41481 1.6
    endloop
  endfacet
  facet normal 0 0 -1
    outer loop
      vertex 6.32352 7.20741 1.6
      vertex 6.64705 8.41481 1.6
      vertex 6.47835 7.15485 1.6
    endloop
  endfacet
  facet normal -0 0 -1
    outer loop
      vertex 6.64705 8.41481 1.6
      vertex 6.32352 7.20741 1.6
      vertex 6.32631 8.47861 1.6
    endloop
  endfacet
  facet normal 0 0 -1
    outer loop
      vertex 6.16316 7.23931 1.6
      vertex 6.32631 8.47861 1.6
      vertex 6.32352 7.20741 1.6
    endloop
  endfacet
  facet normal 0 0 -1
    outer loop
      vertex 6 7.25 1.6
      vertex 6.32631 8.47861 1.6
      vertex 6.16316 7.23931 1.6
    endloop
  endfacet
  facet normal 0 0 -1
    outer loop
      vertex 6 7.25 1.6
      vertex 6 8.5 1.6
      vertex 6.32631 8.47861 1.6
    endloop
  endfacet
  facet normal 0 0 -1
    outer loop
      vertex 5.83684 7.23931 1.6
      vertex 6 8.5 1.6
      vertex 6 7.25 1.6
    endloop
  endfacet
  facet normal 0 0 -1
    outer loop
      vertex 5.67369 8.47861 1.6
      vertex 5.83684 7.23931 1.6
      vertex 5.67648 7.20741 1.6
    endloop
  endfacet
  facet normal 0 0 -1
    outer loop
      vertex 5.83684 7.23931 1.6
      vertex 5.67369 8.47861 1.6
      vertex 6 8.5 1.6
    endloop
  endfacet
  facet normal 0 0 -1
    outer loop
      vertex 5.35295 8.41481 1.6
      vertex 5.67648 7.20741 1.6
      vertex 5.52165 7.15485 1.6
    endloop
  endfacet
  facet normal 0 0 -1
    outer loop
      vertex 5.04329 8.3097 1.6
      vertex 5.52165 7.15485 1.6
      vertex 5.375 7.08253 1.6
    endloop
  endfacet
  facet normal 0 0 -1
    outer loop
      vertex 5.67648 7.20741 1.6
      vertex 5.35295 8.41481 1.6
      vertex 5.67369 8.47861 1.6
    endloop
  endfacet
  facet normal 0 0 -1
    outer loop
      vertex 4.75 8.16506 1.6
      vertex 5.375 7.08253 1.6
      vertex 5.23905 6.99169 1.6
    endloop
  endfacet
  facet normal 0 0 -1
    outer loop
      vertex 4.75 8.16506 1.6
      vertex 5.23905 6.99169 1.6
      vertex 5.11612 6.88388 1.6
    endloop
  endfacet
  facet normal 0 0 -1
    outer loop
      vertex 5.52165 7.15485 1.6
      vertex 5.04329 8.3097 1.6
      vertex 5.35295 8.41481 1.6
    endloop
  endfacet
  facet normal 0 0 -1
    outer loop
      vertex 4.75 8.16506 1.6
      vertex 5.11612 6.88388 1.6
      vertex 5.00831 6.76095 1.6
    endloop
  endfacet
  facet normal 0 0 -1
    outer loop
      vertex 4.75 8.16506 1.6
      vertex 5.00831 6.76095 1.6
      vertex 4.91747 6.625 1.6
    endloop
  endfacet
  facet normal 0 0 -1
    outer loop
      vertex 4.75 8.16506 1.6
      vertex 4.91747 6.625 1.6
      vertex 4.84515 6.47835 1.6
    endloop
  endfacet
  facet normal 0 0 -1
    outer loop
      vertex 4.75 8.16506 1.6
      vertex 4.84515 6.47835 1.6
      vertex 4.79259 6.32352 1.6
    endloop
  endfacet
  facet normal 0 0 -1
    outer loop
      vertex 4.75 8.16506 1.6
      vertex 4.79259 6.32352 1.6
      vertex 4.76069 6.16316 1.6
    endloop
  endfacet
  facet normal 0 0 -1
    outer loop
      vertex 5.375 7.08253 1.6
      vertex 4.75 8.16506 1.6
      vertex 5.04329 8.3097 1.6
    endloop
  endfacet
  facet normal 0 0 -1
    outer loop
      vertex 4.75 8.16506 1.6
      vertex 4.76069 6.16316 1.6
      vertex 4.75 6 1.6
    endloop
  endfacet
  facet normal 0.555575 -0.831466 0
    outer loop
      vertex 7.25 3.83494 1.6
      vertex 7.5219 4.01662 4.6
      vertex 7.25 3.83494 4.6
    endloop
  endfacet
  facet normal 0.555575 -0.831466 0
    outer loop
      vertex 7.5219 4.01662 4.6
      vertex 7.25 3.83494 1.6
      vertex 7.5219 4.01662 1.6
    endloop
  endfacet
  facet normal -0.0654108 0.997858 0
    outer loop
      vertex 6 8.5 1.6
      vertex 5.67369 8.47861 4.6
      vertex 6 8.5 4.6
    endloop
  endfacet
  facet normal -0.0654108 0.997858 0
    outer loop
      vertex 5.67369 8.47861 4.6
      vertex 6 8.5 1.6
      vertex 5.67369 8.47861 1.6
    endloop
  endfacet
  facet normal -0.896866 -0.442302 -2.9041e-18
    outer loop
      vertex 3.83494 4.75 1.6
      vertex 3.6903 5.04329 4.6
      vertex 3.6903 5.04329 1.6
    endloop
  endfacet
  facet normal -0.896866 -0.442302 -2.9041e-18
    outer loop
      vertex 3.6903 5.04329 4.6
      vertex 3.83494 4.75 1.6
      vertex 3.83494 4.75 4.6
    endloop
  endfacet
  facet normal 0.831466 -0.555575 7.78409e-19
    outer loop
      vertex 7.98338 4.4781 4.6
      vertex 8.16506 4.75 1.6
      vertex 8.16506 4.75 4.6
    endloop
  endfacet
  facet normal 0.831466 -0.555575 7.78409e-19
    outer loop
      vertex 8.16506 4.75 1.6
      vertex 7.98338 4.4781 4.6
      vertex 7.98338 4.4781 1.6
    endloop
  endfacet
  facet normal 0 0 1
    outer loop
      vertex 8.47861 6.32631 4.6
      vertex 7.23931 6.16316 4.6
      vertex 7.25 6 4.6
    endloop
  endfacet
  facet normal 0 0 1
    outer loop
      vertex 7.5219 7.98338 4.6
      vertex 7.20741 6.32352 4.6
      vertex 7.23931 6.16316 4.6
    endloop
  endfacet
  facet normal 0 0 1
    outer loop
      vertex 7.5219 7.98338 4.6
      vertex 7.15485 6.47835 4.6
      vertex 7.20741 6.32352 4.6
    endloop
  endfacet
  facet normal 0 0 1
    outer loop
      vertex 7.5219 7.98338 4.6
      vertex 7.08253 6.625 4.6
      vertex 7.15485 6.47835 4.6
    endloop
  endfacet
  facet normal 0 0 1
    outer loop
      vertex 7.5219 7.98338 4.6
      vertex 6.99169 6.76095 4.6
      vertex 7.08253 6.625 4.6
    endloop
  endfacet
  facet normal 0 0 1
    outer loop
      vertex 6.625 7.08253 4.6
      vertex 7.25 8.16506 4.6
      vertex 6.95671 8.3097 4.6
    endloop
  endfacet
  facet normal 0 0 1
    outer loop
      vertex 7.5219 7.98338 4.6
      vertex 6.88388 6.88388 4.6
      vertex 6.99169 6.76095 4.6
    endloop
  endfacet
  facet normal 0 0 1
    outer loop
      vertex 7.5219 7.98338 4.6
      vertex 6.76095 6.99169 4.6
      vertex 6.88388 6.88388 4.6
    endloop
  endfacet
  facet normal 0 0 1
    outer loop
      vertex 6.47835 7.15485 4.6
      vertex 6.95671 8.3097 4.6
      vertex 6.64705 8.41481 4.6
    endloop
  endfacet
  facet normal 0 0 1
    outer loop
      vertex 7.25 8.16506 4.6
      vertex 6.625 7.08253 4.6
      vertex 6.76095 6.99169 4.6
    endloop
  endfacet
  facet normal 0 0 1
    outer loop
      vertex 6.95671 8.3097 4.6
      vertex 6.47835 7.15485 4.6
      vertex 6.625 7.08253 4.6
    endloop
  endfacet
  facet normal 0 0 1
    outer loop
      vertex 6.32352 7.20741 4.6
      vertex 6.64705 8.41481 4.6
      vertex 6.32631 8.47861 4.6
    endloop
  endfacet
  facet normal 0 0 1
    outer loop
      vertex 6.64705 8.41481 4.6
      vertex 6.32352 7.20741 4.6
      vertex 6.47835 7.15485 4.6
    endloop
  endfacet
  facet normal 0 0 1
    outer loop
      vertex 6.32631 8.47861 4.6
      vertex 6.16316 7.23931 4.6
      vertex 6.32352 7.20741 4.6
    endloop
  endfacet
  facet normal 0 0 1
    outer loop
      vertex 6 8.5 4.6
      vertex 6.16316 7.23931 4.6
      vertex 6.32631 8.47861 4.6
    endloop
  endfacet
  facet normal 0 0 1
    outer loop
      vertex 6 8.5 4.6
      vertex 6 7.25 4.6
      vertex 6.16316 7.23931 4.6
    endloop
  endfacet
  facet normal 0 0 1
    outer loop
      vertex 6 8.5 4.6
      vertex 5.83684 7.23931 4.6
      vertex 6 7.25 4.6
    endloop
  endfacet
  facet normal -0 0 1
    outer loop
      vertex 5.67369 8.47861 4.6
      vertex 5.83684 7.23931 4.6
      vertex 6 8.5 4.6
    endloop
  endfacet
  facet normal 0 0 1
    outer loop
      vertex 5.83684 7.23931 4.6
      vertex 5.67369 8.47861 4.6
      vertex 5.67648 7.20741 4.6
    endloop
  endfacet
  facet normal -0 0 1
    outer loop
      vertex 5.35295 8.41481 4.6
      vertex 5.67648 7.20741 4.6
      vertex 5.67369 8.47861 4.6
    endloop
  endfacet
  facet normal 0 0 1
    outer loop
      vertex 5.67648 7.20741 4.6
      vertex 5.35295 8.41481 4.6
      vertex 5.52165 7.15485 4.6
    endloop
  endfacet
  facet normal -0 0 1
    outer loop
      vertex 5.04329 8.3097 4.6
      vertex 5.52165 7.15485 4.6
      vertex 5.35295 8.41481 4.6
    endloop
  endfacet
  facet normal 0 0 1
    outer loop
      vertex 5.52165 7.15485 4.6
      vertex 5.04329 8.3097 4.6
      vertex 5.375 7.08253 4.6
    endloop
  endfacet
  facet normal -0 0 1
    outer loop
      vertex 4.75 8.16506 4.6
      vertex 5.375 7.08253 4.6
      vertex 5.04329 8.3097 4.6
    endloop
  endfacet
  facet normal 0 0 1
    outer loop
      vertex 5.375 7.08253 4.6
      vertex 4.75 8.16506 4.6
      vertex 5.23905 6.99169 4.6
    endloop
  endfacet
  facet normal -0 0 1
    outer loop
      vertex 4.4781 7.98338 4.6
      vertex 5.23905 6.99169 4.6
      vertex 4.75 8.16506 4.6
    endloop
  endfacet
  facet normal 0 0 1
    outer loop
      vertex 5.23905 6.99169 4.6
      vertex 4.4781 7.98338 4.6
      vertex 5.11612 6.88388 4.6
    endloop
  endfacet
  facet normal -0 0 1
    outer loop
      vertex 4.23223 7.76777 4.6
      vertex 5.11612 6.88388 4.6
      vertex 4.4781 7.98338 4.6
    endloop
  endfacet
  facet normal 0 0 1
    outer loop
      vertex 5.11612 6.88388 4.6
      vertex 4.23223 7.76777 4.6
      vertex 5.00831 6.76095 4.6
    endloop
  endfacet
  facet normal -0 0 1
    outer loop
      vertex 4.01662 7.5219 4.6
      vertex 5.00831 6.76095 4.6
      vertex 4.23223 7.76777 4.6
    endloop
  endfacet
  facet normal 0 0 1
    outer loop
      vertex 5.00831 6.76095 4.6
      vertex 4.01662 7.5219 4.6
      vertex 4.91747 6.625 4.6
    endloop
  endfacet
  facet normal -0 0 1
    outer loop
      vertex 3.83494 7.25 4.6
      vertex 4.91747 6.625 4.6
      vertex 4.01662 7.5219 4.6
    endloop
  endfacet
  facet normal 0 0 1
    outer loop
      vertex 4.91747 6.625 4.6
      vertex 3.83494 7.25 4.6
      vertex 4.84515 6.47835 4.6
    endloop
  endfacet
  facet normal -0 0 1
    outer loop
      vertex 3.6903 6.95671 4.6
      vertex 4.84515 6.47835 4.6
      vertex 3.83494 7.25 4.6
    endloop
  endfacet
  facet normal 0 0 1
    outer loop
      vertex 4.75 6 4.6
      vertex 4.4781 4.01662 4.6
      vertex 4.75 3.83494 4.6
    endloop
  endfacet
  facet normal 0 0 1
    outer loop
      vertex 4.84515 6.47835 4.6
      vertex 3.6903 6.95671 4.6
      vertex 4.79259 6.32352 4.6
    endloop
  endfacet
  facet normal 0 0 1
    outer loop
      vertex 4.75 6 4.6
      vertex 4.23223 4.23223 4.6
      vertex 4.4781 4.01662 4.6
    endloop
  endfacet
  facet normal -0 0 1
    outer loop
      vertex 3.58519 6.64705 4.6
      vertex 4.79259 6.32352 4.6
      vertex 3.6903 6.95671 4.6
    endloop
  endfacet
  facet normal 0 0 1
    outer loop
      vertex 4.75 6 4.6
      vertex 4.01662 4.4781 4.6
      vertex 4.23223 4.23223 4.6
    endloop
  endfacet
  facet normal 0 0 1
    outer loop
      vertex 4.79259 6.32352 4.6
      vertex 3.58519 6.64705 4.6
      vertex 4.76069 6.16316 4.6
    endloop
  endfacet
  facet normal 0 0 1
    outer loop
      vertex 4.75 6 4.6
      vertex 3.83494 4.75 4.6
      vertex 4.01662 4.4781 4.6
    endloop
  endfacet
  facet normal -0 0 1
    outer loop
      vertex 3.52139 6.32631 4.6
      vertex 4.76069 6.16316 4.6
      vertex 3.58519 6.64705 4.6
    endloop
  endfacet
  facet normal 0 0 1
    outer loop
      vertex 4.75 6 4.6
      vertex 3.6903 5.04329 4.6
      vertex 3.83494 4.75 4.6
    endloop
  endfacet
  facet normal 0 0 1
    outer loop
      vertex 4.76069 6.16316 4.6
      vertex 3.52139 6.32631 4.6
      vertex 4.75 6 4.6
    endloop
  endfacet
  facet normal 0 0 1
    outer loop
      vertex 4.75 6 4.6
      vertex 3.58519 5.35295 4.6
      vertex 3.6903 5.04329 4.6
    endloop
  endfacet
  facet normal 0 0 1
    outer loop
      vertex 3.5 6 4.6
      vertex 4.75 6 4.6
      vertex 3.52139 6.32631 4.6
    endloop
  endfacet
  facet normal 0 0 1
    outer loop
      vertex 4.75 6 4.6
      vertex 3.52139 5.67369 4.6
      vertex 3.58519 5.35295 4.6
    endloop
  endfacet
  facet normal 0 0 1
    outer loop
      vertex 4.75 6 4.6
      vertex 3.5 6 4.6
      vertex 3.52139 5.67369 4.6
    endloop
  endfacet
  facet normal 0 0 1
    outer loop
      vertex 7.25 6 4.6
      vertex 8.5 6 4.6
      vertex 8.47861 6.32631 4.6
    endloop
  endfacet
  facet normal 0 0 1
    outer loop
      vertex 7.23931 6.16316 4.6
      vertex 8.47861 6.32631 4.6
      vertex 8.41481 6.64705 4.6
    endloop
  endfacet
  facet normal 0 0 1
    outer loop
      vertex 8.5 6 4.6
      vertex 7.25 6 4.6
      vertex 8.47861 5.67369 4.6
    endloop
  endfacet
  facet normal 0 0 1
    outer loop
      vertex 7.23931 6.16316 4.6
      vertex 8.41481 6.64705 4.6
      vertex 8.3097 6.95671 4.6
    endloop
  endfacet
  facet normal -0 0 1
    outer loop
      vertex 7.23931 5.83684 4.6
      vertex 8.47861 5.67369 4.6
      vertex 7.25 6 4.6
    endloop
  endfacet
  facet normal 0 0 1
    outer loop
      vertex 7.23931 6.16316 4.6
      vertex 8.3097 6.95671 4.6
      vertex 8.16506 7.25 4.6
    endloop
  endfacet
  facet normal 0 0 1
    outer loop
      vertex 8.47861 5.67369 4.6
      vertex 7.23931 5.83684 4.6
      vertex 8.41481 5.35295 4.6
    endloop
  endfacet
  facet normal 0 0 1
    outer loop
      vertex 7.23931 6.16316 4.6
      vertex 8.16506 7.25 4.6
      vertex 7.98338 7.5219 4.6
    endloop
  endfacet
  facet normal -0 0 1
    outer loop
      vertex 7.20741 5.67648 4.6
      vertex 8.41481 5.35295 4.6
      vertex 7.23931 5.83684 4.6
    endloop
  endfacet
  facet normal 0 0 1
    outer loop
      vertex 7.23931 6.16316 4.6
      vertex 7.98338 7.5219 4.6
      vertex 7.76777 7.76777 4.6
    endloop
  endfacet
  facet normal 0 0 1
    outer loop
      vertex 8.41481 5.35295 4.6
      vertex 7.20741 5.67648 4.6
      vertex 8.3097 5.04329 4.6
    endloop
  endfacet
  facet normal 0 0 1
    outer loop
      vertex 7.23931 6.16316 4.6
      vertex 7.76777 7.76777 4.6
      vertex 7.5219 7.98338 4.6
    endloop
  endfacet
  facet normal -0 0 1
    outer loop
      vertex 7.15485 5.52165 4.6
      vertex 8.3097 5.04329 4.6
      vertex 7.20741 5.67648 4.6
    endloop
  endfacet
  facet normal 0 0 1
    outer loop
      vertex 6.76095 6.99169 4.6
      vertex 7.5219 7.98338 4.6
      vertex 7.25 8.16506 4.6
    endloop
  endfacet
  facet normal 0 0 1
    outer loop
      vertex 8.3097 5.04329 4.6
      vertex 7.15485 5.52165 4.6
      vertex 8.16506 4.75 4.6
    endloop
  endfacet
  facet normal -0 0 1
    outer loop
      vertex 7.08253 5.375 4.6
      vertex 8.16506 4.75 4.6
      vertex 7.15485 5.52165 4.6
    endloop
  endfacet
  facet normal 0 0 1
    outer loop
      vertex 8.16506 4.75 4.6
      vertex 7.08253 5.375 4.6
      vertex 7.98338 4.4781 4.6
    endloop
  endfacet
  facet normal -0 0 1
    outer loop
      vertex 6.99169 5.23905 4.6
      vertex 7.98338 4.4781 4.6
      vertex 7.08253 5.375 4.6
    endloop
  endfacet
  facet normal 0 0 1
    outer loop
      vertex 7.98338 4.4781 4.6
      vertex 6.99169 5.23905 4.6
      vertex 7.76777 4.23223 4.6
    endloop
  endfacet
  facet normal -0 0 1
    outer loop
      vertex 6.88388 5.11612 4.6
      vertex 7.76777 4.23223 4.6
      vertex 6.99169 5.23905 4.6
    endloop
  endfacet
  facet normal 0 0 1
    outer loop
      vertex 7.76777 4.23223 4.6
      vertex 6.88388 5.11612 4.6
      vertex 7.5219 4.01662 4.6
    endloop
  endfacet
  facet normal -0 0 1
    outer loop
      vertex 6.76095 5.00831 4.6
      vertex 7.5219 4.01662 4.6
      vertex 6.88388 5.11612 4.6
    endloop
  endfacet
  facet normal 0 0 1
    outer loop
      vertex 7.5219 4.01662 4.6
      vertex 6.76095 5.00831 4.6
      vertex 7.25 3.83494 4.6
    endloop
  endfacet
  facet normal -0 0 1
    outer loop
      vertex 6.625 4.91747 4.6
      vertex 7.25 3.83494 4.6
      vertex 6.76095 5.00831 4.6
    endloop
  endfacet
  facet normal 0 0 1
    outer loop
      vertex 7.25 3.83494 4.6
      vertex 6.625 4.91747 4.6
      vertex 6.95671 3.6903 4.6
    endloop
  endfacet
  facet normal -0 0 1
    outer loop
      vertex 6.47835 4.84515 4.6
      vertex 6.95671 3.6903 4.6
      vertex 6.625 4.91747 4.6
    endloop
  endfacet
  facet normal 0 0 1
    outer loop
      vertex 6.95671 3.6903 4.6
      vertex 6.47835 4.84515 4.6
      vertex 6.64705 3.58519 4.6
    endloop
  endfacet
  facet normal -0 0 1
    outer loop
      vertex 6.32352 4.79259 4.6
      vertex 6.64705 3.58519 4.6
      vertex 6.47835 4.84515 4.6
    endloop
  endfacet
  facet normal 0 0 1
    outer loop
      vertex 6.64705 3.58519 4.6
      vertex 6.32352 4.79259 4.6
      vertex 6.32631 3.52139 4.6
    endloop
  endfacet
  facet normal -0 0 1
    outer loop
      vertex 6.16316 4.76069 4.6
      vertex 6.32631 3.52139 4.6
      vertex 6.32352 4.79259 4.6
    endloop
  endfacet
  facet normal -0 0 1
    outer loop
      vertex 6 4.75 4.6
      vertex 6.32631 3.52139 4.6
      vertex 6.16316 4.76069 4.6
    endloop
  endfacet
  facet normal 0 0 1
    outer loop
      vertex 6 4.75 4.6
      vertex 6 3.5 4.6
      vertex 6.32631 3.52139 4.6
    endloop
  endfacet
  facet normal 0 0 1
    outer loop
      vertex 5.83684 4.76069 4.6
      vertex 6 3.5 4.6
      vertex 6 4.75 4.6
    endloop
  endfacet
  facet normal 0 0 1
    outer loop
      vertex 5.67369 3.52139 4.6
      vertex 5.83684 4.76069 4.6
      vertex 5.67648 4.79259 4.6
    endloop
  endfacet
  facet normal 0 0 1
    outer loop
      vertex 5.83684 4.76069 4.6
      vertex 5.67369 3.52139 4.6
      vertex 6 3.5 4.6
    endloop
  endfacet
  facet normal 0 0 1
    outer loop
      vertex 5.35295 3.58519 4.6
      vertex 5.67648 4.79259 4.6
      vertex 5.52165 4.84515 4.6
    endloop
  endfacet
  facet normal 0 0 1
    outer loop
      vertex 5.04329 3.6903 4.6
      vertex 5.52165 4.84515 4.6
      vertex 5.375 4.91747 4.6
    endloop
  endfacet
  facet normal 0 0 1
    outer loop
      vertex 5.67648 4.79259 4.6
      vertex 5.35295 3.58519 4.6
      vertex 5.67369 3.52139 4.6
    endloop
  endfacet
  facet normal 0 0 1
    outer loop
      vertex 4.75 3.83494 4.6
      vertex 5.375 4.91747 4.6
      vertex 5.23905 5.00831 4.6
    endloop
  endfacet
  facet normal 0 0 1
    outer loop
      vertex 4.75 3.83494 4.6
      vertex 5.23905 5.00831 4.6
      vertex 5.11612 5.11612 4.6
    endloop
  endfacet
  facet normal 0 0 1
    outer loop
      vertex 5.52165 4.84515 4.6
      vertex 5.04329 3.6903 4.6
      vertex 5.35295 3.58519 4.6
    endloop
  endfacet
  facet normal 0 0 1
    outer loop
      vertex 4.75 3.83494 4.6
      vertex 5.11612 5.11612 4.6
      vertex 5.00831 5.23905 4.6
    endloop
  endfacet
  facet normal 0 0 1
    outer loop
      vertex 4.75 3.83494 4.6
      vertex 5.00831 5.23905 4.6
      vertex 4.91747 5.375 4.6
    endloop
  endfacet
  facet normal 0 0 1
    outer loop
      vertex 4.75 3.83494 4.6
      vertex 4.91747 5.375 4.6
      vertex 4.84515 5.52165 4.6
    endloop
  endfacet
  facet normal 0 0 1
    outer loop
      vertex 4.75 3.83494 4.6
      vertex 4.84515 5.52165 4.6
      vertex 4.79259 5.67648 4.6
    endloop
  endfacet
  facet normal 0 0 1
    outer loop
      vertex 4.75 3.83494 4.6
      vertex 4.79259 5.67648 4.6
      vertex 4.76069 5.83684 4.6
    endloop
  endfacet
  facet normal 0 0 1
    outer loop
      vertex 5.375 4.91747 4.6
      vertex 4.75 3.83494 4.6
      vertex 5.04329 3.6903 4.6
    endloop
  endfacet
  facet normal 0 0 1
    outer loop
      vertex 4.75 3.83494 4.6
      vertex 4.76069 5.83684 4.6
      vertex 4.75 6 4.6
    endloop
  endfacet
  facet normal 0.555575 0.831466 -0
    outer loop
      vertex 7.5219 7.98338 1.6
      vertex 7.25 8.16506 4.6
      vertex 7.5219 7.98338 4.6
    endloop
  endfacet
  facet normal 0.555575 0.831466 0
    outer loop
      vertex 7.25 8.16506 4.6
      vertex 7.5219 7.98338 1.6
      vertex 7.25 8.16506 1.6
    endloop
  endfacet
  facet normal -0.659325 0.751858 0
    outer loop
      vertex 4.4781 7.98338 1.6
      vertex 4.23223 7.76777 4.6
      vertex 4.4781 7.98338 4.6
    endloop
  endfacet
  facet normal -0.659325 0.751858 0
    outer loop
      vertex 4.23223 7.76777 4.6
      vertex 4.4781 7.98338 1.6
      vertex 4.23223 7.76777 1.6
    endloop
  endfacet
  facet normal 0.980785 -0.195093 1.07661e-18
    outer loop
      vertex 8.41481 5.35295 4.6
      vertex 8.47861 5.67369 1.6
      vertex 8.47861 5.67369 4.6
    endloop
  endfacet
  facet normal 0.980785 -0.195093 1.07661e-18
    outer loop
      vertex 8.47861 5.67369 1.6
      vertex 8.41481 5.35295 4.6
      vertex 8.41481 5.35295 1.6
    endloop
  endfacet
  facet normal 0.896866 -0.442302 -9.23201e-19
    outer loop
      vertex 8.16506 4.75 4.6
      vertex 8.3097 5.04329 1.6
      vertex 8.3097 5.04329 4.6
    endloop
  endfacet
  facet normal 0.896866 -0.442302 -9.23201e-19
    outer loop
      vertex 8.3097 5.04329 1.6
      vertex 8.16506 4.75 4.6
      vertex 8.16506 4.75 1.6
    endloop
  endfacet
  facet normal 0.195093 -0.980785 0
    outer loop
      vertex 6.32631 3.52139 1.6
      vertex 6.64705 3.58519 4.6
      vertex 6.32631 3.52139 4.6
    endloop
  endfacet
  facet normal 0.195093 -0.980785 0
    outer loop
      vertex 6.64705 3.58519 4.6
      vertex 6.32631 3.52139 1.6
      vertex 6.64705 3.58519 1.6
    endloop
  endfacet
  facet normal -0.555575 0.831466 0
    outer loop
      vertex 4.75 8.16506 1.6
      vertex 4.4781 7.98338 4.6
      vertex 4.75 8.16506 4.6
    endloop
  endfacet
  facet normal -0.555575 0.831466 0
    outer loop
      vertex 4.4781 7.98338 4.6
      vertex 4.75 8.16506 1.6
      vertex 4.4781 7.98338 1.6
    endloop
  endfacet
  facet normal -0.0654108 -0.997858 0
    outer loop
      vertex 5.67369 3.52139 1.6
      vertex 6 3.5 4.6
      vertex 5.67369 3.52139 4.6
    endloop
  endfacet
  facet normal -0.0654108 -0.997858 -0
    outer loop
      vertex 6 3.5 4.6
      vertex 5.67369 3.52139 1.6
      vertex 6 3.5 1.6
    endloop
  endfacet
  facet normal -0.896866 0.442302 2.9041e-18
    outer loop
      vertex 3.6903 6.95671 1.6
      vertex 3.83494 7.25 4.6
      vertex 3.83494 7.25 1.6
    endloop
  endfacet
  facet normal -0.896866 0.442302 2.9041e-18
    outer loop
      vertex 3.83494 7.25 4.6
      vertex 3.6903 6.95671 1.6
      vertex 3.6903 6.95671 4.6
    endloop
  endfacet
  facet normal -0.321425 -0.946935 0
    outer loop
      vertex 5.04329 3.6903 1.6
      vertex 5.35295 3.58519 4.6
      vertex 5.04329 3.6903 4.6
    endloop
  endfacet
  facet normal -0.321425 -0.946935 -0
    outer loop
      vertex 5.35295 3.58519 4.6
      vertex 5.04329 3.6903 1.6
      vertex 5.35295 3.58519 1.6
    endloop
  endfacet
  facet normal -0.831466 -0.555575 2.06211e-18
    outer loop
      vertex 4.01662 4.4781 1.6
      vertex 3.83494 4.75 4.6
      vertex 3.83494 4.75 1.6
    endloop
  endfacet
  facet normal -0.831466 -0.555575 2.06211e-18
    outer loop
      vertex 3.83494 4.75 4.6
      vertex 4.01662 4.4781 1.6
      vertex 4.01662 4.4781 4.6
    endloop
  endfacet
  facet normal -0.751858 -0.659325 1.02217e-18
    outer loop
      vertex 4.23223 4.23223 1.6
      vertex 4.01662 4.4781 4.6
      vertex 4.01662 4.4781 1.6
    endloop
  endfacet
  facet normal -0.751858 -0.659325 1.02217e-18
    outer loop
      vertex 4.01662 4.4781 4.6
      vertex 4.23223 4.23223 1.6
      vertex 4.23223 4.23223 4.6
    endloop
  endfacet
  facet normal -0.980785 0.195093 8.831e-19
    outer loop
      vertex 3.52139 6.32631 1.6
      vertex 3.58519 6.64705 4.6
      vertex 3.58519 6.64705 1.6
    endloop
  endfacet
  facet normal -0.980785 0.195093 8.831e-19
    outer loop
      vertex 3.58519 6.64705 4.6
      vertex 3.52139 6.32631 1.6
      vertex 3.52139 6.32631 4.6
    endloop
  endfacet
  facet normal 0.321425 0.946935 -0
    outer loop
      vertex 6.95671 8.3097 1.6
      vertex 6.64705 8.41481 4.6
      vertex 6.95671 8.3097 4.6
    endloop
  endfacet
  facet normal 0.321425 0.946935 0
    outer loop
      vertex 6.64705 8.41481 4.6
      vertex 6.95671 8.3097 1.6
      vertex 6.64705 8.41481 1.6
    endloop
  endfacet
  facet normal -0.659325 -0.751858 0
    outer loop
      vertex 4.23223 4.23223 1.6
      vertex 4.4781 4.01662 4.6
      vertex 4.23223 4.23223 4.6
    endloop
  endfacet
  facet normal -0.659325 -0.751858 -0
    outer loop
      vertex 4.4781 4.01662 4.6
      vertex 4.23223 4.23223 1.6
      vertex 4.4781 4.01662 1.6
    endloop
  endfacet
  facet normal -0.195093 -0.980785 0
    outer loop
      vertex 5.35295 3.58519 1.6
      vertex 5.67369 3.52139 4.6
      vertex 5.35295 3.58519 4.6
    endloop
  endfacet
  facet normal -0.195093 -0.980785 -0
    outer loop
      vertex 5.67369 3.52139 4.6
      vertex 5.35295 3.58519 1.6
      vertex 5.67369 3.52139 1.6
    endloop
  endfacet
  facet normal 0.659325 -0.751858 0
    outer loop
      vertex 7.5219 4.01662 1.6
      vertex 7.76777 4.23223 4.6
      vertex 7.5219 4.01662 4.6
    endloop
  endfacet
  facet normal 0.659325 -0.751858 0
    outer loop
      vertex 7.76777 4.23223 4.6
      vertex 7.5219 4.01662 1.6
      vertex 7.76777 4.23223 1.6
    endloop
  endfacet
  facet normal 0.195093 0.980785 -0
    outer loop
      vertex 6.64705 8.41481 1.6
      vertex 6.32631 8.47861 4.6
      vertex 6.64705 8.41481 4.6
    endloop
  endfacet
  facet normal 0.195093 0.980785 0
    outer loop
      vertex 6.32631 8.47861 4.6
      vertex 6.64705 8.41481 1.6
      vertex 6.32631 8.47861 1.6
    endloop
  endfacet
  facet normal 0.75183 -0.659357 -1.12842e-18
    outer loop
      vertex 5.00831 6.76095 4.6
      vertex 5.11612 6.88388 1.6
      vertex 5.11612 6.88388 4.6
    endloop
  endfacet
  facet normal 0.75183 -0.659357 -1.12842e-18
    outer loop
      vertex 5.11612 6.88388 1.6
      vertex 5.00831 6.76095 4.6
      vertex 5.00831 6.76095 1.6
    endloop
  endfacet
  facet normal -0.980782 -0.195105 -1.75386e-19
    outer loop
      vertex 7.23931 6.16316 1.6
      vertex 7.20741 6.32352 4.6
      vertex 7.20741 6.32352 1.6
    endloop
  endfacet
  facet normal -0.980782 -0.195105 -1.75386e-19
    outer loop
      vertex 7.20741 6.32352 4.6
      vertex 7.23931 6.16316 1.6
      vertex 7.23931 6.16316 4.6
    endloop
  endfacet
  facet normal -0.0653783 0.997861 0
    outer loop
      vertex 6.16316 4.76069 1.6
      vertex 6 4.75 4.6
      vertex 6.16316 4.76069 4.6
    endloop
  endfacet
  facet normal -0.0653783 0.997861 0
    outer loop
      vertex 6 4.75 4.6
      vertex 6.16316 4.76069 1.6
      vertex 6 4.75 1.6
    endloop
  endfacet
  facet normal 0.946926 -0.321452 9.81411e-19
    outer loop
      vertex 4.79259 6.32352 4.6
      vertex 4.84515 6.47835 1.6
      vertex 4.84515 6.47835 4.6
    endloop
  endfacet
  facet normal 0.946926 -0.321452 9.81411e-19
    outer loop
      vertex 4.84515 6.47835 1.6
      vertex 4.79259 6.32352 4.6
      vertex 4.79259 6.32352 1.6
    endloop
  endfacet
  facet normal -0.831466 -0.555575 -1.29116e-18
    outer loop
      vertex 7.08253 6.625 1.6
      vertex 6.99169 6.76095 4.6
      vertex 6.99169 6.76095 1.6
    endloop
  endfacet
  facet normal -0.831466 -0.555575 -1.29116e-18
    outer loop
      vertex 6.99169 6.76095 4.6
      vertex 7.08253 6.625 1.6
      vertex 7.08253 6.625 4.6
    endloop
  endfacet
  facet normal 0.195105 -0.980782 0
    outer loop
      vertex 5.67648 7.20741 1.6
      vertex 5.83684 7.23931 4.6
      vertex 5.67648 7.20741 4.6
    endloop
  endfacet
  facet normal 0.195105 -0.980782 0
    outer loop
      vertex 5.83684 7.23931 4.6
      vertex 5.67648 7.20741 1.6
      vertex 5.83684 7.23931 1.6
    endloop
  endfacet
  facet normal -0.659357 0.75183 0
    outer loop
      vertex 6.88388 5.11612 1.6
      vertex 6.76095 5.00831 4.6
      vertex 6.88388 5.11612 4.6
    endloop
  endfacet
  facet normal -0.659357 0.75183 0
    outer loop
      vertex 6.76095 5.00831 4.6
      vertex 6.88388 5.11612 1.6
      vertex 6.76095 5.00831 1.6
    endloop
  endfacet
  facet normal -0.997861 -0.0653783 7.2388e-20
    outer loop
      vertex 7.25 6 1.6
      vertex 7.23931 6.16316 4.6
      vertex 7.23931 6.16316 1.6
    endloop
  endfacet
  facet normal -0.997861 -0.0653783 7.2388e-20
    outer loop
      vertex 7.23931 6.16316 4.6
      vertex 7.25 6 1.6
      vertex 7.25 6 4.6
    endloop
  endfacet
  facet normal 0.997861 -0.0653783 -7.2388e-20
    outer loop
      vertex 4.75 6 4.6
      vertex 4.76069 6.16316 1.6
      vertex 4.76069 6.16316 4.6
    endloop
  endfacet
  facet normal 0.997861 -0.0653783 -7.2388e-20
    outer loop
      vertex 4.76069 6.16316 1.6
      vertex 4.75 6 4.6
      vertex 4.75 6 1.6
    endloop
  endfacet
  facet normal -0.946926 -0.321452 -9.81411e-19
    outer loop
      vertex 7.20741 6.32352 1.6
      vertex 7.15485 6.47835 4.6
      vertex 7.15485 6.47835 1.6
    endloop
  endfacet
  facet normal -0.946926 -0.321452 -9.81411e-19
    outer loop
      vertex 7.15485 6.47835 4.6
      vertex 7.20741 6.32352 1.6
      vertex 7.20741 6.32352 4.6
    endloop
  endfacet
  facet normal 0.321452 0.946926 -0
    outer loop
      vertex 5.67648 4.79259 1.6
      vertex 5.52165 4.84515 4.6
      vertex 5.67648 4.79259 4.6
    endloop
  endfacet
  facet normal 0.321452 0.946926 0
    outer loop
      vertex 5.52165 4.84515 4.6
      vertex 5.67648 4.79259 1.6
      vertex 5.52165 4.84515 1.6
    endloop
  endfacet
  facet normal -0.555575 -0.831466 0
    outer loop
      vertex 6.625 7.08253 1.6
      vertex 6.76095 6.99169 4.6
      vertex 6.625 7.08253 4.6
    endloop
  endfacet
  facet normal -0.555575 -0.831466 -0
    outer loop
      vertex 6.76095 6.99169 4.6
      vertex 6.625 7.08253 1.6
      vertex 6.76095 6.99169 1.6
    endloop
  endfacet
  facet normal 0.997861 0.0653783 7.2388e-20
    outer loop
      vertex 4.76069 5.83684 4.6
      vertex 4.75 6 1.6
      vertex 4.75 6 4.6
    endloop
  endfacet
  facet normal 0.997861 0.0653783 7.2388e-20
    outer loop
      vertex 4.75 6 1.6
      vertex 4.76069 5.83684 4.6
      vertex 4.76069 5.83684 1.6
    endloop
  endfacet
  facet normal -0.195105 -0.980782 0
    outer loop
      vertex 6.16316 7.23931 1.6
      vertex 6.32352 7.20741 4.6
      vertex 6.16316 7.23931 4.6
    endloop
  endfacet
  facet normal -0.195105 -0.980782 -0
    outer loop
      vertex 6.32352 7.20741 4.6
      vertex 6.16316 7.23931 1.6
      vertex 6.32352 7.20741 1.6
    endloop
  endfacet
  facet normal 0.946926 0.321452 -9.81411e-19
    outer loop
      vertex 4.84515 5.52165 4.6
      vertex 4.79259 5.67648 1.6
      vertex 4.79259 5.67648 4.6
    endloop
  endfacet
  facet normal 0.946926 0.321452 -9.81411e-19
    outer loop
      vertex 4.79259 5.67648 1.6
      vertex 4.84515 5.52165 4.6
      vertex 4.84515 5.52165 1.6
    endloop
  endfacet
  facet normal 0.0653783 0.997861 -0
    outer loop
      vertex 6 4.75 1.6
      vertex 5.83684 4.76069 4.6
      vertex 6 4.75 4.6
    endloop
  endfacet
  facet normal 0.0653783 0.997861 0
    outer loop
      vertex 5.83684 4.76069 4.6
      vertex 6 4.75 1.6
      vertex 5.83684 4.76069 1.6
    endloop
  endfacet
  facet normal -0.997861 0.0653783 -7.2388e-20
    outer loop
      vertex 7.23931 5.83684 1.6
      vertex 7.25 6 4.6
      vertex 7.25 6 1.6
    endloop
  endfacet
  facet normal -0.997861 0.0653783 -7.2388e-20
    outer loop
      vertex 7.25 6 4.6
      vertex 7.23931 5.83684 1.6
      vertex 7.23931 5.83684 4.6
    endloop
  endfacet
  facet normal -0.44229 0.896872 0
    outer loop
      vertex 6.625 4.91747 1.6
      vertex 6.47835 4.84515 4.6
      vertex 6.625 4.91747 4.6
    endloop
  endfacet
  facet normal -0.44229 0.896872 0
    outer loop
      vertex 6.47835 4.84515 4.6
      vertex 6.625 4.91747 1.6
      vertex 6.47835 4.84515 1.6
    endloop
  endfacet
  facet normal -0.0653783 -0.997861 0
    outer loop
      vertex 6 7.25 1.6
      vertex 6.16316 7.23931 4.6
      vertex 6 7.25 4.6
    endloop
  endfacet
  facet normal -0.0653783 -0.997861 -0
    outer loop
      vertex 6.16316 7.23931 4.6
      vertex 6 7.25 1.6
      vertex 6.16316 7.23931 1.6
    endloop
  endfacet
  facet normal 0.659357 0.75183 -0
    outer loop
      vertex 5.23905 5.00831 1.6
      vertex 5.11612 5.11612 4.6
      vertex 5.23905 5.00831 4.6
    endloop
  endfacet
  facet normal 0.659357 0.75183 0
    outer loop
      vertex 5.11612 5.11612 4.6
      vertex 5.23905 5.00831 1.6
      vertex 5.11612 5.11612 1.6
    endloop
  endfacet
  facet normal -0.980782 0.195105 1.75386e-19
    outer loop
      vertex 7.20741 5.67648 1.6
      vertex 7.23931 5.83684 4.6
      vertex 7.23931 5.83684 1.6
    endloop
  endfacet
  facet normal -0.980782 0.195105 1.75386e-19
    outer loop
      vertex 7.23931 5.83684 4.6
      vertex 7.20741 5.67648 1.6
      vertex 7.20741 5.67648 4.6
    endloop
  endfacet
  facet normal -0.831466 0.555575 1.29116e-18
    outer loop
      vertex 6.99169 5.23905 1.6
      vertex 7.08253 5.375 4.6
      vertex 7.08253 5.375 1.6
    endloop
  endfacet
  facet normal -0.831466 0.555575 1.29116e-18
    outer loop
      vertex 7.08253 5.375 4.6
      vertex 6.99169 5.23905 1.6
      vertex 6.99169 5.23905 4.6
    endloop
  endfacet
  facet normal -0.896872 -0.44229 -1.44461e-18
    outer loop
      vertex 7.15485 6.47835 1.6
      vertex 7.08253 6.625 4.6
      vertex 7.08253 6.625 1.6
    endloop
  endfacet
  facet normal -0.896872 -0.44229 -1.44461e-18
    outer loop
      vertex 7.08253 6.625 4.6
      vertex 7.15485 6.47835 1.6
      vertex 7.15485 6.47835 4.6
    endloop
  endfacet
  facet normal -0.321452 0.946926 0
    outer loop
      vertex 6.47835 4.84515 1.6
      vertex 6.32352 4.79259 4.6
      vertex 6.47835 4.84515 4.6
    endloop
  endfacet
  facet normal -0.321452 0.946926 0
    outer loop
      vertex 6.32352 4.79259 4.6
      vertex 6.47835 4.84515 1.6
      vertex 6.32352 4.79259 1.6
    endloop
  endfacet
  facet normal -0.555575 0.831466 0
    outer loop
      vertex 6.76095 5.00831 1.6
      vertex 6.625 4.91747 4.6
      vertex 6.76095 5.00831 4.6
    endloop
  endfacet
  facet normal -0.555575 0.831466 0
    outer loop
      vertex 6.625 4.91747 4.6
      vertex 6.76095 5.00831 1.6
      vertex 6.625 4.91747 1.6
    endloop
  endfacet
  facet normal 0.659357 -0.75183 0
    outer loop
      vertex 5.11612 6.88388 1.6
      vertex 5.23905 6.99169 4.6
      vertex 5.11612 6.88388 4.6
    endloop
  endfacet
  facet normal 0.659357 -0.75183 0
    outer loop
      vertex 5.23905 6.99169 4.6
      vertex 5.11612 6.88388 1.6
      vertex 5.23905 6.99169 1.6
    endloop
  endfacet
  facet normal -0.44229 -0.896872 0
    outer loop
      vertex 6.47835 7.15485 1.6
      vertex 6.625 7.08253 4.6
      vertex 6.47835 7.15485 4.6
    endloop
  endfacet
  facet normal -0.44229 -0.896872 -0
    outer loop
      vertex 6.625 7.08253 4.6
      vertex 6.47835 7.15485 1.6
      vertex 6.625 7.08253 1.6
    endloop
  endfacet
  facet normal -0.896872 0.44229 1.44461e-18
    outer loop
      vertex 7.08253 5.375 1.6
      vertex 7.15485 5.52165 4.6
      vertex 7.15485 5.52165 1.6
    endloop
  endfacet
  facet normal -0.896872 0.44229 1.44461e-18
    outer loop
      vertex 7.15485 5.52165 4.6
      vertex 7.08253 5.375 1.6
      vertex 7.08253 5.375 4.6
    endloop
  endfacet
  facet normal 0.555575 0.831466 -0
    outer loop
      vertex 5.375 4.91747 1.6
      vertex 5.23905 5.00831 4.6
      vertex 5.375 4.91747 4.6
    endloop
  endfacet
  facet normal 0.555575 0.831466 0
    outer loop
      vertex 5.23905 5.00831 4.6
      vertex 5.375 4.91747 1.6
      vertex 5.23905 5.00831 1.6
    endloop
  endfacet
  facet normal -0.946926 0.321452 9.81411e-19
    outer loop
      vertex 7.15485 5.52165 1.6
      vertex 7.20741 5.67648 4.6
      vertex 7.20741 5.67648 1.6
    endloop
  endfacet
  facet normal -0.946926 0.321452 9.81411e-19
    outer loop
      vertex 7.20741 5.67648 4.6
      vertex 7.15485 5.52165 1.6
      vertex 7.15485 5.52165 4.6
    endloop
  endfacet
  facet normal -0.321452 -0.946926 0
    outer loop
      vertex 6.32352 7.20741 1.6
      vertex 6.47835 7.15485 4.6
      vertex 6.32352 7.20741 4.6
    endloop
  endfacet
  facet normal -0.321452 -0.946926 -0
    outer loop
      vertex 6.47835 7.15485 4.6
      vertex 6.32352 7.20741 1.6
      vertex 6.47835 7.15485 1.6
    endloop
  endfacet
  facet normal 0.980782 -0.195105 1.75386e-19
    outer loop
      vertex 4.76069 6.16316 4.6
      vertex 4.79259 6.32352 1.6
      vertex 4.79259 6.32352 4.6
    endloop
  endfacet
  facet normal 0.980782 -0.195105 1.75386e-19
    outer loop
      vertex 4.79259 6.32352 1.6
      vertex 4.76069 6.16316 4.6
      vertex 4.76069 6.16316 1.6
    endloop
  endfacet
  facet normal 0.75183 0.659357 1.12842e-18
    outer loop
      vertex 5.11612 5.11612 4.6
      vertex 5.00831 5.23905 1.6
      vertex 5.00831 5.23905 4.6
    endloop
  endfacet
  facet normal 0.75183 0.659357 1.12842e-18
    outer loop
      vertex 5.00831 5.23905 1.6
      vertex 5.11612 5.11612 4.6
      vertex 5.11612 5.11612 1.6
    endloop
  endfacet
  facet normal 0.44229 -0.896872 0
    outer loop
      vertex 5.375 7.08253 1.6
      vertex 5.52165 7.15485 4.6
      vertex 5.375 7.08253 4.6
    endloop
  endfacet
  facet normal 0.44229 -0.896872 0
    outer loop
      vertex 5.52165 7.15485 4.6
      vertex 5.375 7.08253 1.6
      vertex 5.52165 7.15485 1.6
    endloop
  endfacet
  facet normal 0.896872 -0.44229 1.44461e-18
    outer loop
      vertex 4.84515 6.47835 4.6
      vertex 4.91747 6.625 1.6
      vertex 4.91747 6.625 4.6
    endloop
  endfacet
  facet normal 0.896872 -0.44229 1.44461e-18
    outer loop
      vertex 4.91747 6.625 1.6
      vertex 4.84515 6.47835 4.6
      vertex 4.84515 6.47835 1.6
    endloop
  endfacet
  facet normal -0.195105 0.980782 0
    outer loop
      vertex 6.32352 4.79259 1.6
      vertex 6.16316 4.76069 4.6
      vertex 6.32352 4.79259 4.6
    endloop
  endfacet
  facet normal -0.195105 0.980782 0
    outer loop
      vertex 6.16316 4.76069 4.6
      vertex 6.32352 4.79259 1.6
      vertex 6.16316 4.76069 1.6
    endloop
  endfacet
  facet normal 0.321452 -0.946926 0
    outer loop
      vertex 5.52165 7.15485 1.6
      vertex 5.67648 7.20741 4.6
      vertex 5.52165 7.15485 4.6
    endloop
  endfacet
  facet normal 0.321452 -0.946926 0
    outer loop
      vertex 5.67648 7.20741 4.6
      vertex 5.52165 7.15485 1.6
      vertex 5.67648 7.20741 1.6
    endloop
  endfacet
  facet normal 0.896872 0.44229 -1.44461e-18
    outer loop
      vertex 4.91747 5.375 4.6
      vertex 4.84515 5.52165 1.6
      vertex 4.84515 5.52165 4.6
    endloop
  endfacet
  facet normal 0.896872 0.44229 -1.44461e-18
    outer loop
      vertex 4.84515 5.52165 1.6
      vertex 4.91747 5.375 4.6
      vertex 4.91747 5.375 1.6
    endloop
  endfacet
  facet normal -0.75183 -0.659357 1.12842e-18
    outer loop
      vertex 6.99169 6.76095 1.6
      vertex 6.88388 6.88388 4.6
      vertex 6.88388 6.88388 1.6
    endloop
  endfacet
  facet normal -0.75183 -0.659357 1.12842e-18
    outer loop
      vertex 6.88388 6.88388 4.6
      vertex 6.99169 6.76095 1.6
      vertex 6.99169 6.76095 4.6
    endloop
  endfacet
  facet normal 0.831466 -0.555575 1.29116e-18
    outer loop
      vertex 4.91747 6.625 4.6
      vertex 5.00831 6.76095 1.6
      vertex 5.00831 6.76095 4.6
    endloop
  endfacet
  facet normal 0.831466 -0.555575 1.29116e-18
    outer loop
      vertex 5.00831 6.76095 1.6
      vertex 4.91747 6.625 4.6
      vertex 4.91747 6.625 1.6
    endloop
  endfacet
  facet normal 0.555575 -0.831466 0
    outer loop
      vertex 5.23905 6.99169 1.6
      vertex 5.375 7.08253 4.6
      vertex 5.23905 6.99169 4.6
    endloop
  endfacet
  facet normal 0.555575 -0.831466 0
    outer loop
      vertex 5.375 7.08253 4.6
      vertex 5.23905 6.99169 1.6
      vertex 5.375 7.08253 1.6
    endloop
  endfacet
  facet normal -0.659357 -0.75183 0
    outer loop
      vertex 6.76095 6.99169 1.6
      vertex 6.88388 6.88388 4.6
      vertex 6.76095 6.99169 4.6
    endloop
  endfacet
  facet normal -0.659357 -0.75183 -0
    outer loop
      vertex 6.88388 6.88388 4.6
      vertex 6.76095 6.99169 1.6
      vertex 6.88388 6.88388 1.6
    endloop
  endfacet
  facet normal 0.831466 0.555575 -1.29116e-18
    outer loop
      vertex 5.00831 5.23905 4.6
      vertex 4.91747 5.375 1.6
      vertex 4.91747 5.375 4.6
    endloop
  endfacet
  facet normal 0.831466 0.555575 -1.29116e-18
    outer loop
      vertex 4.91747 5.375 1.6
      vertex 5.00831 5.23905 4.6
      vertex 5.00831 5.23905 1.6
    endloop
  endfacet
  facet normal 0.0653783 -0.997861 0
    outer loop
      vertex 5.83684 7.23931 1.6
      vertex 6 7.25 4.6
      vertex 5.83684 7.23931 4.6
    endloop
  endfacet
  facet normal 0.0653783 -0.997861 0
    outer loop
      vertex 6 7.25 4.6
      vertex 5.83684 7.23931 1.6
      vertex 6 7.25 1.6
    endloop
  endfacet
  facet normal 0.980782 0.195105 -1.75386e-19
    outer loop
      vertex 4.79259 5.67648 4.6
      vertex 4.76069 5.83684 1.6
      vertex 4.76069 5.83684 4.6
    endloop
  endfacet
  facet normal 0.980782 0.195105 -1.75386e-19
    outer loop
      vertex 4.76069 5.83684 1.6
      vertex 4.79259 5.67648 4.6
      vertex 4.79259 5.67648 1.6
    endloop
  endfacet
  facet normal 0.44229 0.896872 -0
    outer loop
      vertex 5.52165 4.84515 1.6
      vertex 5.375 4.91747 4.6
      vertex 5.52165 4.84515 4.6
    endloop
  endfacet
  facet normal 0.44229 0.896872 0
    outer loop
      vertex 5.375 4.91747 4.6
      vertex 5.52165 4.84515 1.6
      vertex 5.375 4.91747 1.6
    endloop
  endfacet
  facet normal -0.75183 0.659357 -1.12842e-18
    outer loop
      vertex 6.88388 5.11612 1.6
      vertex 6.99169 5.23905 4.6
      vertex 6.99169 5.23905 1.6
    endloop
  endfacet
  facet normal -0.75183 0.659357 -1.12842e-18
    outer loop
      vertex 6.99169 5.23905 4.6
      vertex 6.88388 5.11612 1.6
      vertex 6.88388 5.11612 4.6
    endloop
  endfacet
  facet normal 0.195105 0.980782 -0
    outer loop
      vertex 5.83684 4.76069 1.6
      vertex 5.67648 4.79259 4.6
      vertex 5.83684 4.76069 4.6
    endloop
  endfacet
  facet normal 0.195105 0.980782 0
    outer loop
      vertex 5.67648 4.79259 4.6
      vertex 5.83684 4.76069 1.6
      vertex 5.67648 4.79259 1.6
    endloop
  endfacet
  facet normal 0.98078 0.195116 1.24775e-18
    outer loop
      vertex 8.47861 43.3263 4.6
      vertex 8.41481 43.647 1.6
      vertex 8.41481 43.647 4.6
    endloop
  endfacet
  facet normal 0.98078 0.195116 1.24775e-18
    outer loop
      vertex 8.41481 43.647 1.6
      vertex 8.47861 43.3263 4.6
      vertex 8.47861 43.3263 1.6
    endloop
  endfacet
  facet normal 0.997858 0.0654128 -1.2754e-19
    outer loop
      vertex 8.5 43 4.6
      vertex 8.47861 43.3263 1.6
      vertex 8.47861 43.3263 4.6
    endloop
  endfacet
  facet normal 0.997858 0.0654128 -1.2754e-19
    outer loop
      vertex 8.47861 43.3263 1.6
      vertex 8.5 43 4.6
      vertex 8.5 43 1.6
    endloop
  endfacet
  facet normal -0.946948 0.321387 8.68299e-19
    outer loop
      vertex 3.58519 43.647 1.6
      vertex 3.6903 43.9567 4.6
      vertex 3.6903 43.9567 1.6
    endloop
  endfacet
  facet normal -0.946948 0.321387 8.68299e-19
    outer loop
      vertex 3.6903 43.9567 4.6
      vertex 3.58519 43.647 1.6
      vertex 3.58519 43.647 4.6
    endloop
  endfacet
  facet normal -0.997858 -0.0654128 -6.95395e-20
    outer loop
      vertex 3.52139 42.6737 1.6
      vertex 3.5 43 4.6
      vertex 3.5 43 1.6
    endloop
  endfacet
  facet normal -0.997858 -0.0654128 -6.95395e-20
    outer loop
      vertex 3.5 43 4.6
      vertex 3.52139 42.6737 1.6
      vertex 3.52139 42.6737 4.6
    endloop
  endfacet
  facet normal -0.555617 -0.831438 0
    outer loop
      vertex 4.4781 41.0166 1.6
      vertex 4.75 40.8349 4.6
      vertex 4.4781 41.0166 4.6
    endloop
  endfacet
  facet normal -0.555617 -0.831438 -0
    outer loop
      vertex 4.75 40.8349 4.6
      vertex 4.4781 41.0166 1.6
      vertex 4.75 40.8349 1.6
    endloop
  endfacet
  facet normal -0.751898 0.659279 -2.63785e-18
    outer loop
      vertex 4.01662 44.5219 1.6
      vertex 4.23223 44.7678 4.6
      vertex 4.23223 44.7678 1.6
    endloop
  endfacet
  facet normal -0.751898 0.659279 -2.63785e-18
    outer loop
      vertex 4.23223 44.7678 4.6
      vertex 4.01662 44.5219 1.6
      vertex 4.01662 44.5219 4.6
    endloop
  endfacet
  facet normal -0.831466 0.555575 3.34959e-18
    outer loop
      vertex 3.83494 44.25 1.6
      vertex 4.01662 44.5219 4.6
      vertex 4.01662 44.5219 1.6
    endloop
  endfacet
  facet normal -0.831466 0.555575 3.34959e-18
    outer loop
      vertex 4.01662 44.5219 4.6
      vertex 3.83494 44.25 1.6
      vertex 3.83494 44.25 4.6
    endloop
  endfacet
  facet normal -0.442204 -0.896915 0
    outer loop
      vertex 4.75 40.8349 1.6
      vertex 5.04329 40.6903 4.6
      vertex 4.75 40.8349 4.6
    endloop
  endfacet
  facet normal -0.442204 -0.896915 -0
    outer loop
      vertex 5.04329 40.6903 4.6
      vertex 4.75 40.8349 1.6
      vertex 5.04329 40.6903 1.6
    endloop
  endfacet
  facet normal -0.442204 0.896915 0
    outer loop
      vertex 5.04329 45.3097 1.6
      vertex 4.75 45.1651 4.6
      vertex 5.04329 45.3097 4.6
    endloop
  endfacet
  facet normal -0.442204 0.896915 0
    outer loop
      vertex 4.75 45.1651 4.6
      vertex 5.04329 45.3097 1.6
      vertex 4.75 45.1651 1.6
    endloop
  endfacet
  facet normal 0.751898 0.659279 2.63785e-18
    outer loop
      vertex 7.98338 44.5219 4.6
      vertex 7.76777 44.7678 1.6
      vertex 7.76777 44.7678 4.6
    endloop
  endfacet
  facet normal 0.751898 0.659279 2.63785e-18
    outer loop
      vertex 7.76777 44.7678 1.6
      vertex 7.98338 44.5219 4.6
      vertex 7.98338 44.5219 1.6
    endloop
  endfacet
  facet normal 0.946948 0.321387 -2.13564e-18
    outer loop
      vertex 8.41481 43.647 4.6
      vertex 8.3097 43.9567 1.6
      vertex 8.3097 43.9567 4.6
    endloop
  endfacet
  facet normal 0.946948 0.321387 -2.13564e-18
    outer loop
      vertex 8.3097 43.9567 1.6
      vertex 8.41481 43.647 4.6
      vertex 8.41481 43.647 1.6
    endloop
  endfacet
  facet normal 0.442204 0.896915 -0
    outer loop
      vertex 7.25 45.1651 1.6
      vertex 6.95671 45.3097 4.6
      vertex 7.25 45.1651 4.6
    endloop
  endfacet
  facet normal 0.442204 0.896915 0
    outer loop
      vertex 6.95671 45.3097 4.6
      vertex 7.25 45.1651 1.6
      vertex 6.95671 45.3097 1.6
    endloop
  endfacet
  facet normal 0.997858 -0.0654128 1.2754e-19
    outer loop
      vertex 8.47861 42.6737 4.6
      vertex 8.5 43 1.6
      vertex 8.5 43 4.6
    endloop
  endfacet
  facet normal 0.997858 -0.0654128 1.2754e-19
    outer loop
      vertex 8.5 43 1.6
      vertex 8.47861 42.6737 4.6
      vertex 8.47861 42.6737 1.6
    endloop
  endfacet
  facet normal 0.442204 -0.896915 0
    outer loop
      vertex 6.95671 40.6903 1.6
      vertex 7.25 40.8349 4.6
      vertex 6.95671 40.6903 4.6
    endloop
  endfacet
  facet normal 0.442204 -0.896915 0
    outer loop
      vertex 7.25 40.8349 4.6
      vertex 6.95671 40.6903 1.6
      vertex 7.25 40.8349 1.6
    endloop
  endfacet
  facet normal -0.321397 0.946944 0
    outer loop
      vertex 5.35295 45.4148 1.6
      vertex 5.04329 45.3097 4.6
      vertex 5.35295 45.4148 4.6
    endloop
  endfacet
  facet normal -0.321397 0.946944 0
    outer loop
      vertex 5.04329 45.3097 4.6
      vertex 5.35295 45.4148 1.6
      vertex 5.04329 45.3097 1.6
    endloop
  endfacet
  facet normal 0.0654412 -0.997856 0
    outer loop
      vertex 6 40.5 1.6
      vertex 6.32631 40.5214 4.6
      vertex 6 40.5 4.6
    endloop
  endfacet
  facet normal 0.0654412 -0.997856 0
    outer loop
      vertex 6.32631 40.5214 4.6
      vertex 6 40.5 1.6
      vertex 6.32631 40.5214 1.6
    endloop
  endfacet
  facet normal 0.0654412 0.997856 -0
    outer loop
      vertex 6.32631 45.4786 1.6
      vertex 6 45.5 4.6
      vertex 6.32631 45.4786 4.6
    endloop
  endfacet
  facet normal 0.0654412 0.997856 0
    outer loop
      vertex 6 45.5 4.6
      vertex 6.32631 45.4786 1.6
      vertex 6 45.5 1.6
    endloop
  endfacet
  facet normal -0.946948 -0.321387 -8.68299e-19
    outer loop
      vertex 3.6903 42.0433 1.6
      vertex 3.58519 42.353 4.6
      vertex 3.58519 42.353 1.6
    endloop
  endfacet
  facet normal -0.946948 -0.321387 -8.68299e-19
    outer loop
      vertex 3.58519 42.353 4.6
      vertex 3.6903 42.0433 1.6
      vertex 3.6903 42.0433 4.6
    endloop
  endfacet
  facet normal -0.195093 0.980785 0
    outer loop
      vertex 5.67369 45.4786 1.6
      vertex 5.35295 45.4148 4.6
      vertex 5.67369 45.4786 4.6
    endloop
  endfacet
  facet normal -0.195093 0.980785 0
    outer loop
      vertex 5.35295 45.4148 4.6
      vertex 5.67369 45.4786 1.6
      vertex 5.35295 45.4148 1.6
    endloop
  endfacet
  facet normal 0.659307 0.751873 -0
    outer loop
      vertex 7.76777 44.7678 1.6
      vertex 7.5219 44.9834 4.6
      vertex 7.76777 44.7678 4.6
    endloop
  endfacet
  facet normal 0.659307 0.751873 0
    outer loop
      vertex 7.5219 44.9834 4.6
      vertex 7.76777 44.7678 1.6
      vertex 7.5219 44.9834 1.6
    endloop
  endfacet
  facet normal -0.997858 0.0654128 6.95395e-20
    outer loop
      vertex 3.5 43 1.6
      vertex 3.52139 43.3263 4.6
      vertex 3.52139 43.3263 1.6
    endloop
  endfacet
  facet normal -0.997858 0.0654128 6.95395e-20
    outer loop
      vertex 3.52139 43.3263 4.6
      vertex 3.5 43 1.6
      vertex 3.5 43 4.6
    endloop
  endfacet
  facet normal 0.896872 0.44229 -3.08612e-18
    outer loop
      vertex 8.3097 43.9567 4.6
      vertex 8.16506 44.25 1.6
      vertex 8.16506 44.25 4.6
    endloop
  endfacet
  facet normal 0.896872 0.44229 -3.08612e-18
    outer loop
      vertex 8.16506 44.25 1.6
      vertex 8.3097 43.9567 4.6
      vertex 8.3097 43.9567 1.6
    endloop
  endfacet
  facet normal 0.946948 -0.321387 2.13564e-18
    outer loop
      vertex 8.3097 42.0433 4.6
      vertex 8.41481 42.353 1.6
      vertex 8.41481 42.353 4.6
    endloop
  endfacet
  facet normal 0.946948 -0.321387 2.13564e-18
    outer loop
      vertex 8.41481 42.353 1.6
      vertex 8.3097 42.0433 4.6
      vertex 8.3097 42.0433 1.6
    endloop
  endfacet
  facet normal 0.321397 -0.946944 0
    outer loop
      vertex 6.64705 40.5852 1.6
      vertex 6.95671 40.6903 4.6
      vertex 6.64705 40.5852 4.6
    endloop
  endfacet
  facet normal 0.321397 -0.946944 0
    outer loop
      vertex 6.95671 40.6903 4.6
      vertex 6.64705 40.5852 1.6
      vertex 6.95671 40.6903 1.6
    endloop
  endfacet
  facet normal 0.831466 0.555575 8.829e-19
    outer loop
      vertex 8.16506 44.25 4.6
      vertex 7.98338 44.5219 1.6
      vertex 7.98338 44.5219 4.6
    endloop
  endfacet
  facet normal 0.831466 0.555575 8.829e-19
    outer loop
      vertex 7.98338 44.5219 1.6
      vertex 8.16506 44.25 4.6
      vertex 8.16506 44.25 1.6
    endloop
  endfacet
  facet normal -0.98078 -0.195116 1.42318e-18
    outer loop
      vertex 3.58519 42.353 1.6
      vertex 3.52139 42.6737 4.6
      vertex 3.52139 42.6737 1.6
    endloop
  endfacet
  facet normal -0.98078 -0.195116 1.42318e-18
    outer loop
      vertex 3.52139 42.6737 4.6
      vertex 3.58519 42.353 1.6
      vertex 3.58519 42.353 4.6
    endloop
  endfacet
  facet normal 0.751898 -0.659279 -2.63785e-18
    outer loop
      vertex 7.76777 41.2322 4.6
      vertex 7.98338 41.4781 1.6
      vertex 7.98338 41.4781 4.6
    endloop
  endfacet
  facet normal 0.751898 -0.659279 -2.63785e-18
    outer loop
      vertex 7.98338 41.4781 1.6
      vertex 7.76777 41.2322 4.6
      vertex 7.76777 41.2322 1.6
    endloop
  endfacet
  facet normal 0 0 -1
    outer loop
      vertex 8.47861 42.6737 1.6
      vertex 7.23931 42.8368 1.6
      vertex 7.25 43 1.6
    endloop
  endfacet
  facet normal 0 0 -1
    outer loop
      vertex 7.5219 41.0166 1.6
      vertex 7.20741 42.6765 1.6
      vertex 7.23931 42.8368 1.6
    endloop
  endfacet
  facet normal 0 0 -1
    outer loop
      vertex 7.5219 41.0166 1.6
      vertex 7.15485 42.5216 1.6
      vertex 7.20741 42.6765 1.6
    endloop
  endfacet
  facet normal 0 0 -1
    outer loop
      vertex 7.5219 41.0166 1.6
      vertex 7.08253 42.375 1.6
      vertex 7.15485 42.5216 1.6
    endloop
  endfacet
  facet normal 0 0 -1
    outer loop
      vertex 7.5219 41.0166 1.6
      vertex 6.99169 42.239 1.6
      vertex 7.08253 42.375 1.6
    endloop
  endfacet
  facet normal 0 0 -1
    outer loop
      vertex 6.625 41.9175 1.6
      vertex 7.25 40.8349 1.6
      vertex 6.95671 40.6903 1.6
    endloop
  endfacet
  facet normal 0 0 -1
    outer loop
      vertex 7.5219 41.0166 1.6
      vertex 6.88388 42.1161 1.6
      vertex 6.99169 42.239 1.6
    endloop
  endfacet
  facet normal 0 0 -1
    outer loop
      vertex 7.5219 41.0166 1.6
      vertex 6.76095 42.0083 1.6
      vertex 6.88388 42.1161 1.6
    endloop
  endfacet
  facet normal 0 0 -1
    outer loop
      vertex 6.47835 41.8451 1.6
      vertex 6.95671 40.6903 1.6
      vertex 6.64705 40.5852 1.6
    endloop
  endfacet
  facet normal 0 0 -1
    outer loop
      vertex 7.25 40.8349 1.6
      vertex 6.625 41.9175 1.6
      vertex 6.76095 42.0083 1.6
    endloop
  endfacet
  facet normal 0 0 -1
    outer loop
      vertex 6.95671 40.6903 1.6
      vertex 6.47835 41.8451 1.6
      vertex 6.625 41.9175 1.6
    endloop
  endfacet
  facet normal 0 0 -1
    outer loop
      vertex 6.32352 41.7926 1.6
      vertex 6.64705 40.5852 1.6
      vertex 6.32631 40.5214 1.6
    endloop
  endfacet
  facet normal 0 0 -1
    outer loop
      vertex 6.64705 40.5852 1.6
      vertex 6.32352 41.7926 1.6
      vertex 6.47835 41.8451 1.6
    endloop
  endfacet
  facet normal 0 0 -1
    outer loop
      vertex 6.32631 40.5214 1.6
      vertex 6.16316 41.7607 1.6
      vertex 6.32352 41.7926 1.6
    endloop
  endfacet
  facet normal 0 0 -1
    outer loop
      vertex 6 40.5 1.6
      vertex 6.16316 41.7607 1.6
      vertex 6.32631 40.5214 1.6
    endloop
  endfacet
  facet normal 0 0 -1
    outer loop
      vertex 6 40.5 1.6
      vertex 6 41.75 1.6
      vertex 6.16316 41.7607 1.6
    endloop
  endfacet
  facet normal 0 0 -1
    outer loop
      vertex 6 40.5 1.6
      vertex 5.83684 41.7607 1.6
      vertex 6 41.75 1.6
    endloop
  endfacet
  facet normal 0 0 -1
    outer loop
      vertex 5.67369 40.5214 1.6
      vertex 5.83684 41.7607 1.6
      vertex 6 40.5 1.6
    endloop
  endfacet
  facet normal -0 0 -1
    outer loop
      vertex 5.83684 41.7607 1.6
      vertex 5.67369 40.5214 1.6
      vertex 5.67648 41.7926 1.6
    endloop
  endfacet
  facet normal 0 0 -1
    outer loop
      vertex 5.35295 40.5852 1.6
      vertex 5.67648 41.7926 1.6
      vertex 5.67369 40.5214 1.6
    endloop
  endfacet
  facet normal -0 0 -1
    outer loop
      vertex 5.67648 41.7926 1.6
      vertex 5.35295 40.5852 1.6
      vertex 5.52165 41.8451 1.6
    endloop
  endfacet
  facet normal 0 0 -1
    outer loop
      vertex 5.04329 40.6903 1.6
      vertex 5.52165 41.8451 1.6
      vertex 5.35295 40.5852 1.6
    endloop
  endfacet
  facet normal -0 0 -1
    outer loop
      vertex 5.52165 41.8451 1.6
      vertex 5.04329 40.6903 1.6
      vertex 5.375 41.9175 1.6
    endloop
  endfacet
  facet normal 0 0 -1
    outer loop
      vertex 4.75 40.8349 1.6
      vertex 5.375 41.9175 1.6
      vertex 5.04329 40.6903 1.6
    endloop
  endfacet
  facet normal -0 0 -1
    outer loop
      vertex 5.375 41.9175 1.6
      vertex 4.75 40.8349 1.6
      vertex 5.23905 42.0083 1.6
    endloop
  endfacet
  facet normal 0 0 -1
    outer loop
      vertex 4.4781 41.0166 1.6
      vertex 5.23905 42.0083 1.6
      vertex 4.75 40.8349 1.6
    endloop
  endfacet
  facet normal -0 0 -1
    outer loop
      vertex 5.23905 42.0083 1.6
      vertex 4.4781 41.0166 1.6
      vertex 5.11612 42.1161 1.6
    endloop
  endfacet
  facet normal 0 0 -1
    outer loop
      vertex 4.23223 41.2322 1.6
      vertex 5.11612 42.1161 1.6
      vertex 4.4781 41.0166 1.6
    endloop
  endfacet
  facet normal -0 0 -1
    outer loop
      vertex 5.11612 42.1161 1.6
      vertex 4.23223 41.2322 1.6
      vertex 5.00831 42.239 1.6
    endloop
  endfacet
  facet normal 0 0 -1
    outer loop
      vertex 4.01662 41.4781 1.6
      vertex 5.00831 42.239 1.6
      vertex 4.23223 41.2322 1.6
    endloop
  endfacet
  facet normal -0 0 -1
    outer loop
      vertex 5.00831 42.239 1.6
      vertex 4.01662 41.4781 1.6
      vertex 4.91747 42.375 1.6
    endloop
  endfacet
  facet normal 0 0 -1
    outer loop
      vertex 3.83494 41.75 1.6
      vertex 4.91747 42.375 1.6
      vertex 4.01662 41.4781 1.6
    endloop
  endfacet
  facet normal -0 0 -1
    outer loop
      vertex 4.91747 42.375 1.6
      vertex 3.83494 41.75 1.6
      vertex 4.84515 42.5216 1.6
    endloop
  endfacet
  facet normal 0 0 -1
    outer loop
      vertex 3.6903 42.0433 1.6
      vertex 4.84515 42.5216 1.6
      vertex 3.83494 41.75 1.6
    endloop
  endfacet
  facet normal 0 0 -1
    outer loop
      vertex 4.75 43 1.6
      vertex 4.4781 44.9834 1.6
      vertex 4.75 45.1651 1.6
    endloop
  endfacet
  facet normal -0 0 -1
    outer loop
      vertex 4.84515 42.5216 1.6
      vertex 3.6903 42.0433 1.6
      vertex 4.79259 42.6765 1.6
    endloop
  endfacet
  facet normal 0 0 -1
    outer loop
      vertex 4.75 43 1.6
      vertex 4.23223 44.7678 1.6
      vertex 4.4781 44.9834 1.6
    endloop
  endfacet
  facet normal 0 0 -1
    outer loop
      vertex 3.58519 42.353 1.6
      vertex 4.79259 42.6765 1.6
      vertex 3.6903 42.0433 1.6
    endloop
  endfacet
  facet normal 0 0 -1
    outer loop
      vertex 4.75 43 1.6
      vertex 4.01662 44.5219 1.6
      vertex 4.23223 44.7678 1.6
    endloop
  endfacet
  facet normal -0 0 -1
    outer loop
      vertex 4.79259 42.6765 1.6
      vertex 3.58519 42.353 1.6
      vertex 4.76069 42.8368 1.6
    endloop
  endfacet
  facet normal 0 0 -1
    outer loop
      vertex 4.75 43 1.6
      vertex 3.83494 44.25 1.6
      vertex 4.01662 44.5219 1.6
    endloop
  endfacet
  facet normal 0 0 -1
    outer loop
      vertex 3.52139 42.6737 1.6
      vertex 4.76069 42.8368 1.6
      vertex 3.58519 42.353 1.6
    endloop
  endfacet
  facet normal 0 0 -1
    outer loop
      vertex 4.75 43 1.6
      vertex 3.6903 43.9567 1.6
      vertex 3.83494 44.25 1.6
    endloop
  endfacet
  facet normal -0 0 -1
    outer loop
      vertex 4.76069 42.8368 1.6
      vertex 3.52139 42.6737 1.6
      vertex 4.75 43 1.6
    endloop
  endfacet
  facet normal 0 0 -1
    outer loop
      vertex 4.75 43 1.6
      vertex 3.58519 43.647 1.6
      vertex 3.6903 43.9567 1.6
    endloop
  endfacet
  facet normal 0 0 -1
    outer loop
      vertex 3.5 43 1.6
      vertex 4.75 43 1.6
      vertex 3.52139 42.6737 1.6
    endloop
  endfacet
  facet normal 0 0 -1
    outer loop
      vertex 4.75 43 1.6
      vertex 3.52139 43.3263 1.6
      vertex 3.58519 43.647 1.6
    endloop
  endfacet
  facet normal 0 0 -1
    outer loop
      vertex 4.75 43 1.6
      vertex 3.5 43 1.6
      vertex 3.52139 43.3263 1.6
    endloop
  endfacet
  facet normal 0 0 -1
    outer loop
      vertex 7.25 43 1.6
      vertex 8.5 43 1.6
      vertex 8.47861 42.6737 1.6
    endloop
  endfacet
  facet normal 0 0 -1
    outer loop
      vertex 7.23931 42.8368 1.6
      vertex 8.47861 42.6737 1.6
      vertex 8.41481 42.353 1.6
    endloop
  endfacet
  facet normal 0 0 -1
    outer loop
      vertex 8.5 43 1.6
      vertex 7.25 43 1.6
      vertex 8.47861 43.3263 1.6
    endloop
  endfacet
  facet normal 0 0 -1
    outer loop
      vertex 7.23931 42.8368 1.6
      vertex 8.41481 42.353 1.6
      vertex 8.3097 42.0433 1.6
    endloop
  endfacet
  facet normal 0 0 -1
    outer loop
      vertex 7.23931 43.1632 1.6
      vertex 8.47861 43.3263 1.6
      vertex 7.25 43 1.6
    endloop
  endfacet
  facet normal 0 0 -1
    outer loop
      vertex 7.23931 42.8368 1.6
      vertex 8.3097 42.0433 1.6
      vertex 8.16506 41.75 1.6
    endloop
  endfacet
  facet normal -0 0 -1
    outer loop
      vertex 8.47861 43.3263 1.6
      vertex 7.23931 43.1632 1.6
      vertex 8.41481 43.647 1.6
    endloop
  endfacet
  facet normal 0 0 -1
    outer loop
      vertex 7.23931 42.8368 1.6
      vertex 8.16506 41.75 1.6
      vertex 7.98338 41.4781 1.6
    endloop
  endfacet
  facet normal 0 0 -1
    outer loop
      vertex 7.20741 43.3235 1.6
      vertex 8.41481 43.647 1.6
      vertex 7.23931 43.1632 1.6
    endloop
  endfacet
  facet normal 0 0 -1
    outer loop
      vertex 7.23931 42.8368 1.6
      vertex 7.98338 41.4781 1.6
      vertex 7.76777 41.2322 1.6
    endloop
  endfacet
  facet normal -0 0 -1
    outer loop
      vertex 8.41481 43.647 1.6
      vertex 7.20741 43.3235 1.6
      vertex 8.3097 43.9567 1.6
    endloop
  endfacet
  facet normal 0 0 -1
    outer loop
      vertex 7.23931 42.8368 1.6
      vertex 7.76777 41.2322 1.6
      vertex 7.5219 41.0166 1.6
    endloop
  endfacet
  facet normal 0 0 -1
    outer loop
      vertex 7.15485 43.4784 1.6
      vertex 8.3097 43.9567 1.6
      vertex 7.20741 43.3235 1.6
    endloop
  endfacet
  facet normal 0 0 -1
    outer loop
      vertex 6.76095 42.0083 1.6
      vertex 7.5219 41.0166 1.6
      vertex 7.25 40.8349 1.6
    endloop
  endfacet
  facet normal -0 0 -1
    outer loop
      vertex 8.3097 43.9567 1.6
      vertex 7.15485 43.4784 1.6
      vertex 8.16506 44.25 1.6
    endloop
  endfacet
  facet normal 0 0 -1
    outer loop
      vertex 7.08253 43.625 1.6
      vertex 8.16506 44.25 1.6
      vertex 7.15485 43.4784 1.6
    endloop
  endfacet
  facet normal -0 0 -1
    outer loop
      vertex 8.16506 44.25 1.6
      vertex 7.08253 43.625 1.6
      vertex 7.98338 44.5219 1.6
    endloop
  endfacet
  facet normal 0 0 -1
    outer loop
      vertex 6.99169 43.761 1.6
      vertex 7.98338 44.5219 1.6
      vertex 7.08253 43.625 1.6
    endloop
  endfacet
  facet normal -0 0 -1
    outer loop
      vertex 7.98338 44.5219 1.6
      vertex 6.99169 43.761 1.6
      vertex 7.76777 44.7678 1.6
    endloop
  endfacet
  facet normal 0 0 -1
    outer loop
      vertex 6.88388 43.8839 1.6
      vertex 7.76777 44.7678 1.6
      vertex 6.99169 43.761 1.6
    endloop
  endfacet
  facet normal -0 0 -1
    outer loop
      vertex 7.76777 44.7678 1.6
      vertex 6.88388 43.8839 1.6
      vertex 7.5219 44.9834 1.6
    endloop
  endfacet
  facet normal 0 0 -1
    outer loop
      vertex 6.76095 43.9917 1.6
      vertex 7.5219 44.9834 1.6
      vertex 6.88388 43.8839 1.6
    endloop
  endfacet
  facet normal -0 0 -1
    outer loop
      vertex 7.5219 44.9834 1.6
      vertex 6.76095 43.9917 1.6
      vertex 7.25 45.1651 1.6
    endloop
  endfacet
  facet normal 0 0 -1
    outer loop
      vertex 6.625 44.0825 1.6
      vertex 7.25 45.1651 1.6
      vertex 6.76095 43.9917 1.6
    endloop
  endfacet
  facet normal -0 0 -1
    outer loop
      vertex 7.25 45.1651 1.6
      vertex 6.625 44.0825 1.6
      vertex 6.95671 45.3097 1.6
    endloop
  endfacet
  facet normal 0 0 -1
    outer loop
      vertex 6.47835 44.1549 1.6
      vertex 6.95671 45.3097 1.6
      vertex 6.625 44.0825 1.6
    endloop
  endfacet
  facet normal -0 0 -1
    outer loop
      vertex 6.95671 45.3097 1.6
      vertex 6.47835 44.1549 1.6
      vertex 6.64705 45.4148 1.6
    endloop
  endfacet
  facet normal 0 0 -1
    outer loop
      vertex 6.32352 44.2074 1.6
      vertex 6.64705 45.4148 1.6
      vertex 6.47835 44.1549 1.6
    endloop
  endfacet
  facet normal -0 0 -1
    outer loop
      vertex 6.64705 45.4148 1.6
      vertex 6.32352 44.2074 1.6
      vertex 6.32631 45.4786 1.6
    endloop
  endfacet
  facet normal 0 0 -1
    outer loop
      vertex 6.16316 44.2393 1.6
      vertex 6.32631 45.4786 1.6
      vertex 6.32352 44.2074 1.6
    endloop
  endfacet
  facet normal 0 0 -1
    outer loop
      vertex 6 44.25 1.6
      vertex 6.32631 45.4786 1.6
      vertex 6.16316 44.2393 1.6
    endloop
  endfacet
  facet normal 0 0 -1
    outer loop
      vertex 6 44.25 1.6
      vertex 6 45.5 1.6
      vertex 6.32631 45.4786 1.6
    endloop
  endfacet
  facet normal 0 0 -1
    outer loop
      vertex 5.83684 44.2393 1.6
      vertex 6 45.5 1.6
      vertex 6 44.25 1.6
    endloop
  endfacet
  facet normal 0 0 -1
    outer loop
      vertex 5.67369 45.4786 1.6
      vertex 5.83684 44.2393 1.6
      vertex 5.67648 44.2074 1.6
    endloop
  endfacet
  facet normal 0 0 -1
    outer loop
      vertex 5.83684 44.2393 1.6
      vertex 5.67369 45.4786 1.6
      vertex 6 45.5 1.6
    endloop
  endfacet
  facet normal 0 0 -1
    outer loop
      vertex 5.35295 45.4148 1.6
      vertex 5.67648 44.2074 1.6
      vertex 5.52165 44.1549 1.6
    endloop
  endfacet
  facet normal 0 0 -1
    outer loop
      vertex 5.04329 45.3097 1.6
      vertex 5.52165 44.1549 1.6
      vertex 5.375 44.0825 1.6
    endloop
  endfacet
  facet normal 0 0 -1
    outer loop
      vertex 5.67648 44.2074 1.6
      vertex 5.35295 45.4148 1.6
      vertex 5.67369 45.4786 1.6
    endloop
  endfacet
  facet normal 0 0 -1
    outer loop
      vertex 4.75 45.1651 1.6
      vertex 5.375 44.0825 1.6
      vertex 5.23905 43.9917 1.6
    endloop
  endfacet
  facet normal 0 0 -1
    outer loop
      vertex 4.75 45.1651 1.6
      vertex 5.23905 43.9917 1.6
      vertex 5.11612 43.8839 1.6
    endloop
  endfacet
  facet normal 0 0 -1
    outer loop
      vertex 5.52165 44.1549 1.6
      vertex 5.04329 45.3097 1.6
      vertex 5.35295 45.4148 1.6
    endloop
  endfacet
  facet normal 0 0 -1
    outer loop
      vertex 4.75 45.1651 1.6
      vertex 5.11612 43.8839 1.6
      vertex 5.00831 43.761 1.6
    endloop
  endfacet
  facet normal 0 0 -1
    outer loop
      vertex 4.75 45.1651 1.6
      vertex 5.00831 43.761 1.6
      vertex 4.91747 43.625 1.6
    endloop
  endfacet
  facet normal 0 0 -1
    outer loop
      vertex 4.75 45.1651 1.6
      vertex 4.91747 43.625 1.6
      vertex 4.84515 43.4784 1.6
    endloop
  endfacet
  facet normal 0 0 -1
    outer loop
      vertex 4.75 45.1651 1.6
      vertex 4.84515 43.4784 1.6
      vertex 4.79259 43.3235 1.6
    endloop
  endfacet
  facet normal 0 0 -1
    outer loop
      vertex 4.75 45.1651 1.6
      vertex 4.79259 43.3235 1.6
      vertex 4.76069 43.1632 1.6
    endloop
  endfacet
  facet normal 0 0 -1
    outer loop
      vertex 5.375 44.0825 1.6
      vertex 4.75 45.1651 1.6
      vertex 5.04329 45.3097 1.6
    endloop
  endfacet
  facet normal 0 0 -1
    outer loop
      vertex 4.75 45.1651 1.6
      vertex 4.76069 43.1632 1.6
      vertex 4.75 43 1.6
    endloop
  endfacet
  facet normal 0.555617 -0.831438 0
    outer loop
      vertex 7.25 40.8349 1.6
      vertex 7.5219 41.0166 4.6
      vertex 7.25 40.8349 4.6
    endloop
  endfacet
  facet normal 0.555617 -0.831438 0
    outer loop
      vertex 7.5219 41.0166 4.6
      vertex 7.25 40.8349 1.6
      vertex 7.5219 41.0166 1.6
    endloop
  endfacet
  facet normal -0.0654412 0.997856 0
    outer loop
      vertex 6 45.5 1.6
      vertex 5.67369 45.4786 4.6
      vertex 6 45.5 4.6
    endloop
  endfacet
  facet normal -0.0654412 0.997856 0
    outer loop
      vertex 5.67369 45.4786 4.6
      vertex 6 45.5 1.6
      vertex 5.67369 45.4786 1.6
    endloop
  endfacet
  facet normal -0.896872 -0.44229 1.50361e-19
    outer loop
      vertex 3.83494 41.75 1.6
      vertex 3.6903 42.0433 4.6
      vertex 3.6903 42.0433 1.6
    endloop
  endfacet
  facet normal -0.896872 -0.44229 1.50361e-19
    outer loop
      vertex 3.6903 42.0433 4.6
      vertex 3.83494 41.75 1.6
      vertex 3.83494 41.75 4.6
    endloop
  endfacet
  facet normal 0.831466 -0.555575 -8.829e-19
    outer loop
      vertex 7.98338 41.4781 4.6
      vertex 8.16506 41.75 1.6
      vertex 8.16506 41.75 4.6
    endloop
  endfacet
  facet normal 0.831466 -0.555575 -8.829e-19
    outer loop
      vertex 8.16506 41.75 1.6
      vertex 7.98338 41.4781 4.6
      vertex 7.98338 41.4781 1.6
    endloop
  endfacet
  facet normal 0 0 1
    outer loop
      vertex 8.47861 43.3263 4.6
      vertex 7.23931 43.1632 4.6
      vertex 7.25 43 4.6
    endloop
  endfacet
  facet normal 0 0 1
    outer loop
      vertex 7.5219 44.9834 4.6
      vertex 7.20741 43.3235 4.6
      vertex 7.23931 43.1632 4.6
    endloop
  endfacet
  facet normal 0 0 1
    outer loop
      vertex 7.5219 44.9834 4.6
      vertex 7.15485 43.4784 4.6
      vertex 7.20741 43.3235 4.6
    endloop
  endfacet
  facet normal 0 0 1
    outer loop
      vertex 7.5219 44.9834 4.6
      vertex 7.08253 43.625 4.6
      vertex 7.15485 43.4784 4.6
    endloop
  endfacet
  facet normal 0 0 1
    outer loop
      vertex 7.5219 44.9834 4.6
      vertex 6.99169 43.761 4.6
      vertex 7.08253 43.625 4.6
    endloop
  endfacet
  facet normal 0 0 1
    outer loop
      vertex 6.625 44.0825 4.6
      vertex 7.25 45.1651 4.6
      vertex 6.95671 45.3097 4.6
    endloop
  endfacet
  facet normal 0 0 1
    outer loop
      vertex 7.5219 44.9834 4.6
      vertex 6.88388 43.8839 4.6
      vertex 6.99169 43.761 4.6
    endloop
  endfacet
  facet normal 0 0 1
    outer loop
      vertex 7.5219 44.9834 4.6
      vertex 6.76095 43.9917 4.6
      vertex 6.88388 43.8839 4.6
    endloop
  endfacet
  facet normal 0 0 1
    outer loop
      vertex 6.47835 44.1549 4.6
      vertex 6.95671 45.3097 4.6
      vertex 6.64705 45.4148 4.6
    endloop
  endfacet
  facet normal 0 0 1
    outer loop
      vertex 7.25 45.1651 4.6
      vertex 6.625 44.0825 4.6
      vertex 6.76095 43.9917 4.6
    endloop
  endfacet
  facet normal 0 0 1
    outer loop
      vertex 6.95671 45.3097 4.6
      vertex 6.47835 44.1549 4.6
      vertex 6.625 44.0825 4.6
    endloop
  endfacet
  facet normal 0 0 1
    outer loop
      vertex 6.32352 44.2074 4.6
      vertex 6.64705 45.4148 4.6
      vertex 6.32631 45.4786 4.6
    endloop
  endfacet
  facet normal 0 0 1
    outer loop
      vertex 6.64705 45.4148 4.6
      vertex 6.32352 44.2074 4.6
      vertex 6.47835 44.1549 4.6
    endloop
  endfacet
  facet normal 0 0 1
    outer loop
      vertex 6.32631 45.4786 4.6
      vertex 6.16316 44.2393 4.6
      vertex 6.32352 44.2074 4.6
    endloop
  endfacet
  facet normal 0 0 1
    outer loop
      vertex 6 45.5 4.6
      vertex 6.16316 44.2393 4.6
      vertex 6.32631 45.4786 4.6
    endloop
  endfacet
  facet normal 0 0 1
    outer loop
      vertex 6 45.5 4.6
      vertex 6 44.25 4.6
      vertex 6.16316 44.2393 4.6
    endloop
  endfacet
  facet normal 0 0 1
    outer loop
      vertex 6 45.5 4.6
      vertex 5.83684 44.2393 4.6
      vertex 6 44.25 4.6
    endloop
  endfacet
  facet normal -0 0 1
    outer loop
      vertex 5.67369 45.4786 4.6
      vertex 5.83684 44.2393 4.6
      vertex 6 45.5 4.6
    endloop
  endfacet
  facet normal 0 0 1
    outer loop
      vertex 5.83684 44.2393 4.6
      vertex 5.67369 45.4786 4.6
      vertex 5.67648 44.2074 4.6
    endloop
  endfacet
  facet normal -0 0 1
    outer loop
      vertex 5.35295 45.4148 4.6
      vertex 5.67648 44.2074 4.6
      vertex 5.67369 45.4786 4.6
    endloop
  endfacet
  facet normal 0 0 1
    outer loop
      vertex 5.67648 44.2074 4.6
      vertex 5.35295 45.4148 4.6
      vertex 5.52165 44.1549 4.6
    endloop
  endfacet
  facet normal -0 0 1
    outer loop
      vertex 5.04329 45.3097 4.6
      vertex 5.52165 44.1549 4.6
      vertex 5.35295 45.4148 4.6
    endloop
  endfacet
  facet normal 0 0 1
    outer loop
      vertex 5.52165 44.1549 4.6
      vertex 5.04329 45.3097 4.6
      vertex 5.375 44.0825 4.6
    endloop
  endfacet
  facet normal -0 0 1
    outer loop
      vertex 4.75 45.1651 4.6
      vertex 5.375 44.0825 4.6
      vertex 5.04329 45.3097 4.6
    endloop
  endfacet
  facet normal 0 0 1
    outer loop
      vertex 5.375 44.0825 4.6
      vertex 4.75 45.1651 4.6
      vertex 5.23905 43.9917 4.6
    endloop
  endfacet
  facet normal -0 0 1
    outer loop
      vertex 4.4781 44.9834 4.6
      vertex 5.23905 43.9917 4.6
      vertex 4.75 45.1651 4.6
    endloop
  endfacet
  facet normal 0 0 1
    outer loop
      vertex 5.23905 43.9917 4.6
      vertex 4.4781 44.9834 4.6
      vertex 5.11612 43.8839 4.6
    endloop
  endfacet
  facet normal -0 0 1
    outer loop
      vertex 4.23223 44.7678 4.6
      vertex 5.11612 43.8839 4.6
      vertex 4.4781 44.9834 4.6
    endloop
  endfacet
  facet normal 0 0 1
    outer loop
      vertex 5.11612 43.8839 4.6
      vertex 4.23223 44.7678 4.6
      vertex 5.00831 43.761 4.6
    endloop
  endfacet
  facet normal -0 0 1
    outer loop
      vertex 4.01662 44.5219 4.6
      vertex 5.00831 43.761 4.6
      vertex 4.23223 44.7678 4.6
    endloop
  endfacet
  facet normal 0 0 1
    outer loop
      vertex 5.00831 43.761 4.6
      vertex 4.01662 44.5219 4.6
      vertex 4.91747 43.625 4.6
    endloop
  endfacet
  facet normal -0 0 1
    outer loop
      vertex 3.83494 44.25 4.6
      vertex 4.91747 43.625 4.6
      vertex 4.01662 44.5219 4.6
    endloop
  endfacet
  facet normal 0 0 1
    outer loop
      vertex 4.91747 43.625 4.6
      vertex 3.83494 44.25 4.6
      vertex 4.84515 43.4784 4.6
    endloop
  endfacet
  facet normal -0 0 1
    outer loop
      vertex 3.6903 43.9567 4.6
      vertex 4.84515 43.4784 4.6
      vertex 3.83494 44.25 4.6
    endloop
  endfacet
  facet normal 0 0 1
    outer loop
      vertex 4.75 43 4.6
      vertex 4.4781 41.0166 4.6
      vertex 4.75 40.8349 4.6
    endloop
  endfacet
  facet normal 0 0 1
    outer loop
      vertex 4.84515 43.4784 4.6
      vertex 3.6903 43.9567 4.6
      vertex 4.79259 43.3235 4.6
    endloop
  endfacet
  facet normal 0 0 1
    outer loop
      vertex 4.75 43 4.6
      vertex 4.23223 41.2322 4.6
      vertex 4.4781 41.0166 4.6
    endloop
  endfacet
  facet normal -0 0 1
    outer loop
      vertex 3.58519 43.647 4.6
      vertex 4.79259 43.3235 4.6
      vertex 3.6903 43.9567 4.6
    endloop
  endfacet
  facet normal 0 0 1
    outer loop
      vertex 4.75 43 4.6
      vertex 4.01662 41.4781 4.6
      vertex 4.23223 41.2322 4.6
    endloop
  endfacet
  facet normal 0 0 1
    outer loop
      vertex 4.79259 43.3235 4.6
      vertex 3.58519 43.647 4.6
      vertex 4.76069 43.1632 4.6
    endloop
  endfacet
  facet normal 0 0 1
    outer loop
      vertex 4.75 43 4.6
      vertex 3.83494 41.75 4.6
      vertex 4.01662 41.4781 4.6
    endloop
  endfacet
  facet normal -0 0 1
    outer loop
      vertex 3.52139 43.3263 4.6
      vertex 4.76069 43.1632 4.6
      vertex 3.58519 43.647 4.6
    endloop
  endfacet
  facet normal 0 0 1
    outer loop
      vertex 4.75 43 4.6
      vertex 3.6903 42.0433 4.6
      vertex 3.83494 41.75 4.6
    endloop
  endfacet
  facet normal 0 0 1
    outer loop
      vertex 4.76069 43.1632 4.6
      vertex 3.52139 43.3263 4.6
      vertex 4.75 43 4.6
    endloop
  endfacet
  facet normal 0 0 1
    outer loop
      vertex 4.75 43 4.6
      vertex 3.58519 42.353 4.6
      vertex 3.6903 42.0433 4.6
    endloop
  endfacet
  facet normal 0 0 1
    outer loop
      vertex 3.5 43 4.6
      vertex 4.75 43 4.6
      vertex 3.52139 43.3263 4.6
    endloop
  endfacet
  facet normal 0 0 1
    outer loop
      vertex 4.75 43 4.6
      vertex 3.52139 42.6737 4.6
      vertex 3.58519 42.353 4.6
    endloop
  endfacet
  facet normal 0 0 1
    outer loop
      vertex 4.75 43 4.6
      vertex 3.5 43 4.6
      vertex 3.52139 42.6737 4.6
    endloop
  endfacet
  facet normal 0 0 1
    outer loop
      vertex 7.25 43 4.6
      vertex 8.5 43 4.6
      vertex 8.47861 43.3263 4.6
    endloop
  endfacet
  facet normal 0 0 1
    outer loop
      vertex 7.23931 43.1632 4.6
      vertex 8.47861 43.3263 4.6
      vertex 8.41481 43.647 4.6
    endloop
  endfacet
  facet normal 0 0 1
    outer loop
      vertex 8.5 43 4.6
      vertex 7.25 43 4.6
      vertex 8.47861 42.6737 4.6
    endloop
  endfacet
  facet normal 0 0 1
    outer loop
      vertex 7.23931 43.1632 4.6
      vertex 8.41481 43.647 4.6
      vertex 8.3097 43.9567 4.6
    endloop
  endfacet
  facet normal -0 0 1
    outer loop
      vertex 7.23931 42.8368 4.6
      vertex 8.47861 42.6737 4.6
      vertex 7.25 43 4.6
    endloop
  endfacet
  facet normal 0 0 1
    outer loop
      vertex 7.23931 43.1632 4.6
      vertex 8.3097 43.9567 4.6
      vertex 8.16506 44.25 4.6
    endloop
  endfacet
  facet normal 0 0 1
    outer loop
      vertex 8.47861 42.6737 4.6
      vertex 7.23931 42.8368 4.6
      vertex 8.41481 42.353 4.6
    endloop
  endfacet
  facet normal 0 0 1
    outer loop
      vertex 7.23931 43.1632 4.6
      vertex 8.16506 44.25 4.6
      vertex 7.98338 44.5219 4.6
    endloop
  endfacet
  facet normal -0 0 1
    outer loop
      vertex 7.20741 42.6765 4.6
      vertex 8.41481 42.353 4.6
      vertex 7.23931 42.8368 4.6
    endloop
  endfacet
  facet normal 0 0 1
    outer loop
      vertex 7.23931 43.1632 4.6
      vertex 7.98338 44.5219 4.6
      vertex 7.76777 44.7678 4.6
    endloop
  endfacet
  facet normal 0 0 1
    outer loop
      vertex 8.41481 42.353 4.6
      vertex 7.20741 42.6765 4.6
      vertex 8.3097 42.0433 4.6
    endloop
  endfacet
  facet normal 0 0 1
    outer loop
      vertex 7.23931 43.1632 4.6
      vertex 7.76777 44.7678 4.6
      vertex 7.5219 44.9834 4.6
    endloop
  endfacet
  facet normal -0 0 1
    outer loop
      vertex 7.15485 42.5216 4.6
      vertex 8.3097 42.0433 4.6
      vertex 7.20741 42.6765 4.6
    endloop
  endfacet
  facet normal 0 0 1
    outer loop
      vertex 6.76095 43.9917 4.6
      vertex 7.5219 44.9834 4.6
      vertex 7.25 45.1651 4.6
    endloop
  endfacet
  facet normal 0 0 1
    outer loop
      vertex 8.3097 42.0433 4.6
      vertex 7.15485 42.5216 4.6
      vertex 8.16506 41.75 4.6
    endloop
  endfacet
  facet normal -0 0 1
    outer loop
      vertex 7.08253 42.375 4.6
      vertex 8.16506 41.75 4.6
      vertex 7.15485 42.5216 4.6
    endloop
  endfacet
  facet normal 0 0 1
    outer loop
      vertex 8.16506 41.75 4.6
      vertex 7.08253 42.375 4.6
      vertex 7.98338 41.4781 4.6
    endloop
  endfacet
  facet normal -0 0 1
    outer loop
      vertex 6.99169 42.239 4.6
      vertex 7.98338 41.4781 4.6
      vertex 7.08253 42.375 4.6
    endloop
  endfacet
  facet normal 0 0 1
    outer loop
      vertex 7.98338 41.4781 4.6
      vertex 6.99169 42.239 4.6
      vertex 7.76777 41.2322 4.6
    endloop
  endfacet
  facet normal -0 0 1
    outer loop
      vertex 6.88388 42.1161 4.6
      vertex 7.76777 41.2322 4.6
      vertex 6.99169 42.239 4.6
    endloop
  endfacet
  facet normal 0 0 1
    outer loop
      vertex 7.76777 41.2322 4.6
      vertex 6.88388 42.1161 4.6
      vertex 7.5219 41.0166 4.6
    endloop
  endfacet
  facet normal -0 0 1
    outer loop
      vertex 6.76095 42.0083 4.6
      vertex 7.5219 41.0166 4.6
      vertex 6.88388 42.1161 4.6
    endloop
  endfacet
  facet normal 0 0 1
    outer loop
      vertex 7.5219 41.0166 4.6
      vertex 6.76095 42.0083 4.6
      vertex 7.25 40.8349 4.6
    endloop
  endfacet
  facet normal -0 0 1
    outer loop
      vertex 6.625 41.9175 4.6
      vertex 7.25 40.8349 4.6
      vertex 6.76095 42.0083 4.6
    endloop
  endfacet
  facet normal 0 0 1
    outer loop
      vertex 7.25 40.8349 4.6
      vertex 6.625 41.9175 4.6
      vertex 6.95671 40.6903 4.6
    endloop
  endfacet
  facet normal -0 0 1
    outer loop
      vertex 6.47835 41.8451 4.6
      vertex 6.95671 40.6903 4.6
      vertex 6.625 41.9175 4.6
    endloop
  endfacet
  facet normal 0 0 1
    outer loop
      vertex 6.95671 40.6903 4.6
      vertex 6.47835 41.8451 4.6
      vertex 6.64705 40.5852 4.6
    endloop
  endfacet
  facet normal -0 0 1
    outer loop
      vertex 6.32352 41.7926 4.6
      vertex 6.64705 40.5852 4.6
      vertex 6.47835 41.8451 4.6
    endloop
  endfacet
  facet normal 0 0 1
    outer loop
      vertex 6.64705 40.5852 4.6
      vertex 6.32352 41.7926 4.6
      vertex 6.32631 40.5214 4.6
    endloop
  endfacet
  facet normal -0 0 1
    outer loop
      vertex 6.16316 41.7607 4.6
      vertex 6.32631 40.5214 4.6
      vertex 6.32352 41.7926 4.6
    endloop
  endfacet
  facet normal -0 0 1
    outer loop
      vertex 6 41.75 4.6
      vertex 6.32631 40.5214 4.6
      vertex 6.16316 41.7607 4.6
    endloop
  endfacet
  facet normal 0 0 1
    outer loop
      vertex 6 41.75 4.6
      vertex 6 40.5 4.6
      vertex 6.32631 40.5214 4.6
    endloop
  endfacet
  facet normal 0 0 1
    outer loop
      vertex 5.83684 41.7607 4.6
      vertex 6 40.5 4.6
      vertex 6 41.75 4.6
    endloop
  endfacet
  facet normal 0 0 1
    outer loop
      vertex 5.67369 40.5214 4.6
      vertex 5.83684 41.7607 4.6
      vertex 5.67648 41.7926 4.6
    endloop
  endfacet
  facet normal 0 0 1
    outer loop
      vertex 5.83684 41.7607 4.6
      vertex 5.67369 40.5214 4.6
      vertex 6 40.5 4.6
    endloop
  endfacet
  facet normal 0 0 1
    outer loop
      vertex 5.35295 40.5852 4.6
      vertex 5.67648 41.7926 4.6
      vertex 5.52165 41.8451 4.6
    endloop
  endfacet
  facet normal 0 0 1
    outer loop
      vertex 5.04329 40.6903 4.6
      vertex 5.52165 41.8451 4.6
      vertex 5.375 41.9175 4.6
    endloop
  endfacet
  facet normal 0 0 1
    outer loop
      vertex 5.67648 41.7926 4.6
      vertex 5.35295 40.5852 4.6
      vertex 5.67369 40.5214 4.6
    endloop
  endfacet
  facet normal 0 0 1
    outer loop
      vertex 4.75 40.8349 4.6
      vertex 5.375 41.9175 4.6
      vertex 5.23905 42.0083 4.6
    endloop
  endfacet
  facet normal 0 0 1
    outer loop
      vertex 4.75 40.8349 4.6
      vertex 5.23905 42.0083 4.6
      vertex 5.11612 42.1161 4.6
    endloop
  endfacet
  facet normal 0 0 1
    outer loop
      vertex 5.52165 41.8451 4.6
      vertex 5.04329 40.6903 4.6
      vertex 5.35295 40.5852 4.6
    endloop
  endfacet
  facet normal 0 0 1
    outer loop
      vertex 4.75 40.8349 4.6
      vertex 5.11612 42.1161 4.6
      vertex 5.00831 42.239 4.6
    endloop
  endfacet
  facet normal 0 0 1
    outer loop
      vertex 4.75 40.8349 4.6
      vertex 5.00831 42.239 4.6
      vertex 4.91747 42.375 4.6
    endloop
  endfacet
  facet normal 0 0 1
    outer loop
      vertex 4.75 40.8349 4.6
      vertex 4.91747 42.375 4.6
      vertex 4.84515 42.5216 4.6
    endloop
  endfacet
  facet normal 0 0 1
    outer loop
      vertex 4.75 40.8349 4.6
      vertex 4.84515 42.5216 4.6
      vertex 4.79259 42.6765 4.6
    endloop
  endfacet
  facet normal 0 0 1
    outer loop
      vertex 4.75 40.8349 4.6
      vertex 4.79259 42.6765 4.6
      vertex 4.76069 42.8368 4.6
    endloop
  endfacet
  facet normal 0 0 1
    outer loop
      vertex 5.375 41.9175 4.6
      vertex 4.75 40.8349 4.6
      vertex 5.04329 40.6903 4.6
    endloop
  endfacet
  facet normal 0 0 1
    outer loop
      vertex 4.75 40.8349 4.6
      vertex 4.76069 42.8368 4.6
      vertex 4.75 43 4.6
    endloop
  endfacet
  facet normal 0.555617 0.831438 -0
    outer loop
      vertex 7.5219 44.9834 1.6
      vertex 7.25 45.1651 4.6
      vertex 7.5219 44.9834 4.6
    endloop
  endfacet
  facet normal 0.555617 0.831438 0
    outer loop
      vertex 7.25 45.1651 4.6
      vertex 7.5219 44.9834 1.6
      vertex 7.25 45.1651 1.6
    endloop
  endfacet
  facet normal -0.659307 0.751873 0
    outer loop
      vertex 4.4781 44.9834 1.6
      vertex 4.23223 44.7678 4.6
      vertex 4.4781 44.9834 4.6
    endloop
  endfacet
  facet normal -0.659307 0.751873 0
    outer loop
      vertex 4.23223 44.7678 4.6
      vertex 4.4781 44.9834 1.6
      vertex 4.23223 44.7678 1.6
    endloop
  endfacet
  facet normal 0.98078 -0.195116 -1.24775e-18
    outer loop
      vertex 8.41481 42.353 4.6
      vertex 8.47861 42.6737 1.6
      vertex 8.47861 42.6737 4.6
    endloop
  endfacet
  facet normal 0.98078 -0.195116 -1.24775e-18
    outer loop
      vertex 8.47861 42.6737 1.6
      vertex 8.41481 42.353 4.6
      vertex 8.41481 42.353 1.6
    endloop
  endfacet
  facet normal 0.896872 -0.44229 3.08612e-18
    outer loop
      vertex 8.16506 41.75 4.6
      vertex 8.3097 42.0433 1.6
      vertex 8.3097 42.0433 4.6
    endloop
  endfacet
  facet normal 0.896872 -0.44229 3.08612e-18
    outer loop
      vertex 8.3097 42.0433 1.6
      vertex 8.16506 41.75 4.6
      vertex 8.16506 41.75 1.6
    endloop
  endfacet
  facet normal 0.195093 -0.980785 0
    outer loop
      vertex 6.32631 40.5214 1.6
      vertex 6.64705 40.5852 4.6
      vertex 6.32631 40.5214 4.6
    endloop
  endfacet
  facet normal 0.195093 -0.980785 0
    outer loop
      vertex 6.64705 40.5852 4.6
      vertex 6.32631 40.5214 1.6
      vertex 6.64705 40.5852 1.6
    endloop
  endfacet
  facet normal -0.555617 0.831438 0
    outer loop
      vertex 4.75 45.1651 1.6
      vertex 4.4781 44.9834 4.6
      vertex 4.75 45.1651 4.6
    endloop
  endfacet
  facet normal -0.555617 0.831438 0
    outer loop
      vertex 4.4781 44.9834 4.6
      vertex 4.75 45.1651 1.6
      vertex 4.4781 44.9834 1.6
    endloop
  endfacet
  facet normal -0.0654412 -0.997856 0
    outer loop
      vertex 5.67369 40.5214 1.6
      vertex 6 40.5 4.6
      vertex 5.67369 40.5214 4.6
    endloop
  endfacet
  facet normal -0.0654412 -0.997856 -0
    outer loop
      vertex 6 40.5 4.6
      vertex 5.67369 40.5214 1.6
      vertex 6 40.5 1.6
    endloop
  endfacet
  facet normal -0.896872 0.44229 -1.50361e-19
    outer loop
      vertex 3.6903 43.9567 1.6
      vertex 3.83494 44.25 4.6
      vertex 3.83494 44.25 1.6
    endloop
  endfacet
  facet normal -0.896872 0.44229 -1.50361e-19
    outer loop
      vertex 3.83494 44.25 4.6
      vertex 3.6903 43.9567 1.6
      vertex 3.6903 43.9567 4.6
    endloop
  endfacet
  facet normal -0.321397 -0.946944 0
    outer loop
      vertex 5.04329 40.6903 1.6
      vertex 5.35295 40.5852 4.6
      vertex 5.04329 40.6903 4.6
    endloop
  endfacet
  facet normal -0.321397 -0.946944 -0
    outer loop
      vertex 5.35295 40.5852 4.6
      vertex 5.04329 40.6903 1.6
      vertex 5.35295 40.5852 1.6
    endloop
  endfacet
  facet normal -0.831466 -0.555575 -3.34959e-18
    outer loop
      vertex 4.01662 41.4781 1.6
      vertex 3.83494 41.75 4.6
      vertex 3.83494 41.75 1.6
    endloop
  endfacet
  facet normal -0.831466 -0.555575 -3.34959e-18
    outer loop
      vertex 3.83494 41.75 4.6
      vertex 4.01662 41.4781 1.6
      vertex 4.01662 41.4781 4.6
    endloop
  endfacet
  facet normal -0.751898 -0.659279 2.63785e-18
    outer loop
      vertex 4.23223 41.2322 1.6
      vertex 4.01662 41.4781 4.6
      vertex 4.01662 41.4781 1.6
    endloop
  endfacet
  facet normal -0.751898 -0.659279 2.63785e-18
    outer loop
      vertex 4.01662 41.4781 4.6
      vertex 4.23223 41.2322 1.6
      vertex 4.23223 41.2322 4.6
    endloop
  endfacet
  facet normal -0.98078 0.195116 -1.42318e-18
    outer loop
      vertex 3.52139 43.3263 1.6
      vertex 3.58519 43.647 4.6
      vertex 3.58519 43.647 1.6
    endloop
  endfacet
  facet normal -0.98078 0.195116 -1.42318e-18
    outer loop
      vertex 3.58519 43.647 4.6
      vertex 3.52139 43.3263 1.6
      vertex 3.52139 43.3263 4.6
    endloop
  endfacet
  facet normal 0.321397 0.946944 -0
    outer loop
      vertex 6.95671 45.3097 1.6
      vertex 6.64705 45.4148 4.6
      vertex 6.95671 45.3097 4.6
    endloop
  endfacet
  facet normal 0.321397 0.946944 0
    outer loop
      vertex 6.64705 45.4148 4.6
      vertex 6.95671 45.3097 1.6
      vertex 6.64705 45.4148 1.6
    endloop
  endfacet
  facet normal -0.659307 -0.751873 0
    outer loop
      vertex 4.23223 41.2322 1.6
      vertex 4.4781 41.0166 4.6
      vertex 4.23223 41.2322 4.6
    endloop
  endfacet
  facet normal -0.659307 -0.751873 -0
    outer loop
      vertex 4.4781 41.0166 4.6
      vertex 4.23223 41.2322 1.6
      vertex 4.4781 41.0166 1.6
    endloop
  endfacet
  facet normal -0.195093 -0.980785 0
    outer loop
      vertex 5.35295 40.5852 1.6
      vertex 5.67369 40.5214 4.6
      vertex 5.35295 40.5852 4.6
    endloop
  endfacet
  facet normal -0.195093 -0.980785 -0
    outer loop
      vertex 5.67369 40.5214 4.6
      vertex 5.35295 40.5852 1.6
      vertex 5.67369 40.5214 1.6
    endloop
  endfacet
  facet normal 0.659307 -0.751873 0
    outer loop
      vertex 7.5219 41.0166 1.6
      vertex 7.76777 41.2322 4.6
      vertex 7.5219 41.0166 4.6
    endloop
  endfacet
  facet normal 0.659307 -0.751873 0
    outer loop
      vertex 7.76777 41.2322 4.6
      vertex 7.5219 41.0166 1.6
      vertex 7.76777 41.2322 1.6
    endloop
  endfacet
  facet normal 0.195093 0.980785 -0
    outer loop
      vertex 6.64705 45.4148 1.6
      vertex 6.32631 45.4786 4.6
      vertex 6.64705 45.4148 4.6
    endloop
  endfacet
  facet normal 0.195093 0.980785 0
    outer loop
      vertex 6.32631 45.4786 4.6
      vertex 6.64705 45.4148 1.6
      vertex 6.32631 45.4786 1.6
    endloop
  endfacet
  facet normal 0.75175 -0.659448 -1.00172e-18
    outer loop
      vertex 5.00831 43.761 4.6
      vertex 5.11612 43.8839 1.6
      vertex 5.11612 43.8839 4.6
    endloop
  endfacet
  facet normal 0.75175 -0.659448 -1.00172e-18
    outer loop
      vertex 5.11612 43.8839 1.6
      vertex 5.00831 43.761 4.6
      vertex 5.00831 43.761 1.6
    endloop
  endfacet
  facet normal -0.980768 -0.195175 -3.20064e-19
    outer loop
      vertex 7.23931 43.1632 1.6
      vertex 7.20741 43.3235 4.6
      vertex 7.20741 43.3235 1.6
    endloop
  endfacet
  facet normal -0.980768 -0.195175 -3.20064e-19
    outer loop
      vertex 7.20741 43.3235 4.6
      vertex 7.23931 43.1632 1.6
      vertex 7.23931 43.1632 4.6
    endloop
  endfacet
  facet normal -0.0654392 0.997857 0
    outer loop
      vertex 6.16316 41.7607 1.6
      vertex 6 41.75 4.6
      vertex 6.16316 41.7607 4.6
    endloop
  endfacet
  facet normal -0.0654392 0.997857 0
    outer loop
      vertex 6 41.75 4.6
      vertex 6.16316 41.7607 1.6
      vertex 6 41.75 1.6
    endloop
  endfacet
  facet normal 0.94697 -0.321322 -1.14742e-18
    outer loop
      vertex 4.79259 43.3235 4.6
      vertex 4.84515 43.4784 1.6
      vertex 4.84515 43.4784 4.6
    endloop
  endfacet
  facet normal 0.94697 -0.321322 -1.14742e-18
    outer loop
      vertex 4.84515 43.4784 1.6
      vertex 4.79259 43.3235 4.6
      vertex 4.79259 43.3235 1.6
    endloop
  endfacet
  facet normal -0.831561 -0.555434 1.9937e-19
    outer loop
      vertex 7.08253 43.625 1.6
      vertex 6.99169 43.761 4.6
      vertex 6.99169 43.761 1.6
    endloop
  endfacet
  facet normal -0.831561 -0.555434 1.9937e-19
    outer loop
      vertex 6.99169 43.761 4.6
      vertex 7.08253 43.625 1.6
      vertex 7.08253 43.625 4.6
    endloop
  endfacet
  facet normal 0.195105 -0.980782 0
    outer loop
      vertex 5.67648 44.2074 1.6
      vertex 5.83684 44.2393 4.6
      vertex 5.67648 44.2074 4.6
    endloop
  endfacet
  facet normal 0.195105 -0.980782 0
    outer loop
      vertex 5.83684 44.2393 4.6
      vertex 5.67648 44.2074 1.6
      vertex 5.83684 44.2393 1.6
    endloop
  endfacet
  facet normal -0.659323 0.75186 0
    outer loop
      vertex 6.88388 42.1161 1.6
      vertex 6.76095 42.0083 4.6
      vertex 6.88388 42.1161 4.6
    endloop
  endfacet
  facet normal -0.659323 0.75186 0
    outer loop
      vertex 6.76095 42.0083 4.6
      vertex 6.88388 42.1161 1.6
      vertex 6.76095 42.0083 1.6
    endloop
  endfacet
  facet normal -0.997862 -0.0653624 1.22871e-19
    outer loop
      vertex 7.25 43 1.6
      vertex 7.23931 43.1632 4.6
      vertex 7.23931 43.1632 1.6
    endloop
  endfacet
  facet normal -0.997862 -0.0653624 1.22871e-19
    outer loop
      vertex 7.23931 43.1632 4.6
      vertex 7.25 43 1.6
      vertex 7.25 43 4.6
    endloop
  endfacet
  facet normal 0.997862 -0.0653624 -1.22871e-19
    outer loop
      vertex 4.75 43 4.6
      vertex 4.76069 43.1632 1.6
      vertex 4.76069 43.1632 4.6
    endloop
  endfacet
  facet normal 0.997862 -0.0653624 -1.22871e-19
    outer loop
      vertex 4.76069 43.1632 1.6
      vertex 4.75 43 4.6
      vertex 4.75 43 1.6
    endloop
  endfacet
  facet normal -0.94697 -0.321322 1.14742e-18
    outer loop
      vertex 7.20741 43.3235 1.6
      vertex 7.15485 43.4784 4.6
      vertex 7.15485 43.4784 1.6
    endloop
  endfacet
  facet normal -0.94697 -0.321322 1.14742e-18
    outer loop
      vertex 7.15485 43.4784 4.6
      vertex 7.20741 43.3235 1.6
      vertex 7.20741 43.3235 4.6
    endloop
  endfacet
  facet normal 0.321123 0.947038 -0
    outer loop
      vertex 5.67648 41.7926 1.6
      vertex 5.52165 41.8451 4.6
      vertex 5.67648 41.7926 4.6
    endloop
  endfacet
  facet normal 0.321123 0.947038 0
    outer loop
      vertex 5.52165 41.8451 4.6
      vertex 5.67648 41.7926 1.6
      vertex 5.52165 41.8451 1.6
    endloop
  endfacet
  facet normal -0.555406 -0.831579 0
    outer loop
      vertex 6.625 44.0825 1.6
      vertex 6.76095 43.9917 4.6
      vertex 6.625 44.0825 4.6
    endloop
  endfacet
  facet normal -0.555406 -0.831579 -0
    outer loop
      vertex 6.76095 43.9917 4.6
      vertex 6.625 44.0825 1.6
      vertex 6.76095 43.9917 1.6
    endloop
  endfacet
  facet normal 0.997862 0.0653624 1.22871e-19
    outer loop
      vertex 4.76069 42.8368 4.6
      vertex 4.75 43 1.6
      vertex 4.75 43 4.6
    endloop
  endfacet
  facet normal 0.997862 0.0653624 1.22871e-19
    outer loop
      vertex 4.75 43 1.6
      vertex 4.76069 42.8368 4.6
      vertex 4.76069 42.8368 1.6
    endloop
  endfacet
  facet normal -0.195105 -0.980782 0
    outer loop
      vertex 6.16316 44.2393 1.6
      vertex 6.32352 44.2074 4.6
      vertex 6.16316 44.2393 4.6
    endloop
  endfacet
  facet normal -0.195105 -0.980782 -0
    outer loop
      vertex 6.32352 44.2074 4.6
      vertex 6.16316 44.2393 1.6
      vertex 6.32352 44.2074 1.6
    endloop
  endfacet
  facet normal 0.94697 0.321322 1.14742e-18
    outer loop
      vertex 4.84515 42.5216 4.6
      vertex 4.79259 42.6765 1.6
      vertex 4.79259 42.6765 4.6
    endloop
  endfacet
  facet normal 0.94697 0.321322 1.14742e-18
    outer loop
      vertex 4.79259 42.6765 1.6
      vertex 4.84515 42.5216 4.6
      vertex 4.84515 42.5216 1.6
    endloop
  endfacet
  facet normal 0.0654392 0.997857 -0
    outer loop
      vertex 6 41.75 1.6
      vertex 5.83684 41.7607 4.6
      vertex 6 41.75 4.6
    endloop
  endfacet
  facet normal 0.0654392 0.997857 0
    outer loop
      vertex 5.83684 41.7607 4.6
      vertex 6 41.75 1.6
      vertex 5.83684 41.7607 1.6
    endloop
  endfacet
  facet normal -0.997862 0.0653624 -1.22871e-19
    outer loop
      vertex 7.23931 42.8368 1.6
      vertex 7.25 43 4.6
      vertex 7.25 43 1.6
    endloop
  endfacet
  facet normal -0.997862 0.0653624 -1.22871e-19
    outer loop
      vertex 7.25 43 4.6
      vertex 7.23931 42.8368 1.6
      vertex 7.23931 42.8368 4.6
    endloop
  endfacet
  facet normal -0.442683 0.896678 0
    outer loop
      vertex 6.625 41.9175 1.6
      vertex 6.47835 41.8451 4.6
      vertex 6.625 41.9175 4.6
    endloop
  endfacet
  facet normal -0.442683 0.896678 0
    outer loop
      vertex 6.47835 41.8451 4.6
      vertex 6.625 41.9175 1.6
      vertex 6.47835 41.8451 1.6
    endloop
  endfacet
  facet normal -0.0654392 -0.997857 0
    outer loop
      vertex 6 44.25 1.6
      vertex 6.16316 44.2393 4.6
      vertex 6 44.25 4.6
    endloop
  endfacet
  facet normal -0.0654392 -0.997857 -0
    outer loop
      vertex 6.16316 44.2393 4.6
      vertex 6 44.25 1.6
      vertex 6.16316 44.2393 1.6
    endloop
  endfacet
  facet normal 0.659323 0.75186 -0
    outer loop
      vertex 5.23905 42.0083 1.6
      vertex 5.11612 42.1161 4.6
      vertex 5.23905 42.0083 4.6
    endloop
  endfacet
  facet normal 0.659323 0.75186 0
    outer loop
      vertex 5.11612 42.1161 4.6
      vertex 5.23905 42.0083 1.6
      vertex 5.11612 42.1161 1.6
    endloop
  endfacet
  facet normal -0.980768 0.195175 3.20064e-19
    outer loop
      vertex 7.20741 42.6765 1.6
      vertex 7.23931 42.8368 4.6
      vertex 7.23931 42.8368 1.6
    endloop
  endfacet
  facet normal -0.980768 0.195175 3.20064e-19
    outer loop
      vertex 7.23931 42.8368 4.6
      vertex 7.20741 42.6765 1.6
      vertex 7.20741 42.6765 4.6
    endloop
  endfacet
  facet normal -0.831561 0.555434 -1.9937e-19
    outer loop
      vertex 6.99169 42.239 1.6
      vertex 7.08253 42.375 4.6
      vertex 7.08253 42.375 1.6
    endloop
  endfacet
  facet normal -0.831561 0.555434 -1.9937e-19
    outer loop
      vertex 7.08253 42.375 4.6
      vertex 6.99169 42.239 1.6
      vertex 6.99169 42.239 4.6
    endloop
  endfacet
  facet normal -0.896812 -0.442411 -2.61457e-19
    outer loop
      vertex 7.15485 43.4784 1.6
      vertex 7.08253 43.625 4.6
      vertex 7.08253 43.625 1.6
    endloop
  endfacet
  facet normal -0.896812 -0.442411 -2.61457e-19
    outer loop
      vertex 7.08253 43.625 4.6
      vertex 7.15485 43.4784 1.6
      vertex 7.15485 43.4784 4.6
    endloop
  endfacet
  facet normal -0.321123 0.947038 0
    outer loop
      vertex 6.47835 41.8451 1.6
      vertex 6.32352 41.7926 4.6
      vertex 6.47835 41.8451 4.6
    endloop
  endfacet
  facet normal -0.321123 0.947038 0
    outer loop
      vertex 6.32352 41.7926 4.6
      vertex 6.47835 41.8451 1.6
      vertex 6.32352 41.7926 1.6
    endloop
  endfacet
  facet normal -0.555406 0.831579 0
    outer loop
      vertex 6.76095 42.0083 1.6
      vertex 6.625 41.9175 4.6
      vertex 6.76095 42.0083 4.6
    endloop
  endfacet
  facet normal -0.555406 0.831579 0
    outer loop
      vertex 6.625 41.9175 4.6
      vertex 6.76095 42.0083 1.6
      vertex 6.625 41.9175 1.6
    endloop
  endfacet
  facet normal 0.659323 -0.75186 0
    outer loop
      vertex 5.11612 43.8839 1.6
      vertex 5.23905 43.9917 4.6
      vertex 5.11612 43.8839 4.6
    endloop
  endfacet
  facet normal 0.659323 -0.75186 0
    outer loop
      vertex 5.23905 43.9917 4.6
      vertex 5.11612 43.8839 1.6
      vertex 5.23905 43.9917 1.6
    endloop
  endfacet
  facet normal -0.442683 -0.896678 0
    outer loop
      vertex 6.47835 44.1549 1.6
      vertex 6.625 44.0825 4.6
      vertex 6.47835 44.1549 4.6
    endloop
  endfacet
  facet normal -0.442683 -0.896678 -0
    outer loop
      vertex 6.625 44.0825 4.6
      vertex 6.47835 44.1549 1.6
      vertex 6.625 44.0825 1.6
    endloop
  endfacet
  facet normal -0.896812 0.442411 2.61457e-19
    outer loop
      vertex 7.08253 42.375 1.6
      vertex 7.15485 42.5216 4.6
      vertex 7.15485 42.5216 1.6
    endloop
  endfacet
  facet normal -0.896812 0.442411 2.61457e-19
    outer loop
      vertex 7.15485 42.5216 4.6
      vertex 7.08253 42.375 1.6
      vertex 7.08253 42.375 4.6
    endloop
  endfacet
  facet normal 0.555406 0.831579 -0
    outer loop
      vertex 5.375 41.9175 1.6
      vertex 5.23905 42.0083 4.6
      vertex 5.375 41.9175 4.6
    endloop
  endfacet
  facet normal 0.555406 0.831579 0
    outer loop
      vertex 5.23905 42.0083 4.6
      vertex 5.375 41.9175 1.6
      vertex 5.23905 42.0083 1.6
    endloop
  endfacet
  facet normal -0.94697 0.321322 -1.14742e-18
    outer loop
      vertex 7.15485 42.5216 1.6
      vertex 7.20741 42.6765 4.6
      vertex 7.20741 42.6765 1.6
    endloop
  endfacet
  facet normal -0.94697 0.321322 -1.14742e-18
    outer loop
      vertex 7.20741 42.6765 4.6
      vertex 7.15485 42.5216 1.6
      vertex 7.15485 42.5216 4.6
    endloop
  endfacet
  facet normal -0.321123 -0.947038 0
    outer loop
      vertex 6.32352 44.2074 1.6
      vertex 6.47835 44.1549 4.6
      vertex 6.32352 44.2074 4.6
    endloop
  endfacet
  facet normal -0.321123 -0.947038 -0
    outer loop
      vertex 6.47835 44.1549 4.6
      vertex 6.32352 44.2074 1.6
      vertex 6.47835 44.1549 1.6
    endloop
  endfacet
  facet normal 0.980768 -0.195175 3.20064e-19
    outer loop
      vertex 4.76069 43.1632 4.6
      vertex 4.79259 43.3235 1.6
      vertex 4.79259 43.3235 4.6
    endloop
  endfacet
  facet normal 0.980768 -0.195175 3.20064e-19
    outer loop
      vertex 4.79259 43.3235 1.6
      vertex 4.76069 43.1632 4.6
      vertex 4.76069 43.1632 1.6
    endloop
  endfacet
  facet normal 0.75175 0.659448 1.00172e-18
    outer loop
      vertex 5.11612 42.1161 4.6
      vertex 5.00831 42.239 1.6
      vertex 5.00831 42.239 4.6
    endloop
  endfacet
  facet normal 0.75175 0.659448 1.00172e-18
    outer loop
      vertex 5.00831 42.239 1.6
      vertex 5.11612 42.1161 4.6
      vertex 5.11612 42.1161 1.6
    endloop
  endfacet
  facet normal 0.442683 -0.896678 0
    outer loop
      vertex 5.375 44.0825 1.6
      vertex 5.52165 44.1549 4.6
      vertex 5.375 44.0825 4.6
    endloop
  endfacet
  facet normal 0.442683 -0.896678 0
    outer loop
      vertex 5.52165 44.1549 4.6
      vertex 5.375 44.0825 1.6
      vertex 5.52165 44.1549 1.6
    endloop
  endfacet
  facet normal 0.896812 -0.442411 2.61457e-19
    outer loop
      vertex 4.84515 43.4784 4.6
      vertex 4.91747 43.625 1.6
      vertex 4.91747 43.625 4.6
    endloop
  endfacet
  facet normal 0.896812 -0.442411 2.61457e-19
    outer loop
      vertex 4.91747 43.625 1.6
      vertex 4.84515 43.4784 4.6
      vertex 4.84515 43.4784 1.6
    endloop
  endfacet
  facet normal -0.195105 0.980782 0
    outer loop
      vertex 6.32352 41.7926 1.6
      vertex 6.16316 41.7607 4.6
      vertex 6.32352 41.7926 4.6
    endloop
  endfacet
  facet normal -0.195105 0.980782 0
    outer loop
      vertex 6.16316 41.7607 4.6
      vertex 6.32352 41.7926 1.6
      vertex 6.16316 41.7607 1.6
    endloop
  endfacet
  facet normal 0.321123 -0.947038 0
    outer loop
      vertex 5.52165 44.1549 1.6
      vertex 5.67648 44.2074 4.6
      vertex 5.52165 44.1549 4.6
    endloop
  endfacet
  facet normal 0.321123 -0.947038 0
    outer loop
      vertex 5.67648 44.2074 4.6
      vertex 5.52165 44.1549 1.6
      vertex 5.67648 44.2074 1.6
    endloop
  endfacet
  facet normal 0.896812 0.442411 -2.61457e-19
    outer loop
      vertex 4.91747 42.375 4.6
      vertex 4.84515 42.5216 1.6
      vertex 4.84515 42.5216 4.6
    endloop
  endfacet
  facet normal 0.896812 0.442411 -2.61457e-19
    outer loop
      vertex 4.84515 42.5216 1.6
      vertex 4.91747 42.375 4.6
      vertex 4.91747 42.375 1.6
    endloop
  endfacet
  facet normal -0.75175 -0.659448 1.00172e-18
    outer loop
      vertex 6.99169 43.761 1.6
      vertex 6.88388 43.8839 4.6
      vertex 6.88388 43.8839 1.6
    endloop
  endfacet
  facet normal -0.75175 -0.659448 1.00172e-18
    outer loop
      vertex 6.88388 43.8839 4.6
      vertex 6.99169 43.761 1.6
      vertex 6.99169 43.761 4.6
    endloop
  endfacet
  facet normal 0.831561 -0.555434 -1.9937e-19
    outer loop
      vertex 4.91747 43.625 4.6
      vertex 5.00831 43.761 1.6
      vertex 5.00831 43.761 4.6
    endloop
  endfacet
  facet normal 0.831561 -0.555434 -1.9937e-19
    outer loop
      vertex 5.00831 43.761 1.6
      vertex 4.91747 43.625 4.6
      vertex 4.91747 43.625 1.6
    endloop
  endfacet
  facet normal 0.555406 -0.831579 0
    outer loop
      vertex 5.23905 43.9917 1.6
      vertex 5.375 44.0825 4.6
      vertex 5.23905 43.9917 4.6
    endloop
  endfacet
  facet normal 0.555406 -0.831579 0
    outer loop
      vertex 5.375 44.0825 4.6
      vertex 5.23905 43.9917 1.6
      vertex 5.375 44.0825 1.6
    endloop
  endfacet
  facet normal -0.659323 -0.75186 0
    outer loop
      vertex 6.76095 43.9917 1.6
      vertex 6.88388 43.8839 4.6
      vertex 6.76095 43.9917 4.6
    endloop
  endfacet
  facet normal -0.659323 -0.75186 -0
    outer loop
      vertex 6.88388 43.8839 4.6
      vertex 6.76095 43.9917 1.6
      vertex 6.88388 43.8839 1.6
    endloop
  endfacet
  facet normal 0.831561 0.555434 1.9937e-19
    outer loop
      vertex 5.00831 42.239 4.6
      vertex 4.91747 42.375 1.6
      vertex 4.91747 42.375 4.6
    endloop
  endfacet
  facet normal 0.831561 0.555434 1.9937e-19
    outer loop
      vertex 4.91747 42.375 1.6
      vertex 5.00831 42.239 4.6
      vertex 5.00831 42.239 1.6
    endloop
  endfacet
  facet normal 0.0654392 -0.997857 0
    outer loop
      vertex 5.83684 44.2393 1.6
      vertex 6 44.25 4.6
      vertex 5.83684 44.2393 4.6
    endloop
  endfacet
  facet normal 0.0654392 -0.997857 0
    outer loop
      vertex 6 44.25 4.6
      vertex 5.83684 44.2393 1.6
      vertex 6 44.25 1.6
    endloop
  endfacet
  facet normal 0.980768 0.195175 -3.20064e-19
    outer loop
      vertex 4.79259 42.6765 4.6
      vertex 4.76069 42.8368 1.6
      vertex 4.76069 42.8368 4.6
    endloop
  endfacet
  facet normal 0.980768 0.195175 -3.20064e-19
    outer loop
      vertex 4.76069 42.8368 1.6
      vertex 4.79259 42.6765 4.6
      vertex 4.79259 42.6765 1.6
    endloop
  endfacet
  facet normal 0.442683 0.896678 -0
    outer loop
      vertex 5.52165 41.8451 1.6
      vertex 5.375 41.9175 4.6
      vertex 5.52165 41.8451 4.6
    endloop
  endfacet
  facet normal 0.442683 0.896678 0
    outer loop
      vertex 5.375 41.9175 4.6
      vertex 5.52165 41.8451 1.6
      vertex 5.375 41.9175 1.6
    endloop
  endfacet
  facet normal -0.75175 0.659448 -1.00172e-18
    outer loop
      vertex 6.88388 42.1161 1.6
      vertex 6.99169 42.239 4.6
      vertex 6.99169 42.239 1.6
    endloop
  endfacet
  facet normal -0.75175 0.659448 -1.00172e-18
    outer loop
      vertex 6.99169 42.239 4.6
      vertex 6.88388 42.1161 1.6
      vertex 6.88388 42.1161 4.6
    endloop
  endfacet
  facet normal 0.195105 0.980782 -0
    outer loop
      vertex 5.83684 41.7607 1.6
      vertex 5.67648 41.7926 4.6
      vertex 5.83684 41.7607 4.6
    endloop
  endfacet
  facet normal 0.195105 0.980782 0
    outer loop
      vertex 5.67648 41.7926 4.6
      vertex 5.83684 41.7607 1.6
      vertex 5.67648 41.7926 1.6
    endloop
  endfacet
  facet normal 0.980785 0.195093 -1.07661e-18
    outer loop
      vertex 60.4786 6.32631 4.6
      vertex 60.4148 6.64705 1.6
      vertex 60.4148 6.64705 4.6
    endloop
  endfacet
  facet normal 0.980785 0.195093 -1.07661e-18
    outer loop
      vertex 60.4148 6.64705 1.6
      vertex 60.4786 6.32631 4.6
      vertex 60.4786 6.32631 1.6
    endloop
  endfacet
  facet normal 0.997856 0.0654412 2.76667e-19
    outer loop
      vertex 60.5 6 4.6
      vertex 60.4786 6.32631 1.6
      vertex 60.4786 6.32631 4.6
    endloop
  endfacet
  facet normal 0.997856 0.0654412 2.76667e-19
    outer loop
      vertex 60.4786 6.32631 1.6
      vertex 60.5 6 4.6
      vertex 60.5 6 1.6
    endloop
  endfacet
  facet normal -0.946944 0.321397 -1.00085e-18
    outer loop
      vertex 55.5852 6.64705 1.6
      vertex 55.6903 6.95671 4.6
      vertex 55.6903 6.95671 1.6
    endloop
  endfacet
  facet normal -0.946944 0.321397 -1.00085e-18
    outer loop
      vertex 55.6903 6.95671 4.6
      vertex 55.5852 6.64705 1.6
      vertex 55.5852 6.64705 4.6
    endloop
  endfacet
  facet normal -0.997856 -0.0654412 2.76667e-19
    outer loop
      vertex 55.5214 5.67369 1.6
      vertex 55.5 6 4.6
      vertex 55.5 6 1.6
    endloop
  endfacet
  facet normal -0.997856 -0.0654412 2.76667e-19
    outer loop
      vertex 55.5 6 4.6
      vertex 55.5214 5.67369 1.6
      vertex 55.5214 5.67369 4.6
    endloop
  endfacet
  facet normal -0.555575 -0.831466 0
    outer loop
      vertex 56.4781 4.01662 1.6
      vertex 56.75 3.83494 4.6
      vertex 56.4781 4.01662 4.6
    endloop
  endfacet
  facet normal -0.555575 -0.831466 -0
    outer loop
      vertex 56.75 3.83494 4.6
      vertex 56.4781 4.01662 1.6
      vertex 56.75 3.83494 1.6
    endloop
  endfacet
  facet normal -0.751873 0.659307 -2.58653e-18
    outer loop
      vertex 56.0166 7.5219 1.6
      vertex 56.2322 7.76777 4.6
      vertex 56.2322 7.76777 1.6
    endloop
  endfacet
  facet normal -0.751873 0.659307 -2.58653e-18
    outer loop
      vertex 56.2322 7.76777 4.6
      vertex 56.0166 7.5219 1.6
      vertex 56.0166 7.5219 4.6
    endloop
  endfacet
  facet normal -0.831438 0.555617 -3.95641e-19
    outer loop
      vertex 55.8349 7.25 1.6
      vertex 56.0166 7.5219 4.6
      vertex 56.0166 7.5219 1.6
    endloop
  endfacet
  facet normal -0.831438 0.555617 -3.95641e-19
    outer loop
      vertex 56.0166 7.5219 4.6
      vertex 55.8349 7.25 1.6
      vertex 55.8349 7.25 4.6
    endloop
  endfacet
  facet normal -0.44229 -0.896872 0
    outer loop
      vertex 56.75 3.83494 1.6
      vertex 57.0433 3.6903 4.6
      vertex 56.75 3.83494 4.6
    endloop
  endfacet
  facet normal -0.44229 -0.896872 -0
    outer loop
      vertex 57.0433 3.6903 4.6
      vertex 56.75 3.83494 1.6
      vertex 57.0433 3.6903 1.6
    endloop
  endfacet
  facet normal -0.44229 0.896872 0
    outer loop
      vertex 57.0433 8.3097 1.6
      vertex 56.75 8.16506 4.6
      vertex 57.0433 8.3097 4.6
    endloop
  endfacet
  facet normal -0.44229 0.896872 0
    outer loop
      vertex 56.75 8.16506 4.6
      vertex 57.0433 8.3097 1.6
      vertex 56.75 8.16506 1.6
    endloop
  endfacet
  facet normal 0.751873 0.659307 2.58653e-18
    outer loop
      vertex 59.9834 7.5219 4.6
      vertex 59.7678 7.76777 1.6
      vertex 59.7678 7.76777 4.6
    endloop
  endfacet
  facet normal 0.751873 0.659307 2.58653e-18
    outer loop
      vertex 59.7678 7.76777 1.6
      vertex 59.9834 7.5219 4.6
      vertex 59.9834 7.5219 1.6
    endloop
  endfacet
  facet normal 0.946944 0.321397 1.00085e-18
    outer loop
      vertex 60.4148 6.64705 4.6
      vertex 60.3097 6.95671 1.6
      vertex 60.3097 6.95671 4.6
    endloop
  endfacet
  facet normal 0.946944 0.321397 1.00085e-18
    outer loop
      vertex 60.3097 6.95671 1.6
      vertex 60.4148 6.64705 4.6
      vertex 60.4148 6.64705 1.6
    endloop
  endfacet
  facet normal 0.44229 0.896872 -0
    outer loop
      vertex 59.25 8.16506 1.6
      vertex 58.9567 8.3097 4.6
      vertex 59.25 8.16506 4.6
    endloop
  endfacet
  facet normal 0.44229 0.896872 0
    outer loop
      vertex 58.9567 8.3097 4.6
      vertex 59.25 8.16506 1.6
      vertex 58.9567 8.3097 1.6
    endloop
  endfacet
  facet normal 0.997856 -0.0654412 -2.76667e-19
    outer loop
      vertex 60.4786 5.67369 4.6
      vertex 60.5 6 1.6
      vertex 60.5 6 4.6
    endloop
  endfacet
  facet normal 0.997856 -0.0654412 -2.76667e-19
    outer loop
      vertex 60.5 6 1.6
      vertex 60.4786 5.67369 4.6
      vertex 60.4786 5.67369 1.6
    endloop
  endfacet
  facet normal 0.44229 -0.896872 0
    outer loop
      vertex 58.9567 3.6903 1.6
      vertex 59.25 3.83494 4.6
      vertex 58.9567 3.6903 4.6
    endloop
  endfacet
  facet normal 0.44229 -0.896872 0
    outer loop
      vertex 59.25 3.83494 4.6
      vertex 58.9567 3.6903 1.6
      vertex 59.25 3.83494 1.6
    endloop
  endfacet
  facet normal -0.321387 0.946948 0
    outer loop
      vertex 57.353 8.41481 1.6
      vertex 57.0433 8.3097 4.6
      vertex 57.353 8.41481 4.6
    endloop
  endfacet
  facet normal -0.321387 0.946948 0
    outer loop
      vertex 57.0433 8.3097 4.6
      vertex 57.353 8.41481 1.6
      vertex 57.0433 8.3097 1.6
    endloop
  endfacet
  facet normal 0.0654128 -0.997858 0
    outer loop
      vertex 58 3.5 1.6
      vertex 58.3263 3.52139 4.6
      vertex 58 3.5 4.6
    endloop
  endfacet
  facet normal 0.0654128 -0.997858 0
    outer loop
      vertex 58.3263 3.52139 4.6
      vertex 58 3.5 1.6
      vertex 58.3263 3.52139 1.6
    endloop
  endfacet
  facet normal 0.0654128 0.997858 -0
    outer loop
      vertex 58.3263 8.47861 1.6
      vertex 58 8.5 4.6
      vertex 58.3263 8.47861 4.6
    endloop
  endfacet
  facet normal 0.0654128 0.997858 0
    outer loop
      vertex 58 8.5 4.6
      vertex 58.3263 8.47861 1.6
      vertex 58 8.5 1.6
    endloop
  endfacet
  facet normal -0.946944 -0.321397 1.00085e-18
    outer loop
      vertex 55.6903 5.04329 1.6
      vertex 55.5852 5.35295 4.6
      vertex 55.5852 5.35295 1.6
    endloop
  endfacet
  facet normal -0.946944 -0.321397 1.00085e-18
    outer loop
      vertex 55.5852 5.35295 4.6
      vertex 55.6903 5.04329 1.6
      vertex 55.6903 5.04329 4.6
    endloop
  endfacet
  facet normal -0.195116 0.98078 0
    outer loop
      vertex 57.6737 8.47861 1.6
      vertex 57.353 8.41481 4.6
      vertex 57.6737 8.47861 4.6
    endloop
  endfacet
  facet normal -0.195116 0.98078 0
    outer loop
      vertex 57.353 8.41481 4.6
      vertex 57.6737 8.47861 1.6
      vertex 57.353 8.41481 1.6
    endloop
  endfacet
  facet normal 0.659279 0.751898 -0
    outer loop
      vertex 59.7678 7.76777 1.6
      vertex 59.5219 7.98338 4.6
      vertex 59.7678 7.76777 4.6
    endloop
  endfacet
  facet normal 0.659279 0.751898 0
    outer loop
      vertex 59.5219 7.98338 4.6
      vertex 59.7678 7.76777 1.6
      vertex 59.5219 7.98338 1.6
    endloop
  endfacet
  facet normal -0.997856 0.0654412 -2.76667e-19
    outer loop
      vertex 55.5 6 1.6
      vertex 55.5214 6.32631 4.6
      vertex 55.5214 6.32631 1.6
    endloop
  endfacet
  facet normal -0.997856 0.0654412 -2.76667e-19
    outer loop
      vertex 55.5214 6.32631 4.6
      vertex 55.5 6 1.6
      vertex 55.5 6 4.6
    endloop
  endfacet
  facet normal 0.896915 0.442204 -9.49205e-21
    outer loop
      vertex 60.3097 6.95671 4.6
      vertex 60.1651 7.25 1.6
      vertex 60.1651 7.25 4.6
    endloop
  endfacet
  facet normal 0.896915 0.442204 -9.49205e-21
    outer loop
      vertex 60.1651 7.25 1.6
      vertex 60.3097 6.95671 4.6
      vertex 60.3097 6.95671 1.6
    endloop
  endfacet
  facet normal 0.946944 -0.321397 -1.00085e-18
    outer loop
      vertex 60.3097 5.04329 4.6
      vertex 60.4148 5.35295 1.6
      vertex 60.4148 5.35295 4.6
    endloop
  endfacet
  facet normal 0.946944 -0.321397 -1.00085e-18
    outer loop
      vertex 60.4148 5.35295 1.6
      vertex 60.3097 5.04329 4.6
      vertex 60.3097 5.04329 1.6
    endloop
  endfacet
  facet normal 0.321387 -0.946948 0
    outer loop
      vertex 58.647 3.58519 1.6
      vertex 58.9567 3.6903 4.6
      vertex 58.647 3.58519 4.6
    endloop
  endfacet
  facet normal 0.321387 -0.946948 0
    outer loop
      vertex 58.9567 3.6903 4.6
      vertex 58.647 3.58519 1.6
      vertex 58.9567 3.6903 1.6
    endloop
  endfacet
  facet normal 0.831438 0.555617 3.95641e-19
    outer loop
      vertex 60.1651 7.25 4.6
      vertex 59.9834 7.5219 1.6
      vertex 59.9834 7.5219 4.6
    endloop
  endfacet
  facet normal 0.831438 0.555617 3.95641e-19
    outer loop
      vertex 59.9834 7.5219 1.6
      vertex 60.1651 7.25 4.6
      vertex 60.1651 7.25 1.6
    endloop
  endfacet
  facet normal -0.980785 -0.195093 -1.07661e-18
    outer loop
      vertex 55.5852 5.35295 1.6
      vertex 55.5214 5.67369 4.6
      vertex 55.5214 5.67369 1.6
    endloop
  endfacet
  facet normal -0.980785 -0.195093 -1.07661e-18
    outer loop
      vertex 55.5214 5.67369 4.6
      vertex 55.5852 5.35295 1.6
      vertex 55.5852 5.35295 4.6
    endloop
  endfacet
  facet normal 0.751873 -0.659307 -2.58653e-18
    outer loop
      vertex 59.7678 4.23223 4.6
      vertex 59.9834 4.4781 1.6
      vertex 59.9834 4.4781 4.6
    endloop
  endfacet
  facet normal 0.751873 -0.659307 -2.58653e-18
    outer loop
      vertex 59.9834 4.4781 1.6
      vertex 59.7678 4.23223 4.6
      vertex 59.7678 4.23223 1.6
    endloop
  endfacet
  facet normal 0 0 -1
    outer loop
      vertex 60.4786 5.67369 1.6
      vertex 59.2393 5.83684 1.6
      vertex 59.25 6 1.6
    endloop
  endfacet
  facet normal 0 0 -1
    outer loop
      vertex 59.5219 4.01662 1.6
      vertex 59.2074 5.67648 1.6
      vertex 59.2393 5.83684 1.6
    endloop
  endfacet
  facet normal 0 0 -1
    outer loop
      vertex 59.5219 4.01662 1.6
      vertex 59.1549 5.52165 1.6
      vertex 59.2074 5.67648 1.6
    endloop
  endfacet
  facet normal 0 0 -1
    outer loop
      vertex 59.5219 4.01662 1.6
      vertex 59.0825 5.375 1.6
      vertex 59.1549 5.52165 1.6
    endloop
  endfacet
  facet normal 0 0 -1
    outer loop
      vertex 59.5219 4.01662 1.6
      vertex 58.9917 5.23905 1.6
      vertex 59.0825 5.375 1.6
    endloop
  endfacet
  facet normal 0 0 -1
    outer loop
      vertex 58.625 4.91747 1.6
      vertex 59.25 3.83494 1.6
      vertex 58.9567 3.6903 1.6
    endloop
  endfacet
  facet normal 0 0 -1
    outer loop
      vertex 59.5219 4.01662 1.6
      vertex 58.8839 5.11612 1.6
      vertex 58.9917 5.23905 1.6
    endloop
  endfacet
  facet normal 0 0 -1
    outer loop
      vertex 59.5219 4.01662 1.6
      vertex 58.761 5.00831 1.6
      vertex 58.8839 5.11612 1.6
    endloop
  endfacet
  facet normal 0 0 -1
    outer loop
      vertex 58.4784 4.84515 1.6
      vertex 58.9567 3.6903 1.6
      vertex 58.647 3.58519 1.6
    endloop
  endfacet
  facet normal 0 0 -1
    outer loop
      vertex 59.25 3.83494 1.6
      vertex 58.625 4.91747 1.6
      vertex 58.761 5.00831 1.6
    endloop
  endfacet
  facet normal 0 0 -1
    outer loop
      vertex 58.9567 3.6903 1.6
      vertex 58.4784 4.84515 1.6
      vertex 58.625 4.91747 1.6
    endloop
  endfacet
  facet normal 0 0 -1
    outer loop
      vertex 58.3235 4.79259 1.6
      vertex 58.647 3.58519 1.6
      vertex 58.3263 3.52139 1.6
    endloop
  endfacet
  facet normal 0 0 -1
    outer loop
      vertex 58.647 3.58519 1.6
      vertex 58.3235 4.79259 1.6
      vertex 58.4784 4.84515 1.6
    endloop
  endfacet
  facet normal 0 0 -1
    outer loop
      vertex 58.3263 3.52139 1.6
      vertex 58.1632 4.76069 1.6
      vertex 58.3235 4.79259 1.6
    endloop
  endfacet
  facet normal 0 0 -1
    outer loop
      vertex 58 3.5 1.6
      vertex 58.1632 4.76069 1.6
      vertex 58.3263 3.52139 1.6
    endloop
  endfacet
  facet normal 0 0 -1
    outer loop
      vertex 58 3.5 1.6
      vertex 58 4.75 1.6
      vertex 58.1632 4.76069 1.6
    endloop
  endfacet
  facet normal 0 0 -1
    outer loop
      vertex 58 3.5 1.6
      vertex 57.8368 4.76069 1.6
      vertex 58 4.75 1.6
    endloop
  endfacet
  facet normal 0 0 -1
    outer loop
      vertex 57.6737 3.52139 1.6
      vertex 57.8368 4.76069 1.6
      vertex 58 3.5 1.6
    endloop
  endfacet
  facet normal -0 0 -1
    outer loop
      vertex 57.8368 4.76069 1.6
      vertex 57.6737 3.52139 1.6
      vertex 57.6765 4.79259 1.6
    endloop
  endfacet
  facet normal 0 0 -1
    outer loop
      vertex 57.353 3.58519 1.6
      vertex 57.6765 4.79259 1.6
      vertex 57.6737 3.52139 1.6
    endloop
  endfacet
  facet normal -0 0 -1
    outer loop
      vertex 57.6765 4.79259 1.6
      vertex 57.353 3.58519 1.6
      vertex 57.5216 4.84515 1.6
    endloop
  endfacet
  facet normal 0 0 -1
    outer loop
      vertex 57.0433 3.6903 1.6
      vertex 57.5216 4.84515 1.6
      vertex 57.353 3.58519 1.6
    endloop
  endfacet
  facet normal -0 0 -1
    outer loop
      vertex 57.5216 4.84515 1.6
      vertex 57.0433 3.6903 1.6
      vertex 57.375 4.91747 1.6
    endloop
  endfacet
  facet normal 0 0 -1
    outer loop
      vertex 56.75 3.83494 1.6
      vertex 57.375 4.91747 1.6
      vertex 57.0433 3.6903 1.6
    endloop
  endfacet
  facet normal -0 0 -1
    outer loop
      vertex 57.375 4.91747 1.6
      vertex 56.75 3.83494 1.6
      vertex 57.239 5.00831 1.6
    endloop
  endfacet
  facet normal 0 0 -1
    outer loop
      vertex 56.4781 4.01662 1.6
      vertex 57.239 5.00831 1.6
      vertex 56.75 3.83494 1.6
    endloop
  endfacet
  facet normal -0 0 -1
    outer loop
      vertex 57.239 5.00831 1.6
      vertex 56.4781 4.01662 1.6
      vertex 57.1161 5.11612 1.6
    endloop
  endfacet
  facet normal 0 0 -1
    outer loop
      vertex 56.2322 4.23223 1.6
      vertex 57.1161 5.11612 1.6
      vertex 56.4781 4.01662 1.6
    endloop
  endfacet
  facet normal -0 0 -1
    outer loop
      vertex 57.1161 5.11612 1.6
      vertex 56.2322 4.23223 1.6
      vertex 57.0083 5.23905 1.6
    endloop
  endfacet
  facet normal 0 0 -1
    outer loop
      vertex 56.0166 4.4781 1.6
      vertex 57.0083 5.23905 1.6
      vertex 56.2322 4.23223 1.6
    endloop
  endfacet
  facet normal -0 0 -1
    outer loop
      vertex 57.0083 5.23905 1.6
      vertex 56.0166 4.4781 1.6
      vertex 56.9175 5.375 1.6
    endloop
  endfacet
  facet normal 0 0 -1
    outer loop
      vertex 55.8349 4.75 1.6
      vertex 56.9175 5.375 1.6
      vertex 56.0166 4.4781 1.6
    endloop
  endfacet
  facet normal -0 0 -1
    outer loop
      vertex 56.9175 5.375 1.6
      vertex 55.8349 4.75 1.6
      vertex 56.8451 5.52165 1.6
    endloop
  endfacet
  facet normal 0 0 -1
    outer loop
      vertex 55.6903 5.04329 1.6
      vertex 56.8451 5.52165 1.6
      vertex 55.8349 4.75 1.6
    endloop
  endfacet
  facet normal 0 0 -1
    outer loop
      vertex 56.75 6 1.6
      vertex 56.4781 7.98338 1.6
      vertex 56.75 8.16506 1.6
    endloop
  endfacet
  facet normal -0 0 -1
    outer loop
      vertex 56.8451 5.52165 1.6
      vertex 55.6903 5.04329 1.6
      vertex 56.7926 5.67648 1.6
    endloop
  endfacet
  facet normal 0 0 -1
    outer loop
      vertex 56.75 6 1.6
      vertex 56.2322 7.76777 1.6
      vertex 56.4781 7.98338 1.6
    endloop
  endfacet
  facet normal 0 0 -1
    outer loop
      vertex 55.5852 5.35295 1.6
      vertex 56.7926 5.67648 1.6
      vertex 55.6903 5.04329 1.6
    endloop
  endfacet
  facet normal 0 0 -1
    outer loop
      vertex 56.75 6 1.6
      vertex 56.0166 7.5219 1.6
      vertex 56.2322 7.76777 1.6
    endloop
  endfacet
  facet normal -0 0 -1
    outer loop
      vertex 56.7926 5.67648 1.6
      vertex 55.5852 5.35295 1.6
      vertex 56.7607 5.83684 1.6
    endloop
  endfacet
  facet normal 0 0 -1
    outer loop
      vertex 56.75 6 1.6
      vertex 55.8349 7.25 1.6
      vertex 56.0166 7.5219 1.6
    endloop
  endfacet
  facet normal 0 0 -1
    outer loop
      vertex 55.5214 5.67369 1.6
      vertex 56.7607 5.83684 1.6
      vertex 55.5852 5.35295 1.6
    endloop
  endfacet
  facet normal 0 0 -1
    outer loop
      vertex 56.75 6 1.6
      vertex 55.6903 6.95671 1.6
      vertex 55.8349 7.25 1.6
    endloop
  endfacet
  facet normal -0 0 -1
    outer loop
      vertex 56.7607 5.83684 1.6
      vertex 55.5214 5.67369 1.6
      vertex 56.75 6 1.6
    endloop
  endfacet
  facet normal 0 0 -1
    outer loop
      vertex 56.75 6 1.6
      vertex 55.5852 6.64705 1.6
      vertex 55.6903 6.95671 1.6
    endloop
  endfacet
  facet normal 0 0 -1
    outer loop
      vertex 55.5 6 1.6
      vertex 56.75 6 1.6
      vertex 55.5214 5.67369 1.6
    endloop
  endfacet
  facet normal 0 0 -1
    outer loop
      vertex 56.75 6 1.6
      vertex 55.5214 6.32631 1.6
      vertex 55.5852 6.64705 1.6
    endloop
  endfacet
  facet normal 0 0 -1
    outer loop
      vertex 56.75 6 1.6
      vertex 55.5 6 1.6
      vertex 55.5214 6.32631 1.6
    endloop
  endfacet
  facet normal 0 0 -1
    outer loop
      vertex 59.25 6 1.6
      vertex 60.5 6 1.6
      vertex 60.4786 5.67369 1.6
    endloop
  endfacet
  facet normal 0 0 -1
    outer loop
      vertex 59.2393 5.83684 1.6
      vertex 60.4786 5.67369 1.6
      vertex 60.4148 5.35295 1.6
    endloop
  endfacet
  facet normal 0 0 -1
    outer loop
      vertex 60.5 6 1.6
      vertex 59.25 6 1.6
      vertex 60.4786 6.32631 1.6
    endloop
  endfacet
  facet normal 0 0 -1
    outer loop
      vertex 59.2393 5.83684 1.6
      vertex 60.4148 5.35295 1.6
      vertex 60.3097 5.04329 1.6
    endloop
  endfacet
  facet normal 0 0 -1
    outer loop
      vertex 59.2393 6.16316 1.6
      vertex 60.4786 6.32631 1.6
      vertex 59.25 6 1.6
    endloop
  endfacet
  facet normal 0 0 -1
    outer loop
      vertex 59.2393 5.83684 1.6
      vertex 60.3097 5.04329 1.6
      vertex 60.1651 4.75 1.6
    endloop
  endfacet
  facet normal -0 0 -1
    outer loop
      vertex 60.4786 6.32631 1.6
      vertex 59.2393 6.16316 1.6
      vertex 60.4148 6.64705 1.6
    endloop
  endfacet
  facet normal 0 0 -1
    outer loop
      vertex 59.2393 5.83684 1.6
      vertex 60.1651 4.75 1.6
      vertex 59.9834 4.4781 1.6
    endloop
  endfacet
  facet normal 0 0 -1
    outer loop
      vertex 59.2074 6.32352 1.6
      vertex 60.4148 6.64705 1.6
      vertex 59.2393 6.16316 1.6
    endloop
  endfacet
  facet normal 0 0 -1
    outer loop
      vertex 59.2393 5.83684 1.6
      vertex 59.9834 4.4781 1.6
      vertex 59.7678 4.23223 1.6
    endloop
  endfacet
  facet normal -0 0 -1
    outer loop
      vertex 60.4148 6.64705 1.6
      vertex 59.2074 6.32352 1.6
      vertex 60.3097 6.95671 1.6
    endloop
  endfacet
  facet normal 0 0 -1
    outer loop
      vertex 59.2393 5.83684 1.6
      vertex 59.7678 4.23223 1.6
      vertex 59.5219 4.01662 1.6
    endloop
  endfacet
  facet normal 0 0 -1
    outer loop
      vertex 59.1549 6.47835 1.6
      vertex 60.3097 6.95671 1.6
      vertex 59.2074 6.32352 1.6
    endloop
  endfacet
  facet normal 0 0 -1
    outer loop
      vertex 58.761 5.00831 1.6
      vertex 59.5219 4.01662 1.6
      vertex 59.25 3.83494 1.6
    endloop
  endfacet
  facet normal -0 0 -1
    outer loop
      vertex 60.3097 6.95671 1.6
      vertex 59.1549 6.47835 1.6
      vertex 60.1651 7.25 1.6
    endloop
  endfacet
  facet normal 0 0 -1
    outer loop
      vertex 59.0825 6.625 1.6
      vertex 60.1651 7.25 1.6
      vertex 59.1549 6.47835 1.6
    endloop
  endfacet
  facet normal -0 0 -1
    outer loop
      vertex 60.1651 7.25 1.6
      vertex 59.0825 6.625 1.6
      vertex 59.9834 7.5219 1.6
    endloop
  endfacet
  facet normal 0 0 -1
    outer loop
      vertex 58.9917 6.76095 1.6
      vertex 59.9834 7.5219 1.6
      vertex 59.0825 6.625 1.6
    endloop
  endfacet
  facet normal -0 0 -1
    outer loop
      vertex 59.9834 7.5219 1.6
      vertex 58.9917 6.76095 1.6
      vertex 59.7678 7.76777 1.6
    endloop
  endfacet
  facet normal 0 0 -1
    outer loop
      vertex 58.8839 6.88388 1.6
      vertex 59.7678 7.76777 1.6
      vertex 58.9917 6.76095 1.6
    endloop
  endfacet
  facet normal -0 0 -1
    outer loop
      vertex 59.7678 7.76777 1.6
      vertex 58.8839 6.88388 1.6
      vertex 59.5219 7.98338 1.6
    endloop
  endfacet
  facet normal 0 0 -1
    outer loop
      vertex 58.761 6.99169 1.6
      vertex 59.5219 7.98338 1.6
      vertex 58.8839 6.88388 1.6
    endloop
  endfacet
  facet normal -0 0 -1
    outer loop
      vertex 59.5219 7.98338 1.6
      vertex 58.761 6.99169 1.6
      vertex 59.25 8.16506 1.6
    endloop
  endfacet
  facet normal 0 0 -1
    outer loop
      vertex 58.625 7.08253 1.6
      vertex 59.25 8.16506 1.6
      vertex 58.761 6.99169 1.6
    endloop
  endfacet
  facet normal -0 0 -1
    outer loop
      vertex 59.25 8.16506 1.6
      vertex 58.625 7.08253 1.6
      vertex 58.9567 8.3097 1.6
    endloop
  endfacet
  facet normal 0 0 -1
    outer loop
      vertex 58.4784 7.15485 1.6
      vertex 58.9567 8.3097 1.6
      vertex 58.625 7.08253 1.6
    endloop
  endfacet
  facet normal -0 0 -1
    outer loop
      vertex 58.9567 8.3097 1.6
      vertex 58.4784 7.15485 1.6
      vertex 58.647 8.41481 1.6
    endloop
  endfacet
  facet normal 0 0 -1
    outer loop
      vertex 58.3235 7.20741 1.6
      vertex 58.647 8.41481 1.6
      vertex 58.4784 7.15485 1.6
    endloop
  endfacet
  facet normal -0 0 -1
    outer loop
      vertex 58.647 8.41481 1.6
      vertex 58.3235 7.20741 1.6
      vertex 58.3263 8.47861 1.6
    endloop
  endfacet
  facet normal 0 0 -1
    outer loop
      vertex 58.1632 7.23931 1.6
      vertex 58.3263 8.47861 1.6
      vertex 58.3235 7.20741 1.6
    endloop
  endfacet
  facet normal 0 0 -1
    outer loop
      vertex 58 7.25 1.6
      vertex 58.3263 8.47861 1.6
      vertex 58.1632 7.23931 1.6
    endloop
  endfacet
  facet normal 0 0 -1
    outer loop
      vertex 58 7.25 1.6
      vertex 58 8.5 1.6
      vertex 58.3263 8.47861 1.6
    endloop
  endfacet
  facet normal 0 0 -1
    outer loop
      vertex 57.8368 7.23931 1.6
      vertex 58 8.5 1.6
      vertex 58 7.25 1.6
    endloop
  endfacet
  facet normal 0 0 -1
    outer loop
      vertex 57.6737 8.47861 1.6
      vertex 57.8368 7.23931 1.6
      vertex 57.6765 7.20741 1.6
    endloop
  endfacet
  facet normal 0 0 -1
    outer loop
      vertex 57.8368 7.23931 1.6
      vertex 57.6737 8.47861 1.6
      vertex 58 8.5 1.6
    endloop
  endfacet
  facet normal 0 0 -1
    outer loop
      vertex 57.353 8.41481 1.6
      vertex 57.6765 7.20741 1.6
      vertex 57.5216 7.15485 1.6
    endloop
  endfacet
  facet normal 0 0 -1
    outer loop
      vertex 57.0433 8.3097 1.6
      vertex 57.5216 7.15485 1.6
      vertex 57.375 7.08253 1.6
    endloop
  endfacet
  facet normal 0 0 -1
    outer loop
      vertex 57.6765 7.20741 1.6
      vertex 57.353 8.41481 1.6
      vertex 57.6737 8.47861 1.6
    endloop
  endfacet
  facet normal 0 0 -1
    outer loop
      vertex 56.75 8.16506 1.6
      vertex 57.375 7.08253 1.6
      vertex 57.239 6.99169 1.6
    endloop
  endfacet
  facet normal 0 0 -1
    outer loop
      vertex 56.75 8.16506 1.6
      vertex 57.239 6.99169 1.6
      vertex 57.1161 6.88388 1.6
    endloop
  endfacet
  facet normal 0 0 -1
    outer loop
      vertex 57.5216 7.15485 1.6
      vertex 57.0433 8.3097 1.6
      vertex 57.353 8.41481 1.6
    endloop
  endfacet
  facet normal 0 0 -1
    outer loop
      vertex 56.75 8.16506 1.6
      vertex 57.1161 6.88388 1.6
      vertex 57.0083 6.76095 1.6
    endloop
  endfacet
  facet normal 0 0 -1
    outer loop
      vertex 56.75 8.16506 1.6
      vertex 57.0083 6.76095 1.6
      vertex 56.9175 6.625 1.6
    endloop
  endfacet
  facet normal 0 0 -1
    outer loop
      vertex 56.75 8.16506 1.6
      vertex 56.9175 6.625 1.6
      vertex 56.8451 6.47835 1.6
    endloop
  endfacet
  facet normal 0 0 -1
    outer loop
      vertex 56.75 8.16506 1.6
      vertex 56.8451 6.47835 1.6
      vertex 56.7926 6.32352 1.6
    endloop
  endfacet
  facet normal 0 0 -1
    outer loop
      vertex 56.75 8.16506 1.6
      vertex 56.7926 6.32352 1.6
      vertex 56.7607 6.16316 1.6
    endloop
  endfacet
  facet normal 0 0 -1
    outer loop
      vertex 57.375 7.08253 1.6
      vertex 56.75 8.16506 1.6
      vertex 57.0433 8.3097 1.6
    endloop
  endfacet
  facet normal 0 0 -1
    outer loop
      vertex 56.75 8.16506 1.6
      vertex 56.7607 6.16316 1.6
      vertex 56.75 6 1.6
    endloop
  endfacet
  facet normal 0.555575 -0.831466 0
    outer loop
      vertex 59.25 3.83494 1.6
      vertex 59.5219 4.01662 4.6
      vertex 59.25 3.83494 4.6
    endloop
  endfacet
  facet normal 0.555575 -0.831466 0
    outer loop
      vertex 59.5219 4.01662 4.6
      vertex 59.25 3.83494 1.6
      vertex 59.5219 4.01662 1.6
    endloop
  endfacet
  facet normal -0.0654128 0.997858 0
    outer loop
      vertex 58 8.5 1.6
      vertex 57.6737 8.47861 4.6
      vertex 58 8.5 4.6
    endloop
  endfacet
  facet normal -0.0654128 0.997858 0
    outer loop
      vertex 57.6737 8.47861 4.6
      vertex 58 8.5 1.6
      vertex 57.6737 8.47861 1.6
    endloop
  endfacet
  facet normal -0.896915 -0.442204 -9.49205e-21
    outer loop
      vertex 55.8349 4.75 1.6
      vertex 55.6903 5.04329 4.6
      vertex 55.6903 5.04329 1.6
    endloop
  endfacet
  facet normal -0.896915 -0.442204 -9.49205e-21
    outer loop
      vertex 55.6903 5.04329 4.6
      vertex 55.8349 4.75 1.6
      vertex 55.8349 4.75 4.6
    endloop
  endfacet
  facet normal 0.831438 -0.555617 -3.95641e-19
    outer loop
      vertex 59.9834 4.4781 4.6
      vertex 60.1651 4.75 1.6
      vertex 60.1651 4.75 4.6
    endloop
  endfacet
  facet normal 0.831438 -0.555617 -3.95641e-19
    outer loop
      vertex 60.1651 4.75 1.6
      vertex 59.9834 4.4781 4.6
      vertex 59.9834 4.4781 1.6
    endloop
  endfacet
  facet normal 0 0 1
    outer loop
      vertex 60.4786 6.32631 4.6
      vertex 59.2393 6.16316 4.6
      vertex 59.25 6 4.6
    endloop
  endfacet
  facet normal 0 0 1
    outer loop
      vertex 59.5219 7.98338 4.6
      vertex 59.2074 6.32352 4.6
      vertex 59.2393 6.16316 4.6
    endloop
  endfacet
  facet normal 0 0 1
    outer loop
      vertex 59.5219 7.98338 4.6
      vertex 59.1549 6.47835 4.6
      vertex 59.2074 6.32352 4.6
    endloop
  endfacet
  facet normal 0 0 1
    outer loop
      vertex 59.5219 7.98338 4.6
      vertex 59.0825 6.625 4.6
      vertex 59.1549 6.47835 4.6
    endloop
  endfacet
  facet normal 0 0 1
    outer loop
      vertex 59.5219 7.98338 4.6
      vertex 58.9917 6.76095 4.6
      vertex 59.0825 6.625 4.6
    endloop
  endfacet
  facet normal 0 0 1
    outer loop
      vertex 58.625 7.08253 4.6
      vertex 59.25 8.16506 4.6
      vertex 58.9567 8.3097 4.6
    endloop
  endfacet
  facet normal 0 0 1
    outer loop
      vertex 59.5219 7.98338 4.6
      vertex 58.8839 6.88388 4.6
      vertex 58.9917 6.76095 4.6
    endloop
  endfacet
  facet normal 0 0 1
    outer loop
      vertex 59.5219 7.98338 4.6
      vertex 58.761 6.99169 4.6
      vertex 58.8839 6.88388 4.6
    endloop
  endfacet
  facet normal 0 0 1
    outer loop
      vertex 58.4784 7.15485 4.6
      vertex 58.9567 8.3097 4.6
      vertex 58.647 8.41481 4.6
    endloop
  endfacet
  facet normal 0 0 1
    outer loop
      vertex 59.25 8.16506 4.6
      vertex 58.625 7.08253 4.6
      vertex 58.761 6.99169 4.6
    endloop
  endfacet
  facet normal 0 0 1
    outer loop
      vertex 58.9567 8.3097 4.6
      vertex 58.4784 7.15485 4.6
      vertex 58.625 7.08253 4.6
    endloop
  endfacet
  facet normal 0 0 1
    outer loop
      vertex 58.3235 7.20741 4.6
      vertex 58.647 8.41481 4.6
      vertex 58.3263 8.47861 4.6
    endloop
  endfacet
  facet normal 0 0 1
    outer loop
      vertex 58.647 8.41481 4.6
      vertex 58.3235 7.20741 4.6
      vertex 58.4784 7.15485 4.6
    endloop
  endfacet
  facet normal 0 0 1
    outer loop
      vertex 58.3263 8.47861 4.6
      vertex 58.1632 7.23931 4.6
      vertex 58.3235 7.20741 4.6
    endloop
  endfacet
  facet normal 0 0 1
    outer loop
      vertex 58 8.5 4.6
      vertex 58.1632 7.23931 4.6
      vertex 58.3263 8.47861 4.6
    endloop
  endfacet
  facet normal 0 0 1
    outer loop
      vertex 58 8.5 4.6
      vertex 58 7.25 4.6
      vertex 58.1632 7.23931 4.6
    endloop
  endfacet
  facet normal 0 0 1
    outer loop
      vertex 58 8.5 4.6
      vertex 57.8368 7.23931 4.6
      vertex 58 7.25 4.6
    endloop
  endfacet
  facet normal -0 0 1
    outer loop
      vertex 57.6737 8.47861 4.6
      vertex 57.8368 7.23931 4.6
      vertex 58 8.5 4.6
    endloop
  endfacet
  facet normal 0 0 1
    outer loop
      vertex 57.8368 7.23931 4.6
      vertex 57.6737 8.47861 4.6
      vertex 57.6765 7.20741 4.6
    endloop
  endfacet
  facet normal -0 0 1
    outer loop
      vertex 57.353 8.41481 4.6
      vertex 57.6765 7.20741 4.6
      vertex 57.6737 8.47861 4.6
    endloop
  endfacet
  facet normal 0 0 1
    outer loop
      vertex 57.6765 7.20741 4.6
      vertex 57.353 8.41481 4.6
      vertex 57.5216 7.15485 4.6
    endloop
  endfacet
  facet normal -0 0 1
    outer loop
      vertex 57.0433 8.3097 4.6
      vertex 57.5216 7.15485 4.6
      vertex 57.353 8.41481 4.6
    endloop
  endfacet
  facet normal 0 0 1
    outer loop
      vertex 57.5216 7.15485 4.6
      vertex 57.0433 8.3097 4.6
      vertex 57.375 7.08253 4.6
    endloop
  endfacet
  facet normal -0 0 1
    outer loop
      vertex 56.75 8.16506 4.6
      vertex 57.375 7.08253 4.6
      vertex 57.0433 8.3097 4.6
    endloop
  endfacet
  facet normal 0 0 1
    outer loop
      vertex 57.375 7.08253 4.6
      vertex 56.75 8.16506 4.6
      vertex 57.239 6.99169 4.6
    endloop
  endfacet
  facet normal -0 0 1
    outer loop
      vertex 56.4781 7.98338 4.6
      vertex 57.239 6.99169 4.6
      vertex 56.75 8.16506 4.6
    endloop
  endfacet
  facet normal 0 0 1
    outer loop
      vertex 57.239 6.99169 4.6
      vertex 56.4781 7.98338 4.6
      vertex 57.1161 6.88388 4.6
    endloop
  endfacet
  facet normal -0 0 1
    outer loop
      vertex 56.2322 7.76777 4.6
      vertex 57.1161 6.88388 4.6
      vertex 56.4781 7.98338 4.6
    endloop
  endfacet
  facet normal 0 0 1
    outer loop
      vertex 57.1161 6.88388 4.6
      vertex 56.2322 7.76777 4.6
      vertex 57.0083 6.76095 4.6
    endloop
  endfacet
  facet normal -0 0 1
    outer loop
      vertex 56.0166 7.5219 4.6
      vertex 57.0083 6.76095 4.6
      vertex 56.2322 7.76777 4.6
    endloop
  endfacet
  facet normal 0 0 1
    outer loop
      vertex 57.0083 6.76095 4.6
      vertex 56.0166 7.5219 4.6
      vertex 56.9175 6.625 4.6
    endloop
  endfacet
  facet normal -0 0 1
    outer loop
      vertex 55.8349 7.25 4.6
      vertex 56.9175 6.625 4.6
      vertex 56.0166 7.5219 4.6
    endloop
  endfacet
  facet normal 0 0 1
    outer loop
      vertex 56.9175 6.625 4.6
      vertex 55.8349 7.25 4.6
      vertex 56.8451 6.47835 4.6
    endloop
  endfacet
  facet normal -0 0 1
    outer loop
      vertex 55.6903 6.95671 4.6
      vertex 56.8451 6.47835 4.6
      vertex 55.8349 7.25 4.6
    endloop
  endfacet
  facet normal 0 0 1
    outer loop
      vertex 56.75 6 4.6
      vertex 56.4781 4.01662 4.6
      vertex 56.75 3.83494 4.6
    endloop
  endfacet
  facet normal 0 0 1
    outer loop
      vertex 56.8451 6.47835 4.6
      vertex 55.6903 6.95671 4.6
      vertex 56.7926 6.32352 4.6
    endloop
  endfacet
  facet normal 0 0 1
    outer loop
      vertex 56.75 6 4.6
      vertex 56.2322 4.23223 4.6
      vertex 56.4781 4.01662 4.6
    endloop
  endfacet
  facet normal -0 0 1
    outer loop
      vertex 55.5852 6.64705 4.6
      vertex 56.7926 6.32352 4.6
      vertex 55.6903 6.95671 4.6
    endloop
  endfacet
  facet normal 0 0 1
    outer loop
      vertex 56.75 6 4.6
      vertex 56.0166 4.4781 4.6
      vertex 56.2322 4.23223 4.6
    endloop
  endfacet
  facet normal 0 0 1
    outer loop
      vertex 56.7926 6.32352 4.6
      vertex 55.5852 6.64705 4.6
      vertex 56.7607 6.16316 4.6
    endloop
  endfacet
  facet normal 0 0 1
    outer loop
      vertex 56.75 6 4.6
      vertex 55.8349 4.75 4.6
      vertex 56.0166 4.4781 4.6
    endloop
  endfacet
  facet normal -0 0 1
    outer loop
      vertex 55.5214 6.32631 4.6
      vertex 56.7607 6.16316 4.6
      vertex 55.5852 6.64705 4.6
    endloop
  endfacet
  facet normal 0 0 1
    outer loop
      vertex 56.75 6 4.6
      vertex 55.6903 5.04329 4.6
      vertex 55.8349 4.75 4.6
    endloop
  endfacet
  facet normal 0 0 1
    outer loop
      vertex 56.7607 6.16316 4.6
      vertex 55.5214 6.32631 4.6
      vertex 56.75 6 4.6
    endloop
  endfacet
  facet normal 0 0 1
    outer loop
      vertex 56.75 6 4.6
      vertex 55.5852 5.35295 4.6
      vertex 55.6903 5.04329 4.6
    endloop
  endfacet
  facet normal 0 0 1
    outer loop
      vertex 55.5 6 4.6
      vertex 56.75 6 4.6
      vertex 55.5214 6.32631 4.6
    endloop
  endfacet
  facet normal 0 0 1
    outer loop
      vertex 56.75 6 4.6
      vertex 55.5214 5.67369 4.6
      vertex 55.5852 5.35295 4.6
    endloop
  endfacet
  facet normal 0 0 1
    outer loop
      vertex 56.75 6 4.6
      vertex 55.5 6 4.6
      vertex 55.5214 5.67369 4.6
    endloop
  endfacet
  facet normal 0 0 1
    outer loop
      vertex 59.25 6 4.6
      vertex 60.5 6 4.6
      vertex 60.4786 6.32631 4.6
    endloop
  endfacet
  facet normal 0 0 1
    outer loop
      vertex 59.2393 6.16316 4.6
      vertex 60.4786 6.32631 4.6
      vertex 60.4148 6.64705 4.6
    endloop
  endfacet
  facet normal 0 0 1
    outer loop
      vertex 60.5 6 4.6
      vertex 59.25 6 4.6
      vertex 60.4786 5.67369 4.6
    endloop
  endfacet
  facet normal 0 0 1
    outer loop
      vertex 59.2393 6.16316 4.6
      vertex 60.4148 6.64705 4.6
      vertex 60.3097 6.95671 4.6
    endloop
  endfacet
  facet normal -0 0 1
    outer loop
      vertex 59.2393 5.83684 4.6
      vertex 60.4786 5.67369 4.6
      vertex 59.25 6 4.6
    endloop
  endfacet
  facet normal 0 0 1
    outer loop
      vertex 59.2393 6.16316 4.6
      vertex 60.3097 6.95671 4.6
      vertex 60.1651 7.25 4.6
    endloop
  endfacet
  facet normal 0 0 1
    outer loop
      vertex 60.4786 5.67369 4.6
      vertex 59.2393 5.83684 4.6
      vertex 60.4148 5.35295 4.6
    endloop
  endfacet
  facet normal 0 0 1
    outer loop
      vertex 59.2393 6.16316 4.6
      vertex 60.1651 7.25 4.6
      vertex 59.9834 7.5219 4.6
    endloop
  endfacet
  facet normal -0 0 1
    outer loop
      vertex 59.2074 5.67648 4.6
      vertex 60.4148 5.35295 4.6
      vertex 59.2393 5.83684 4.6
    endloop
  endfacet
  facet normal 0 0 1
    outer loop
      vertex 59.2393 6.16316 4.6
      vertex 59.9834 7.5219 4.6
      vertex 59.7678 7.76777 4.6
    endloop
  endfacet
  facet normal 0 0 1
    outer loop
      vertex 60.4148 5.35295 4.6
      vertex 59.2074 5.67648 4.6
      vertex 60.3097 5.04329 4.6
    endloop
  endfacet
  facet normal 0 0 1
    outer loop
      vertex 59.2393 6.16316 4.6
      vertex 59.7678 7.76777 4.6
      vertex 59.5219 7.98338 4.6
    endloop
  endfacet
  facet normal -0 0 1
    outer loop
      vertex 59.1549 5.52165 4.6
      vertex 60.3097 5.04329 4.6
      vertex 59.2074 5.67648 4.6
    endloop
  endfacet
  facet normal 0 0 1
    outer loop
      vertex 58.761 6.99169 4.6
      vertex 59.5219 7.98338 4.6
      vertex 59.25 8.16506 4.6
    endloop
  endfacet
  facet normal 0 0 1
    outer loop
      vertex 60.3097 5.04329 4.6
      vertex 59.1549 5.52165 4.6
      vertex 60.1651 4.75 4.6
    endloop
  endfacet
  facet normal -0 0 1
    outer loop
      vertex 59.0825 5.375 4.6
      vertex 60.1651 4.75 4.6
      vertex 59.1549 5.52165 4.6
    endloop
  endfacet
  facet normal 0 0 1
    outer loop
      vertex 60.1651 4.75 4.6
      vertex 59.0825 5.375 4.6
      vertex 59.9834 4.4781 4.6
    endloop
  endfacet
  facet normal -0 0 1
    outer loop
      vertex 58.9917 5.23905 4.6
      vertex 59.9834 4.4781 4.6
      vertex 59.0825 5.375 4.6
    endloop
  endfacet
  facet normal 0 0 1
    outer loop
      vertex 59.9834 4.4781 4.6
      vertex 58.9917 5.23905 4.6
      vertex 59.7678 4.23223 4.6
    endloop
  endfacet
  facet normal -0 0 1
    outer loop
      vertex 58.8839 5.11612 4.6
      vertex 59.7678 4.23223 4.6
      vertex 58.9917 5.23905 4.6
    endloop
  endfacet
  facet normal 0 0 1
    outer loop
      vertex 59.7678 4.23223 4.6
      vertex 58.8839 5.11612 4.6
      vertex 59.5219 4.01662 4.6
    endloop
  endfacet
  facet normal -0 0 1
    outer loop
      vertex 58.761 5.00831 4.6
      vertex 59.5219 4.01662 4.6
      vertex 58.8839 5.11612 4.6
    endloop
  endfacet
  facet normal 0 0 1
    outer loop
      vertex 59.5219 4.01662 4.6
      vertex 58.761 5.00831 4.6
      vertex 59.25 3.83494 4.6
    endloop
  endfacet
  facet normal -0 0 1
    outer loop
      vertex 58.625 4.91747 4.6
      vertex 59.25 3.83494 4.6
      vertex 58.761 5.00831 4.6
    endloop
  endfacet
  facet normal 0 0 1
    outer loop
      vertex 59.25 3.83494 4.6
      vertex 58.625 4.91747 4.6
      vertex 58.9567 3.6903 4.6
    endloop
  endfacet
  facet normal -0 0 1
    outer loop
      vertex 58.4784 4.84515 4.6
      vertex 58.9567 3.6903 4.6
      vertex 58.625 4.91747 4.6
    endloop
  endfacet
  facet normal 0 0 1
    outer loop
      vertex 58.9567 3.6903 4.6
      vertex 58.4784 4.84515 4.6
      vertex 58.647 3.58519 4.6
    endloop
  endfacet
  facet normal -0 0 1
    outer loop
      vertex 58.3235 4.79259 4.6
      vertex 58.647 3.58519 4.6
      vertex 58.4784 4.84515 4.6
    endloop
  endfacet
  facet normal 0 0 1
    outer loop
      vertex 58.647 3.58519 4.6
      vertex 58.3235 4.79259 4.6
      vertex 58.3263 3.52139 4.6
    endloop
  endfacet
  facet normal -0 0 1
    outer loop
      vertex 58.1632 4.76069 4.6
      vertex 58.3263 3.52139 4.6
      vertex 58.3235 4.79259 4.6
    endloop
  endfacet
  facet normal -0 0 1
    outer loop
      vertex 58 4.75 4.6
      vertex 58.3263 3.52139 4.6
      vertex 58.1632 4.76069 4.6
    endloop
  endfacet
  facet normal 0 0 1
    outer loop
      vertex 58 4.75 4.6
      vertex 58 3.5 4.6
      vertex 58.3263 3.52139 4.6
    endloop
  endfacet
  facet normal 0 0 1
    outer loop
      vertex 57.8368 4.76069 4.6
      vertex 58 3.5 4.6
      vertex 58 4.75 4.6
    endloop
  endfacet
  facet normal 0 0 1
    outer loop
      vertex 57.6737 3.52139 4.6
      vertex 57.8368 4.76069 4.6
      vertex 57.6765 4.79259 4.6
    endloop
  endfacet
  facet normal 0 0 1
    outer loop
      vertex 57.8368 4.76069 4.6
      vertex 57.6737 3.52139 4.6
      vertex 58 3.5 4.6
    endloop
  endfacet
  facet normal 0 0 1
    outer loop
      vertex 57.353 3.58519 4.6
      vertex 57.6765 4.79259 4.6
      vertex 57.5216 4.84515 4.6
    endloop
  endfacet
  facet normal 0 0 1
    outer loop
      vertex 57.0433 3.6903 4.6
      vertex 57.5216 4.84515 4.6
      vertex 57.375 4.91747 4.6
    endloop
  endfacet
  facet normal 0 0 1
    outer loop
      vertex 57.6765 4.79259 4.6
      vertex 57.353 3.58519 4.6
      vertex 57.6737 3.52139 4.6
    endloop
  endfacet
  facet normal 0 0 1
    outer loop
      vertex 56.75 3.83494 4.6
      vertex 57.375 4.91747 4.6
      vertex 57.239 5.00831 4.6
    endloop
  endfacet
  facet normal 0 0 1
    outer loop
      vertex 56.75 3.83494 4.6
      vertex 57.239 5.00831 4.6
      vertex 57.1161 5.11612 4.6
    endloop
  endfacet
  facet normal 0 0 1
    outer loop
      vertex 57.5216 4.84515 4.6
      vertex 57.0433 3.6903 4.6
      vertex 57.353 3.58519 4.6
    endloop
  endfacet
  facet normal 0 0 1
    outer loop
      vertex 56.75 3.83494 4.6
      vertex 57.1161 5.11612 4.6
      vertex 57.0083 5.23905 4.6
    endloop
  endfacet
  facet normal 0 0 1
    outer loop
      vertex 56.75 3.83494 4.6
      vertex 57.0083 5.23905 4.6
      vertex 56.9175 5.375 4.6
    endloop
  endfacet
  facet normal 0 0 1
    outer loop
      vertex 56.75 3.83494 4.6
      vertex 56.9175 5.375 4.6
      vertex 56.8451 5.52165 4.6
    endloop
  endfacet
  facet normal 0 0 1
    outer loop
      vertex 56.75 3.83494 4.6
      vertex 56.8451 5.52165 4.6
      vertex 56.7926 5.67648 4.6
    endloop
  endfacet
  facet normal 0 0 1
    outer loop
      vertex 56.75 3.83494 4.6
      vertex 56.7926 5.67648 4.6
      vertex 56.7607 5.83684 4.6
    endloop
  endfacet
  facet normal 0 0 1
    outer loop
      vertex 57.375 4.91747 4.6
      vertex 56.75 3.83494 4.6
      vertex 57.0433 3.6903 4.6
    endloop
  endfacet
  facet normal 0 0 1
    outer loop
      vertex 56.75 3.83494 4.6
      vertex 56.7607 5.83684 4.6
      vertex 56.75 6 4.6
    endloop
  endfacet
  facet normal 0.555575 0.831466 -0
    outer loop
      vertex 59.5219 7.98338 1.6
      vertex 59.25 8.16506 4.6
      vertex 59.5219 7.98338 4.6
    endloop
  endfacet
  facet normal 0.555575 0.831466 0
    outer loop
      vertex 59.25 8.16506 4.6
      vertex 59.5219 7.98338 1.6
      vertex 59.25 8.16506 1.6
    endloop
  endfacet
  facet normal -0.659279 0.751898 0
    outer loop
      vertex 56.4781 7.98338 1.6
      vertex 56.2322 7.76777 4.6
      vertex 56.4781 7.98338 4.6
    endloop
  endfacet
  facet normal -0.659279 0.751898 0
    outer loop
      vertex 56.2322 7.76777 4.6
      vertex 56.4781 7.98338 1.6
      vertex 56.2322 7.76777 1.6
    endloop
  endfacet
  facet normal 0.980785 -0.195093 1.07661e-18
    outer loop
      vertex 60.4148 5.35295 4.6
      vertex 60.4786 5.67369 1.6
      vertex 60.4786 5.67369 4.6
    endloop
  endfacet
  facet normal 0.980785 -0.195093 1.07661e-18
    outer loop
      vertex 60.4786 5.67369 1.6
      vertex 60.4148 5.35295 4.6
      vertex 60.4148 5.35295 1.6
    endloop
  endfacet
  facet normal 0.896915 -0.442204 9.49205e-21
    outer loop
      vertex 60.1651 4.75 4.6
      vertex 60.3097 5.04329 1.6
      vertex 60.3097 5.04329 4.6
    endloop
  endfacet
  facet normal 0.896915 -0.442204 9.49205e-21
    outer loop
      vertex 60.3097 5.04329 1.6
      vertex 60.1651 4.75 4.6
      vertex 60.1651 4.75 1.6
    endloop
  endfacet
  facet normal 0.195116 -0.98078 0
    outer loop
      vertex 58.3263 3.52139 1.6
      vertex 58.647 3.58519 4.6
      vertex 58.3263 3.52139 4.6
    endloop
  endfacet
  facet normal 0.195116 -0.98078 0
    outer loop
      vertex 58.647 3.58519 4.6
      vertex 58.3263 3.52139 1.6
      vertex 58.647 3.58519 1.6
    endloop
  endfacet
  facet normal -0.555575 0.831466 0
    outer loop
      vertex 56.75 8.16506 1.6
      vertex 56.4781 7.98338 4.6
      vertex 56.75 8.16506 4.6
    endloop
  endfacet
  facet normal -0.555575 0.831466 0
    outer loop
      vertex 56.4781 7.98338 4.6
      vertex 56.75 8.16506 1.6
      vertex 56.4781 7.98338 1.6
    endloop
  endfacet
  facet normal -0.0654128 -0.997858 0
    outer loop
      vertex 57.6737 3.52139 1.6
      vertex 58 3.5 4.6
      vertex 57.6737 3.52139 4.6
    endloop
  endfacet
  facet normal -0.0654128 -0.997858 -0
    outer loop
      vertex 58 3.5 4.6
      vertex 57.6737 3.52139 1.6
      vertex 58 3.5 1.6
    endloop
  endfacet
  facet normal -0.896915 0.442204 9.49205e-21
    outer loop
      vertex 55.6903 6.95671 1.6
      vertex 55.8349 7.25 4.6
      vertex 55.8349 7.25 1.6
    endloop
  endfacet
  facet normal -0.896915 0.442204 9.49205e-21
    outer loop
      vertex 55.8349 7.25 4.6
      vertex 55.6903 6.95671 1.6
      vertex 55.6903 6.95671 4.6
    endloop
  endfacet
  facet normal -0.321387 -0.946948 0
    outer loop
      vertex 57.0433 3.6903 1.6
      vertex 57.353 3.58519 4.6
      vertex 57.0433 3.6903 4.6
    endloop
  endfacet
  facet normal -0.321387 -0.946948 -0
    outer loop
      vertex 57.353 3.58519 4.6
      vertex 57.0433 3.6903 1.6
      vertex 57.353 3.58519 1.6
    endloop
  endfacet
  facet normal -0.831438 -0.555617 3.95641e-19
    outer loop
      vertex 56.0166 4.4781 1.6
      vertex 55.8349 4.75 4.6
      vertex 55.8349 4.75 1.6
    endloop
  endfacet
  facet normal -0.831438 -0.555617 3.95641e-19
    outer loop
      vertex 55.8349 4.75 4.6
      vertex 56.0166 4.4781 1.6
      vertex 56.0166 4.4781 4.6
    endloop
  endfacet
  facet normal -0.751873 -0.659307 2.58653e-18
    outer loop
      vertex 56.2322 4.23223 1.6
      vertex 56.0166 4.4781 4.6
      vertex 56.0166 4.4781 1.6
    endloop
  endfacet
  facet normal -0.751873 -0.659307 2.58653e-18
    outer loop
      vertex 56.0166 4.4781 4.6
      vertex 56.2322 4.23223 1.6
      vertex 56.2322 4.23223 4.6
    endloop
  endfacet
  facet normal -0.980785 0.195093 1.07661e-18
    outer loop
      vertex 55.5214 6.32631 1.6
      vertex 55.5852 6.64705 4.6
      vertex 55.5852 6.64705 1.6
    endloop
  endfacet
  facet normal -0.980785 0.195093 1.07661e-18
    outer loop
      vertex 55.5852 6.64705 4.6
      vertex 55.5214 6.32631 1.6
      vertex 55.5214 6.32631 4.6
    endloop
  endfacet
  facet normal 0.321387 0.946948 -0
    outer loop
      vertex 58.9567 8.3097 1.6
      vertex 58.647 8.41481 4.6
      vertex 58.9567 8.3097 4.6
    endloop
  endfacet
  facet normal 0.321387 0.946948 0
    outer loop
      vertex 58.647 8.41481 4.6
      vertex 58.9567 8.3097 1.6
      vertex 58.647 8.41481 1.6
    endloop
  endfacet
  facet normal -0.659279 -0.751898 0
    outer loop
      vertex 56.2322 4.23223 1.6
      vertex 56.4781 4.01662 4.6
      vertex 56.2322 4.23223 4.6
    endloop
  endfacet
  facet normal -0.659279 -0.751898 -0
    outer loop
      vertex 56.4781 4.01662 4.6
      vertex 56.2322 4.23223 1.6
      vertex 56.4781 4.01662 1.6
    endloop
  endfacet
  facet normal -0.195116 -0.98078 0
    outer loop
      vertex 57.353 3.58519 1.6
      vertex 57.6737 3.52139 4.6
      vertex 57.353 3.58519 4.6
    endloop
  endfacet
  facet normal -0.195116 -0.98078 -0
    outer loop
      vertex 57.6737 3.52139 4.6
      vertex 57.353 3.58519 1.6
      vertex 57.6737 3.52139 1.6
    endloop
  endfacet
  facet normal 0.659279 -0.751898 0
    outer loop
      vertex 59.5219 4.01662 1.6
      vertex 59.7678 4.23223 4.6
      vertex 59.5219 4.01662 4.6
    endloop
  endfacet
  facet normal 0.659279 -0.751898 0
    outer loop
      vertex 59.7678 4.23223 4.6
      vertex 59.5219 4.01662 1.6
      vertex 59.7678 4.23223 1.6
    endloop
  endfacet
  facet normal 0.195116 0.98078 -0
    outer loop
      vertex 58.647 8.41481 1.6
      vertex 58.3263 8.47861 4.6
      vertex 58.647 8.41481 4.6
    endloop
  endfacet
  facet normal 0.195116 0.98078 0
    outer loop
      vertex 58.3263 8.47861 4.6
      vertex 58.647 8.41481 1.6
      vertex 58.3263 8.47861 1.6
    endloop
  endfacet
  facet normal 0.75186 -0.659323 -1.38051e-18
    outer loop
      vertex 57.0083 6.76095 4.6
      vertex 57.1161 6.88388 1.6
      vertex 57.1161 6.88388 4.6
    endloop
  endfacet
  facet normal 0.75186 -0.659323 -1.38051e-18
    outer loop
      vertex 57.1161 6.88388 1.6
      vertex 57.0083 6.76095 4.6
      vertex 57.0083 6.76095 1.6
    endloop
  endfacet
  facet normal -0.980782 -0.195105 -5.44324e-19
    outer loop
      vertex 59.2393 6.16316 1.6
      vertex 59.2074 6.32352 4.6
      vertex 59.2074 6.32352 1.6
    endloop
  endfacet
  facet normal -0.980782 -0.195105 -5.44324e-19
    outer loop
      vertex 59.2074 6.32352 4.6
      vertex 59.2393 6.16316 1.6
      vertex 59.2393 6.16316 4.6
    endloop
  endfacet
  facet normal -0.0653624 0.997862 0
    outer loop
      vertex 58.1632 4.76069 1.6
      vertex 58 4.75 4.6
      vertex 58.1632 4.76069 4.6
    endloop
  endfacet
  facet normal -0.0653624 0.997862 0
    outer loop
      vertex 58 4.75 4.6
      vertex 58.1632 4.76069 1.6
      vertex 58 4.75 1.6
    endloop
  endfacet
  facet normal 0.947038 -0.321123 1.45518e-18
    outer loop
      vertex 56.7926 6.32352 4.6
      vertex 56.8451 6.47835 1.6
      vertex 56.8451 6.47835 4.6
    endloop
  endfacet
  facet normal 0.947038 -0.321123 1.45518e-18
    outer loop
      vertex 56.8451 6.47835 1.6
      vertex 56.7926 6.32352 4.6
      vertex 56.7926 6.32352 1.6
    endloop
  endfacet
  facet normal -0.831579 -0.555406 -6.65701e-20
    outer loop
      vertex 59.0825 6.625 1.6
      vertex 58.9917 6.76095 4.6
      vertex 58.9917 6.76095 1.6
    endloop
  endfacet
  facet normal -0.831579 -0.555406 -6.65701e-20
    outer loop
      vertex 58.9917 6.76095 4.6
      vertex 59.0825 6.625 1.6
      vertex 59.0825 6.625 4.6
    endloop
  endfacet
  facet normal 0.195175 -0.980768 0
    outer loop
      vertex 57.6765 7.20741 1.6
      vertex 57.8368 7.23931 4.6
      vertex 57.6765 7.20741 4.6
    endloop
  endfacet
  facet normal 0.195175 -0.980768 0
    outer loop
      vertex 57.8368 7.23931 4.6
      vertex 57.6765 7.20741 1.6
      vertex 57.8368 7.23931 1.6
    endloop
  endfacet
  facet normal -0.659448 0.75175 0
    outer loop
      vertex 58.8839 5.11612 1.6
      vertex 58.761 5.00831 4.6
      vertex 58.8839 5.11612 4.6
    endloop
  endfacet
  facet normal -0.659448 0.75175 0
    outer loop
      vertex 58.761 5.00831 4.6
      vertex 58.8839 5.11612 1.6
      vertex 58.761 5.00831 1.6
    endloop
  endfacet
  facet normal -0.997857 -0.0654392 -5.47711e-20
    outer loop
      vertex 59.25 6 1.6
      vertex 59.2393 6.16316 4.6
      vertex 59.2393 6.16316 1.6
    endloop
  endfacet
  facet normal -0.997857 -0.0654392 -5.47711e-20
    outer loop
      vertex 59.2393 6.16316 4.6
      vertex 59.25 6 1.6
      vertex 59.25 6 4.6
    endloop
  endfacet
  facet normal 0.997857 -0.0654392 5.47711e-20
    outer loop
      vertex 56.75 6 4.6
      vertex 56.7607 6.16316 1.6
      vertex 56.7607 6.16316 4.6
    endloop
  endfacet
  facet normal 0.997857 -0.0654392 5.47711e-20
    outer loop
      vertex 56.7607 6.16316 1.6
      vertex 56.75 6 4.6
      vertex 56.75 6 1.6
    endloop
  endfacet
  facet normal -0.947038 -0.321123 -1.45518e-18
    outer loop
      vertex 59.2074 6.32352 1.6
      vertex 59.1549 6.47835 4.6
      vertex 59.1549 6.47835 1.6
    endloop
  endfacet
  facet normal -0.947038 -0.321123 -1.45518e-18
    outer loop
      vertex 59.1549 6.47835 4.6
      vertex 59.2074 6.32352 1.6
      vertex 59.2074 6.32352 4.6
    endloop
  endfacet
  facet normal 0.321322 0.94697 -0
    outer loop
      vertex 57.6765 4.79259 1.6
      vertex 57.5216 4.84515 4.6
      vertex 57.6765 4.79259 4.6
    endloop
  endfacet
  facet normal 0.321322 0.94697 0
    outer loop
      vertex 57.5216 4.84515 4.6
      vertex 57.6765 4.79259 1.6
      vertex 57.5216 4.84515 1.6
    endloop
  endfacet
  facet normal -0.555434 -0.831561 0
    outer loop
      vertex 58.625 7.08253 1.6
      vertex 58.761 6.99169 4.6
      vertex 58.625 7.08253 4.6
    endloop
  endfacet
  facet normal -0.555434 -0.831561 -0
    outer loop
      vertex 58.761 6.99169 4.6
      vertex 58.625 7.08253 1.6
      vertex 58.761 6.99169 1.6
    endloop
  endfacet
  facet normal 0.997857 0.0654392 -5.47711e-20
    outer loop
      vertex 56.7607 5.83684 4.6
      vertex 56.75 6 1.6
      vertex 56.75 6 4.6
    endloop
  endfacet
  facet normal 0.997857 0.0654392 -5.47711e-20
    outer loop
      vertex 56.75 6 1.6
      vertex 56.7607 5.83684 4.6
      vertex 56.7607 5.83684 1.6
    endloop
  endfacet
  facet normal -0.195175 -0.980768 0
    outer loop
      vertex 58.1632 7.23931 1.6
      vertex 58.3235 7.20741 4.6
      vertex 58.1632 7.23931 4.6
    endloop
  endfacet
  facet normal -0.195175 -0.980768 -0
    outer loop
      vertex 58.3235 7.20741 4.6
      vertex 58.1632 7.23931 1.6
      vertex 58.3235 7.20741 1.6
    endloop
  endfacet
  facet normal 0.947038 0.321123 -1.45518e-18
    outer loop
      vertex 56.8451 5.52165 4.6
      vertex 56.7926 5.67648 1.6
      vertex 56.7926 5.67648 4.6
    endloop
  endfacet
  facet normal 0.947038 0.321123 -1.45518e-18
    outer loop
      vertex 56.7926 5.67648 1.6
      vertex 56.8451 5.52165 4.6
      vertex 56.8451 5.52165 1.6
    endloop
  endfacet
  facet normal 0.0653624 0.997862 -0
    outer loop
      vertex 58 4.75 1.6
      vertex 57.8368 4.76069 4.6
      vertex 58 4.75 4.6
    endloop
  endfacet
  facet normal 0.0653624 0.997862 0
    outer loop
      vertex 57.8368 4.76069 4.6
      vertex 58 4.75 1.6
      vertex 57.8368 4.76069 1.6
    endloop
  endfacet
  facet normal -0.997857 0.0654392 5.47711e-20
    outer loop
      vertex 59.2393 5.83684 1.6
      vertex 59.25 6 4.6
      vertex 59.25 6 1.6
    endloop
  endfacet
  facet normal -0.997857 0.0654392 5.47711e-20
    outer loop
      vertex 59.25 6 4.6
      vertex 59.2393 5.83684 1.6
      vertex 59.2393 5.83684 4.6
    endloop
  endfacet
  facet normal -0.442411 0.896812 0
    outer loop
      vertex 58.625 4.91747 1.6
      vertex 58.4784 4.84515 4.6
      vertex 58.625 4.91747 4.6
    endloop
  endfacet
  facet normal -0.442411 0.896812 0
    outer loop
      vertex 58.4784 4.84515 4.6
      vertex 58.625 4.91747 1.6
      vertex 58.4784 4.84515 1.6
    endloop
  endfacet
  facet normal -0.0653624 -0.997862 0
    outer loop
      vertex 58 7.25 1.6
      vertex 58.1632 7.23931 4.6
      vertex 58 7.25 4.6
    endloop
  endfacet
  facet normal -0.0653624 -0.997862 -0
    outer loop
      vertex 58.1632 7.23931 4.6
      vertex 58 7.25 1.6
      vertex 58.1632 7.23931 1.6
    endloop
  endfacet
  facet normal 0.659448 0.75175 -0
    outer loop
      vertex 57.239 5.00831 1.6
      vertex 57.1161 5.11612 4.6
      vertex 57.239 5.00831 4.6
    endloop
  endfacet
  facet normal 0.659448 0.75175 0
    outer loop
      vertex 57.1161 5.11612 4.6
      vertex 57.239 5.00831 1.6
      vertex 57.1161 5.11612 1.6
    endloop
  endfacet
  facet normal -0.980782 0.195105 5.44324e-19
    outer loop
      vertex 59.2074 5.67648 1.6
      vertex 59.2393 5.83684 4.6
      vertex 59.2393 5.83684 1.6
    endloop
  endfacet
  facet normal -0.980782 0.195105 5.44324e-19
    outer loop
      vertex 59.2393 5.83684 4.6
      vertex 59.2074 5.67648 1.6
      vertex 59.2074 5.67648 4.6
    endloop
  endfacet
  facet normal -0.831579 0.555406 6.65701e-20
    outer loop
      vertex 58.9917 5.23905 1.6
      vertex 59.0825 5.375 4.6
      vertex 59.0825 5.375 1.6
    endloop
  endfacet
  facet normal -0.831579 0.555406 6.65701e-20
    outer loop
      vertex 59.0825 5.375 4.6
      vertex 58.9917 5.23905 1.6
      vertex 58.9917 5.23905 4.6
    endloop
  endfacet
  facet normal -0.896678 -0.442683 7.81385e-20
    outer loop
      vertex 59.1549 6.47835 1.6
      vertex 59.0825 6.625 4.6
      vertex 59.0825 6.625 1.6
    endloop
  endfacet
  facet normal -0.896678 -0.442683 7.81385e-20
    outer loop
      vertex 59.0825 6.625 4.6
      vertex 59.1549 6.47835 1.6
      vertex 59.1549 6.47835 4.6
    endloop
  endfacet
  facet normal -0.321322 0.94697 0
    outer loop
      vertex 58.4784 4.84515 1.6
      vertex 58.3235 4.79259 4.6
      vertex 58.4784 4.84515 4.6
    endloop
  endfacet
  facet normal -0.321322 0.94697 0
    outer loop
      vertex 58.3235 4.79259 4.6
      vertex 58.4784 4.84515 1.6
      vertex 58.3235 4.79259 1.6
    endloop
  endfacet
  facet normal -0.555434 0.831561 0
    outer loop
      vertex 58.761 5.00831 1.6
      vertex 58.625 4.91747 4.6
      vertex 58.761 5.00831 4.6
    endloop
  endfacet
  facet normal -0.555434 0.831561 0
    outer loop
      vertex 58.625 4.91747 4.6
      vertex 58.761 5.00831 1.6
      vertex 58.625 4.91747 1.6
    endloop
  endfacet
  facet normal 0.659448 -0.75175 0
    outer loop
      vertex 57.1161 6.88388 1.6
      vertex 57.239 6.99169 4.6
      vertex 57.1161 6.88388 4.6
    endloop
  endfacet
  facet normal 0.659448 -0.75175 0
    outer loop
      vertex 57.239 6.99169 4.6
      vertex 57.1161 6.88388 1.6
      vertex 57.239 6.99169 1.6
    endloop
  endfacet
  facet normal -0.442411 -0.896812 0
    outer loop
      vertex 58.4784 7.15485 1.6
      vertex 58.625 7.08253 4.6
      vertex 58.4784 7.15485 4.6
    endloop
  endfacet
  facet normal -0.442411 -0.896812 -0
    outer loop
      vertex 58.625 7.08253 4.6
      vertex 58.4784 7.15485 1.6
      vertex 58.625 7.08253 1.6
    endloop
  endfacet
  facet normal -0.896678 0.442683 -7.81385e-20
    outer loop
      vertex 59.0825 5.375 1.6
      vertex 59.1549 5.52165 4.6
      vertex 59.1549 5.52165 1.6
    endloop
  endfacet
  facet normal -0.896678 0.442683 -7.81385e-20
    outer loop
      vertex 59.1549 5.52165 4.6
      vertex 59.0825 5.375 1.6
      vertex 59.0825 5.375 4.6
    endloop
  endfacet
  facet normal 0.555434 0.831561 -0
    outer loop
      vertex 57.375 4.91747 1.6
      vertex 57.239 5.00831 4.6
      vertex 57.375 4.91747 4.6
    endloop
  endfacet
  facet normal 0.555434 0.831561 0
    outer loop
      vertex 57.239 5.00831 4.6
      vertex 57.375 4.91747 1.6
      vertex 57.239 5.00831 1.6
    endloop
  endfacet
  facet normal -0.947038 0.321123 1.45518e-18
    outer loop
      vertex 59.1549 5.52165 1.6
      vertex 59.2074 5.67648 4.6
      vertex 59.2074 5.67648 1.6
    endloop
  endfacet
  facet normal -0.947038 0.321123 1.45518e-18
    outer loop
      vertex 59.2074 5.67648 4.6
      vertex 59.1549 5.52165 1.6
      vertex 59.1549 5.52165 4.6
    endloop
  endfacet
  facet normal -0.321322 -0.94697 0
    outer loop
      vertex 58.3235 7.20741 1.6
      vertex 58.4784 7.15485 4.6
      vertex 58.3235 7.20741 4.6
    endloop
  endfacet
  facet normal -0.321322 -0.94697 -0
    outer loop
      vertex 58.4784 7.15485 4.6
      vertex 58.3235 7.20741 1.6
      vertex 58.4784 7.15485 1.6
    endloop
  endfacet
  facet normal 0.980782 -0.195105 5.44324e-19
    outer loop
      vertex 56.7607 6.16316 4.6
      vertex 56.7926 6.32352 1.6
      vertex 56.7926 6.32352 4.6
    endloop
  endfacet
  facet normal 0.980782 -0.195105 5.44324e-19
    outer loop
      vertex 56.7926 6.32352 1.6
      vertex 56.7607 6.16316 4.6
      vertex 56.7607 6.16316 1.6
    endloop
  endfacet
  facet normal 0.75186 0.659323 1.38051e-18
    outer loop
      vertex 57.1161 5.11612 4.6
      vertex 57.0083 5.23905 1.6
      vertex 57.0083 5.23905 4.6
    endloop
  endfacet
  facet normal 0.75186 0.659323 1.38051e-18
    outer loop
      vertex 57.0083 5.23905 1.6
      vertex 57.1161 5.11612 4.6
      vertex 57.1161 5.11612 1.6
    endloop
  endfacet
  facet normal 0.442411 -0.896812 0
    outer loop
      vertex 57.375 7.08253 1.6
      vertex 57.5216 7.15485 4.6
      vertex 57.375 7.08253 4.6
    endloop
  endfacet
  facet normal 0.442411 -0.896812 0
    outer loop
      vertex 57.5216 7.15485 4.6
      vertex 57.375 7.08253 1.6
      vertex 57.5216 7.15485 1.6
    endloop
  endfacet
  facet normal 0.896678 -0.442683 -7.81385e-20
    outer loop
      vertex 56.8451 6.47835 4.6
      vertex 56.9175 6.625 1.6
      vertex 56.9175 6.625 4.6
    endloop
  endfacet
  facet normal 0.896678 -0.442683 -7.81385e-20
    outer loop
      vertex 56.9175 6.625 1.6
      vertex 56.8451 6.47835 4.6
      vertex 56.8451 6.47835 1.6
    endloop
  endfacet
  facet normal -0.195175 0.980768 0
    outer loop
      vertex 58.3235 4.79259 1.6
      vertex 58.1632 4.76069 4.6
      vertex 58.3235 4.79259 4.6
    endloop
  endfacet
  facet normal -0.195175 0.980768 0
    outer loop
      vertex 58.1632 4.76069 4.6
      vertex 58.3235 4.79259 1.6
      vertex 58.1632 4.76069 1.6
    endloop
  endfacet
  facet normal 0.321322 -0.94697 0
    outer loop
      vertex 57.5216 7.15485 1.6
      vertex 57.6765 7.20741 4.6
      vertex 57.5216 7.15485 4.6
    endloop
  endfacet
  facet normal 0.321322 -0.94697 0
    outer loop
      vertex 57.6765 7.20741 4.6
      vertex 57.5216 7.15485 1.6
      vertex 57.6765 7.20741 1.6
    endloop
  endfacet
  facet normal 0.896678 0.442683 7.81385e-20
    outer loop
      vertex 56.9175 5.375 4.6
      vertex 56.8451 5.52165 1.6
      vertex 56.8451 5.52165 4.6
    endloop
  endfacet
  facet normal 0.896678 0.442683 7.81385e-20
    outer loop
      vertex 56.8451 5.52165 1.6
      vertex 56.9175 5.375 4.6
      vertex 56.9175 5.375 1.6
    endloop
  endfacet
  facet normal -0.75186 -0.659323 1.38051e-18
    outer loop
      vertex 58.9917 6.76095 1.6
      vertex 58.8839 6.88388 4.6
      vertex 58.8839 6.88388 1.6
    endloop
  endfacet
  facet normal -0.75186 -0.659323 1.38051e-18
    outer loop
      vertex 58.8839 6.88388 4.6
      vertex 58.9917 6.76095 1.6
      vertex 58.9917 6.76095 4.6
    endloop
  endfacet
  facet normal 0.831579 -0.555406 6.65701e-20
    outer loop
      vertex 56.9175 6.625 4.6
      vertex 57.0083 6.76095 1.6
      vertex 57.0083 6.76095 4.6
    endloop
  endfacet
  facet normal 0.831579 -0.555406 6.65701e-20
    outer loop
      vertex 57.0083 6.76095 1.6
      vertex 56.9175 6.625 4.6
      vertex 56.9175 6.625 1.6
    endloop
  endfacet
  facet normal 0.555434 -0.831561 0
    outer loop
      vertex 57.239 6.99169 1.6
      vertex 57.375 7.08253 4.6
      vertex 57.239 6.99169 4.6
    endloop
  endfacet
  facet normal 0.555434 -0.831561 0
    outer loop
      vertex 57.375 7.08253 4.6
      vertex 57.239 6.99169 1.6
      vertex 57.375 7.08253 1.6
    endloop
  endfacet
  facet normal -0.659448 -0.75175 0
    outer loop
      vertex 58.761 6.99169 1.6
      vertex 58.8839 6.88388 4.6
      vertex 58.761 6.99169 4.6
    endloop
  endfacet
  facet normal -0.659448 -0.75175 -0
    outer loop
      vertex 58.8839 6.88388 4.6
      vertex 58.761 6.99169 1.6
      vertex 58.8839 6.88388 1.6
    endloop
  endfacet
  facet normal 0.831579 0.555406 -6.65701e-20
    outer loop
      vertex 57.0083 5.23905 4.6
      vertex 56.9175 5.375 1.6
      vertex 56.9175 5.375 4.6
    endloop
  endfacet
  facet normal 0.831579 0.555406 -6.65701e-20
    outer loop
      vertex 56.9175 5.375 1.6
      vertex 57.0083 5.23905 4.6
      vertex 57.0083 5.23905 1.6
    endloop
  endfacet
  facet normal 0.0653624 -0.997862 0
    outer loop
      vertex 57.8368 7.23931 1.6
      vertex 58 7.25 4.6
      vertex 57.8368 7.23931 4.6
    endloop
  endfacet
  facet normal 0.0653624 -0.997862 0
    outer loop
      vertex 58 7.25 4.6
      vertex 57.8368 7.23931 1.6
      vertex 58 7.25 1.6
    endloop
  endfacet
  facet normal 0.980782 0.195105 -5.44324e-19
    outer loop
      vertex 56.7926 5.67648 4.6
      vertex 56.7607 5.83684 1.6
      vertex 56.7607 5.83684 4.6
    endloop
  endfacet
  facet normal 0.980782 0.195105 -5.44324e-19
    outer loop
      vertex 56.7607 5.83684 1.6
      vertex 56.7926 5.67648 4.6
      vertex 56.7926 5.67648 1.6
    endloop
  endfacet
  facet normal 0.442411 0.896812 -0
    outer loop
      vertex 57.5216 4.84515 1.6
      vertex 57.375 4.91747 4.6
      vertex 57.5216 4.84515 4.6
    endloop
  endfacet
  facet normal 0.442411 0.896812 0
    outer loop
      vertex 57.375 4.91747 4.6
      vertex 57.5216 4.84515 1.6
      vertex 57.375 4.91747 1.6
    endloop
  endfacet
  facet normal -0.75186 0.659323 -1.38051e-18
    outer loop
      vertex 58.8839 5.11612 1.6
      vertex 58.9917 5.23905 4.6
      vertex 58.9917 5.23905 1.6
    endloop
  endfacet
  facet normal -0.75186 0.659323 -1.38051e-18
    outer loop
      vertex 58.9917 5.23905 4.6
      vertex 58.8839 5.11612 1.6
      vertex 58.8839 5.11612 4.6
    endloop
  endfacet
  facet normal 0.195175 0.980768 -0
    outer loop
      vertex 57.8368 4.76069 1.6
      vertex 57.6765 4.79259 4.6
      vertex 57.8368 4.76069 4.6
    endloop
  endfacet
  facet normal 0.195175 0.980768 0
    outer loop
      vertex 57.6765 4.79259 4.6
      vertex 57.8368 4.76069 1.6
      vertex 57.6765 4.79259 1.6
    endloop
  endfacet
  facet normal 0.98078 0.195116 1.24775e-18
    outer loop
      vertex 60.4786 43.3263 4.6
      vertex 60.4148 43.647 1.6
      vertex 60.4148 43.647 4.6
    endloop
  endfacet
  facet normal 0.98078 0.195116 1.24775e-18
    outer loop
      vertex 60.4148 43.647 1.6
      vertex 60.4786 43.3263 4.6
      vertex 60.4786 43.3263 1.6
    endloop
  endfacet
  facet normal 0.997856 0.0654432 8.43065e-20
    outer loop
      vertex 60.5 43 4.6
      vertex 60.4786 43.3263 1.6
      vertex 60.4786 43.3263 4.6
    endloop
  endfacet
  facet normal 0.997856 0.0654432 8.43065e-20
    outer loop
      vertex 60.4786 43.3263 1.6
      vertex 60.5 43 4.6
      vertex 60.5 43 1.6
    endloop
  endfacet
  facet normal -0.946957 0.32136 1.93788e-18
    outer loop
      vertex 55.5852 43.647 1.6
      vertex 55.6903 43.9567 4.6
      vertex 55.6903 43.9567 1.6
    endloop
  endfacet
  facet normal -0.946957 0.32136 1.93788e-18
    outer loop
      vertex 55.6903 43.9567 4.6
      vertex 55.5852 43.647 1.6
      vertex 55.5852 43.647 4.6
    endloop
  endfacet
  facet normal -0.997856 -0.0654432 8.43065e-20
    outer loop
      vertex 55.5214 42.6737 1.6
      vertex 55.5 43 4.6
      vertex 55.5 43 1.6
    endloop
  endfacet
  facet normal -0.997856 -0.0654432 8.43065e-20
    outer loop
      vertex 55.5 43 4.6
      vertex 55.5214 42.6737 1.6
      vertex 55.5214 42.6737 4.6
    endloop
  endfacet
  facet normal -0.555617 -0.831438 0
    outer loop
      vertex 56.4781 41.0166 1.6
      vertex 56.75 40.8349 4.6
      vertex 56.4781 41.0166 4.6
    endloop
  endfacet
  facet normal -0.555617 -0.831438 -0
    outer loop
      vertex 56.75 40.8349 4.6
      vertex 56.4781 41.0166 1.6
      vertex 56.75 40.8349 1.6
    endloop
  endfacet
  facet normal -0.751913 0.659262 -6.92186e-20
    outer loop
      vertex 56.0166 44.5219 1.6
      vertex 56.2322 44.7678 4.6
      vertex 56.2322 44.7678 1.6
    endloop
  endfacet
  facet normal -0.751913 0.659262 -6.92186e-20
    outer loop
      vertex 56.2322 44.7678 4.6
      vertex 56.0166 44.5219 1.6
      vertex 56.0166 44.5219 4.6
    endloop
  endfacet
  facet normal -0.831438 0.555617 -2.00257e-18
    outer loop
      vertex 55.8349 44.25 1.6
      vertex 56.0166 44.5219 4.6
      vertex 56.0166 44.5219 1.6
    endloop
  endfacet
  facet normal -0.831438 0.555617 -2.00257e-18
    outer loop
      vertex 56.0166 44.5219 4.6
      vertex 55.8349 44.25 1.6
      vertex 55.8349 44.25 4.6
    endloop
  endfacet
  facet normal -0.442191 -0.896921 0
    outer loop
      vertex 56.75 40.8349 1.6
      vertex 57.0433 40.6903 4.6
      vertex 56.75 40.8349 4.6
    endloop
  endfacet
  facet normal -0.442191 -0.896921 -0
    outer loop
      vertex 57.0433 40.6903 4.6
      vertex 56.75 40.8349 1.6
      vertex 57.0433 40.6903 1.6
    endloop
  endfacet
  facet normal -0.442191 0.896921 0
    outer loop
      vertex 57.0433 45.3097 1.6
      vertex 56.75 45.1651 4.6
      vertex 57.0433 45.3097 4.6
    endloop
  endfacet
  facet normal -0.442191 0.896921 0
    outer loop
      vertex 56.75 45.1651 4.6
      vertex 57.0433 45.3097 1.6
      vertex 56.75 45.1651 1.6
    endloop
  endfacet
  facet normal 0.751913 0.659262 6.92186e-20
    outer loop
      vertex 59.9834 44.5219 4.6
      vertex 59.7678 44.7678 1.6
      vertex 59.7678 44.7678 4.6
    endloop
  endfacet
  facet normal 0.751913 0.659262 6.92186e-20
    outer loop
      vertex 59.7678 44.7678 1.6
      vertex 59.9834 44.5219 4.6
      vertex 59.9834 44.5219 1.6
    endloop
  endfacet
  facet normal 0.946957 0.32136 -1.93788e-18
    outer loop
      vertex 60.4148 43.647 4.6
      vertex 60.3097 43.9567 1.6
      vertex 60.3097 43.9567 4.6
    endloop
  endfacet
  facet normal 0.946957 0.32136 -1.93788e-18
    outer loop
      vertex 60.3097 43.9567 1.6
      vertex 60.4148 43.647 4.6
      vertex 60.4148 43.647 1.6
    endloop
  endfacet
  facet normal 0.442191 0.896921 -0
    outer loop
      vertex 59.25 45.1651 1.6
      vertex 58.9567 45.3097 4.6
      vertex 59.25 45.1651 4.6
    endloop
  endfacet
  facet normal 0.442191 0.896921 0
    outer loop
      vertex 58.9567 45.3097 4.6
      vertex 59.25 45.1651 1.6
      vertex 58.9567 45.3097 1.6
    endloop
  endfacet
  facet normal 0.997856 -0.0654432 -8.43065e-20
    outer loop
      vertex 60.4786 42.6737 4.6
      vertex 60.5 43 1.6
      vertex 60.5 43 4.6
    endloop
  endfacet
  facet normal 0.997856 -0.0654432 -8.43065e-20
    outer loop
      vertex 60.5 43 1.6
      vertex 60.4786 42.6737 4.6
      vertex 60.4786 42.6737 1.6
    endloop
  endfacet
  facet normal 0.442191 -0.896921 0
    outer loop
      vertex 58.9567 40.6903 1.6
      vertex 59.25 40.8349 4.6
      vertex 58.9567 40.6903 4.6
    endloop
  endfacet
  facet normal 0.442191 -0.896921 0
    outer loop
      vertex 59.25 40.8349 4.6
      vertex 58.9567 40.6903 1.6
      vertex 59.25 40.8349 1.6
    endloop
  endfacet
  facet normal -0.32136 0.946957 0
    outer loop
      vertex 57.353 45.4148 1.6
      vertex 57.0433 45.3097 4.6
      vertex 57.353 45.4148 4.6
    endloop
  endfacet
  facet normal -0.32136 0.946957 0
    outer loop
      vertex 57.0433 45.3097 4.6
      vertex 57.353 45.4148 1.6
      vertex 57.0433 45.3097 1.6
    endloop
  endfacet
  facet normal 0.0654432 -0.997856 0
    outer loop
      vertex 58 40.5 1.6
      vertex 58.3263 40.5214 4.6
      vertex 58 40.5 4.6
    endloop
  endfacet
  facet normal 0.0654432 -0.997856 0
    outer loop
      vertex 58.3263 40.5214 4.6
      vertex 58 40.5 1.6
      vertex 58.3263 40.5214 1.6
    endloop
  endfacet
  facet normal 0.0654432 0.997856 -0
    outer loop
      vertex 58.3263 45.4786 1.6
      vertex 58 45.5 4.6
      vertex 58.3263 45.4786 4.6
    endloop
  endfacet
  facet normal 0.0654432 0.997856 0
    outer loop
      vertex 58 45.5 4.6
      vertex 58.3263 45.4786 1.6
      vertex 58 45.5 1.6
    endloop
  endfacet
  facet normal -0.946957 -0.32136 -1.93788e-18
    outer loop
      vertex 55.6903 42.0433 1.6
      vertex 55.5852 42.353 4.6
      vertex 55.5852 42.353 1.6
    endloop
  endfacet
  facet normal -0.946957 -0.32136 -1.93788e-18
    outer loop
      vertex 55.5852 42.353 4.6
      vertex 55.6903 42.0433 1.6
      vertex 55.6903 42.0433 4.6
    endloop
  endfacet
  facet normal -0.195116 0.98078 0
    outer loop
      vertex 57.6737 45.4786 1.6
      vertex 57.353 45.4148 4.6
      vertex 57.6737 45.4786 4.6
    endloop
  endfacet
  facet normal -0.195116 0.98078 0
    outer loop
      vertex 57.353 45.4148 4.6
      vertex 57.6737 45.4786 1.6
      vertex 57.353 45.4148 1.6
    endloop
  endfacet
  facet normal 0.659262 0.751913 -0
    outer loop
      vertex 59.7678 44.7678 1.6
      vertex 59.5219 44.9834 4.6
      vertex 59.7678 44.7678 4.6
    endloop
  endfacet
  facet normal 0.659262 0.751913 0
    outer loop
      vertex 59.5219 44.9834 4.6
      vertex 59.7678 44.7678 1.6
      vertex 59.5219 44.9834 1.6
    endloop
  endfacet
  facet normal -0.997856 0.0654432 -8.43065e-20
    outer loop
      vertex 55.5 43 1.6
      vertex 55.5214 43.3263 4.6
      vertex 55.5214 43.3263 1.6
    endloop
  endfacet
  facet normal -0.997856 0.0654432 -8.43065e-20
    outer loop
      vertex 55.5214 43.3263 4.6
      vertex 55.5 43 1.6
      vertex 55.5 43 4.6
    endloop
  endfacet
  facet normal 0.896921 0.442191 -2.27578e-18
    outer loop
      vertex 60.3097 43.9567 4.6
      vertex 60.1651 44.25 1.6
      vertex 60.1651 44.25 4.6
    endloop
  endfacet
  facet normal 0.896921 0.442191 -2.27578e-18
    outer loop
      vertex 60.1651 44.25 1.6
      vertex 60.3097 43.9567 4.6
      vertex 60.3097 43.9567 1.6
    endloop
  endfacet
  facet normal 0.946957 -0.32136 1.93788e-18
    outer loop
      vertex 60.3097 42.0433 4.6
      vertex 60.4148 42.353 1.6
      vertex 60.4148 42.353 4.6
    endloop
  endfacet
  facet normal 0.946957 -0.32136 1.93788e-18
    outer loop
      vertex 60.4148 42.353 1.6
      vertex 60.3097 42.0433 4.6
      vertex 60.3097 42.0433 1.6
    endloop
  endfacet
  facet normal 0.32136 -0.946957 0
    outer loop
      vertex 58.647 40.5852 1.6
      vertex 58.9567 40.6903 4.6
      vertex 58.647 40.5852 4.6
    endloop
  endfacet
  facet normal 0.32136 -0.946957 0
    outer loop
      vertex 58.9567 40.6903 4.6
      vertex 58.647 40.5852 1.6
      vertex 58.9567 40.6903 1.6
    endloop
  endfacet
  facet normal 0.831438 0.555617 2.00257e-18
    outer loop
      vertex 60.1651 44.25 4.6
      vertex 59.9834 44.5219 1.6
      vertex 59.9834 44.5219 4.6
    endloop
  endfacet
  facet normal 0.831438 0.555617 2.00257e-18
    outer loop
      vertex 59.9834 44.5219 1.6
      vertex 60.1651 44.25 4.6
      vertex 60.1651 44.25 1.6
    endloop
  endfacet
  facet normal -0.98078 -0.195116 1.24775e-18
    outer loop
      vertex 55.5852 42.353 1.6
      vertex 55.5214 42.6737 4.6
      vertex 55.5214 42.6737 1.6
    endloop
  endfacet
  facet normal -0.98078 -0.195116 1.24775e-18
    outer loop
      vertex 55.5214 42.6737 4.6
      vertex 55.5852 42.353 1.6
      vertex 55.5852 42.353 4.6
    endloop
  endfacet
  facet normal 0.751913 -0.659262 -6.92186e-20
    outer loop
      vertex 59.7678 41.2322 4.6
      vertex 59.9834 41.4781 1.6
      vertex 59.9834 41.4781 4.6
    endloop
  endfacet
  facet normal 0.751913 -0.659262 -6.92186e-20
    outer loop
      vertex 59.9834 41.4781 1.6
      vertex 59.7678 41.2322 4.6
      vertex 59.7678 41.2322 1.6
    endloop
  endfacet
  facet normal 0 0 -1
    outer loop
      vertex 60.4786 42.6737 1.6
      vertex 59.2393 42.8368 1.6
      vertex 59.25 43 1.6
    endloop
  endfacet
  facet normal 0 0 -1
    outer loop
      vertex 59.5219 41.0166 1.6
      vertex 59.2074 42.6765 1.6
      vertex 59.2393 42.8368 1.6
    endloop
  endfacet
  facet normal 0 0 -1
    outer loop
      vertex 59.5219 41.0166 1.6
      vertex 59.1549 42.5216 1.6
      vertex 59.2074 42.6765 1.6
    endloop
  endfacet
  facet normal 0 0 -1
    outer loop
      vertex 59.5219 41.0166 1.6
      vertex 59.0825 42.375 1.6
      vertex 59.1549 42.5216 1.6
    endloop
  endfacet
  facet normal 0 0 -1
    outer loop
      vertex 59.5219 41.0166 1.6
      vertex 58.9917 42.239 1.6
      vertex 59.0825 42.375 1.6
    endloop
  endfacet
  facet normal 0 0 -1
    outer loop
      vertex 58.625 41.9175 1.6
      vertex 59.25 40.8349 1.6
      vertex 58.9567 40.6903 1.6
    endloop
  endfacet
  facet normal 0 0 -1
    outer loop
      vertex 59.5219 41.0166 1.6
      vertex 58.8839 42.1161 1.6
      vertex 58.9917 42.239 1.6
    endloop
  endfacet
  facet normal 0 0 -1
    outer loop
      vertex 59.5219 41.0166 1.6
      vertex 58.761 42.0083 1.6
      vertex 58.8839 42.1161 1.6
    endloop
  endfacet
  facet normal 0 0 -1
    outer loop
      vertex 58.4784 41.8451 1.6
      vertex 58.9567 40.6903 1.6
      vertex 58.647 40.5852 1.6
    endloop
  endfacet
  facet normal 0 0 -1
    outer loop
      vertex 59.25 40.8349 1.6
      vertex 58.625 41.9175 1.6
      vertex 58.761 42.0083 1.6
    endloop
  endfacet
  facet normal 0 0 -1
    outer loop
      vertex 58.9567 40.6903 1.6
      vertex 58.4784 41.8451 1.6
      vertex 58.625 41.9175 1.6
    endloop
  endfacet
  facet normal 0 0 -1
    outer loop
      vertex 58.3235 41.7926 1.6
      vertex 58.647 40.5852 1.6
      vertex 58.3263 40.5214 1.6
    endloop
  endfacet
  facet normal 0 0 -1
    outer loop
      vertex 58.647 40.5852 1.6
      vertex 58.3235 41.7926 1.6
      vertex 58.4784 41.8451 1.6
    endloop
  endfacet
  facet normal 0 0 -1
    outer loop
      vertex 58.3263 40.5214 1.6
      vertex 58.1632 41.7607 1.6
      vertex 58.3235 41.7926 1.6
    endloop
  endfacet
  facet normal 0 0 -1
    outer loop
      vertex 58 40.5 1.6
      vertex 58.1632 41.7607 1.6
      vertex 58.3263 40.5214 1.6
    endloop
  endfacet
  facet normal 0 0 -1
    outer loop
      vertex 58 40.5 1.6
      vertex 58 41.75 1.6
      vertex 58.1632 41.7607 1.6
    endloop
  endfacet
  facet normal 0 0 -1
    outer loop
      vertex 58 40.5 1.6
      vertex 57.8368 41.7607 1.6
      vertex 58 41.75 1.6
    endloop
  endfacet
  facet normal 0 0 -1
    outer loop
      vertex 57.6737 40.5214 1.6
      vertex 57.8368 41.7607 1.6
      vertex 58 40.5 1.6
    endloop
  endfacet
  facet normal -0 0 -1
    outer loop
      vertex 57.8368 41.7607 1.6
      vertex 57.6737 40.5214 1.6
      vertex 57.6765 41.7926 1.6
    endloop
  endfacet
  facet normal 0 0 -1
    outer loop
      vertex 57.353 40.5852 1.6
      vertex 57.6765 41.7926 1.6
      vertex 57.6737 40.5214 1.6
    endloop
  endfacet
  facet normal -0 0 -1
    outer loop
      vertex 57.6765 41.7926 1.6
      vertex 57.353 40.5852 1.6
      vertex 57.5216 41.8451 1.6
    endloop
  endfacet
  facet normal 0 0 -1
    outer loop
      vertex 57.0433 40.6903 1.6
      vertex 57.5216 41.8451 1.6
      vertex 57.353 40.5852 1.6
    endloop
  endfacet
  facet normal -0 0 -1
    outer loop
      vertex 57.5216 41.8451 1.6
      vertex 57.0433 40.6903 1.6
      vertex 57.375 41.9175 1.6
    endloop
  endfacet
  facet normal 0 0 -1
    outer loop
      vertex 56.75 40.8349 1.6
      vertex 57.375 41.9175 1.6
      vertex 57.0433 40.6903 1.6
    endloop
  endfacet
  facet normal -0 0 -1
    outer loop
      vertex 57.375 41.9175 1.6
      vertex 56.75 40.8349 1.6
      vertex 57.239 42.0083 1.6
    endloop
  endfacet
  facet normal 0 0 -1
    outer loop
      vertex 56.4781 41.0166 1.6
      vertex 57.239 42.0083 1.6
      vertex 56.75 40.8349 1.6
    endloop
  endfacet
  facet normal -0 0 -1
    outer loop
      vertex 57.239 42.0083 1.6
      vertex 56.4781 41.0166 1.6
      vertex 57.1161 42.1161 1.6
    endloop
  endfacet
  facet normal 0 0 -1
    outer loop
      vertex 56.2322 41.2322 1.6
      vertex 57.1161 42.1161 1.6
      vertex 56.4781 41.0166 1.6
    endloop
  endfacet
  facet normal -0 0 -1
    outer loop
      vertex 57.1161 42.1161 1.6
      vertex 56.2322 41.2322 1.6
      vertex 57.0083 42.239 1.6
    endloop
  endfacet
  facet normal 0 0 -1
    outer loop
      vertex 56.0166 41.4781 1.6
      vertex 57.0083 42.239 1.6
      vertex 56.2322 41.2322 1.6
    endloop
  endfacet
  facet normal -0 0 -1
    outer loop
      vertex 57.0083 42.239 1.6
      vertex 56.0166 41.4781 1.6
      vertex 56.9175 42.375 1.6
    endloop
  endfacet
  facet normal 0 0 -1
    outer loop
      vertex 55.8349 41.75 1.6
      vertex 56.9175 42.375 1.6
      vertex 56.0166 41.4781 1.6
    endloop
  endfacet
  facet normal -0 0 -1
    outer loop
      vertex 56.9175 42.375 1.6
      vertex 55.8349 41.75 1.6
      vertex 56.8451 42.5216 1.6
    endloop
  endfacet
  facet normal 0 0 -1
    outer loop
      vertex 55.6903 42.0433 1.6
      vertex 56.8451 42.5216 1.6
      vertex 55.8349 41.75 1.6
    endloop
  endfacet
  facet normal 0 0 -1
    outer loop
      vertex 56.75 43 1.6
      vertex 56.4781 44.9834 1.6
      vertex 56.75 45.1651 1.6
    endloop
  endfacet
  facet normal -0 0 -1
    outer loop
      vertex 56.8451 42.5216 1.6
      vertex 55.6903 42.0433 1.6
      vertex 56.7926 42.6765 1.6
    endloop
  endfacet
  facet normal 0 0 -1
    outer loop
      vertex 56.75 43 1.6
      vertex 56.2322 44.7678 1.6
      vertex 56.4781 44.9834 1.6
    endloop
  endfacet
  facet normal 0 0 -1
    outer loop
      vertex 55.5852 42.353 1.6
      vertex 56.7926 42.6765 1.6
      vertex 55.6903 42.0433 1.6
    endloop
  endfacet
  facet normal 0 0 -1
    outer loop
      vertex 56.75 43 1.6
      vertex 56.0166 44.5219 1.6
      vertex 56.2322 44.7678 1.6
    endloop
  endfacet
  facet normal -0 0 -1
    outer loop
      vertex 56.7926 42.6765 1.6
      vertex 55.5852 42.353 1.6
      vertex 56.7607 42.8368 1.6
    endloop
  endfacet
  facet normal 0 0 -1
    outer loop
      vertex 56.75 43 1.6
      vertex 55.8349 44.25 1.6
      vertex 56.0166 44.5219 1.6
    endloop
  endfacet
  facet normal 0 0 -1
    outer loop
      vertex 55.5214 42.6737 1.6
      vertex 56.7607 42.8368 1.6
      vertex 55.5852 42.353 1.6
    endloop
  endfacet
  facet normal 0 0 -1
    outer loop
      vertex 56.75 43 1.6
      vertex 55.6903 43.9567 1.6
      vertex 55.8349 44.25 1.6
    endloop
  endfacet
  facet normal -0 0 -1
    outer loop
      vertex 56.7607 42.8368 1.6
      vertex 55.5214 42.6737 1.6
      vertex 56.75 43 1.6
    endloop
  endfacet
  facet normal 0 0 -1
    outer loop
      vertex 56.75 43 1.6
      vertex 55.5852 43.647 1.6
      vertex 55.6903 43.9567 1.6
    endloop
  endfacet
  facet normal 0 0 -1
    outer loop
      vertex 55.5 43 1.6
      vertex 56.75 43 1.6
      vertex 55.5214 42.6737 1.6
    endloop
  endfacet
  facet normal 0 0 -1
    outer loop
      vertex 56.75 43 1.6
      vertex 55.5214 43.3263 1.6
      vertex 55.5852 43.647 1.6
    endloop
  endfacet
  facet normal 0 0 -1
    outer loop
      vertex 56.75 43 1.6
      vertex 55.5 43 1.6
      vertex 55.5214 43.3263 1.6
    endloop
  endfacet
  facet normal 0 0 -1
    outer loop
      vertex 59.25 43 1.6
      vertex 60.5 43 1.6
      vertex 60.4786 42.6737 1.6
    endloop
  endfacet
  facet normal 0 0 -1
    outer loop
      vertex 59.2393 42.8368 1.6
      vertex 60.4786 42.6737 1.6
      vertex 60.4148 42.353 1.6
    endloop
  endfacet
  facet normal 0 0 -1
    outer loop
      vertex 60.5 43 1.6
      vertex 59.25 43 1.6
      vertex 60.4786 43.3263 1.6
    endloop
  endfacet
  facet normal 0 0 -1
    outer loop
      vertex 59.2393 42.8368 1.6
      vertex 60.4148 42.353 1.6
      vertex 60.3097 42.0433 1.6
    endloop
  endfacet
  facet normal 0 0 -1
    outer loop
      vertex 59.2393 43.1632 1.6
      vertex 60.4786 43.3263 1.6
      vertex 59.25 43 1.6
    endloop
  endfacet
  facet normal 0 0 -1
    outer loop
      vertex 59.2393 42.8368 1.6
      vertex 60.3097 42.0433 1.6
      vertex 60.1651 41.75 1.6
    endloop
  endfacet
  facet normal -0 0 -1
    outer loop
      vertex 60.4786 43.3263 1.6
      vertex 59.2393 43.1632 1.6
      vertex 60.4148 43.647 1.6
    endloop
  endfacet
  facet normal 0 0 -1
    outer loop
      vertex 59.2393 42.8368 1.6
      vertex 60.1651 41.75 1.6
      vertex 59.9834 41.4781 1.6
    endloop
  endfacet
  facet normal 0 0 -1
    outer loop
      vertex 59.2074 43.3235 1.6
      vertex 60.4148 43.647 1.6
      vertex 59.2393 43.1632 1.6
    endloop
  endfacet
  facet normal 0 0 -1
    outer loop
      vertex 59.2393 42.8368 1.6
      vertex 59.9834 41.4781 1.6
      vertex 59.7678 41.2322 1.6
    endloop
  endfacet
  facet normal -0 0 -1
    outer loop
      vertex 60.4148 43.647 1.6
      vertex 59.2074 43.3235 1.6
      vertex 60.3097 43.9567 1.6
    endloop
  endfacet
  facet normal 0 0 -1
    outer loop
      vertex 59.2393 42.8368 1.6
      vertex 59.7678 41.2322 1.6
      vertex 59.5219 41.0166 1.6
    endloop
  endfacet
  facet normal 0 0 -1
    outer loop
      vertex 59.1549 43.4784 1.6
      vertex 60.3097 43.9567 1.6
      vertex 59.2074 43.3235 1.6
    endloop
  endfacet
  facet normal 0 0 -1
    outer loop
      vertex 58.761 42.0083 1.6
      vertex 59.5219 41.0166 1.6
      vertex 59.25 40.8349 1.6
    endloop
  endfacet
  facet normal -0 0 -1
    outer loop
      vertex 60.3097 43.9567 1.6
      vertex 59.1549 43.4784 1.6
      vertex 60.1651 44.25 1.6
    endloop
  endfacet
  facet normal 0 0 -1
    outer loop
      vertex 59.0825 43.625 1.6
      vertex 60.1651 44.25 1.6
      vertex 59.1549 43.4784 1.6
    endloop
  endfacet
  facet normal -0 0 -1
    outer loop
      vertex 60.1651 44.25 1.6
      vertex 59.0825 43.625 1.6
      vertex 59.9834 44.5219 1.6
    endloop
  endfacet
  facet normal 0 0 -1
    outer loop
      vertex 58.9917 43.761 1.6
      vertex 59.9834 44.5219 1.6
      vertex 59.0825 43.625 1.6
    endloop
  endfacet
  facet normal -0 0 -1
    outer loop
      vertex 59.9834 44.5219 1.6
      vertex 58.9917 43.761 1.6
      vertex 59.7678 44.7678 1.6
    endloop
  endfacet
  facet normal 0 0 -1
    outer loop
      vertex 58.8839 43.8839 1.6
      vertex 59.7678 44.7678 1.6
      vertex 58.9917 43.761 1.6
    endloop
  endfacet
  facet normal -0 0 -1
    outer loop
      vertex 59.7678 44.7678 1.6
      vertex 58.8839 43.8839 1.6
      vertex 59.5219 44.9834 1.6
    endloop
  endfacet
  facet normal 0 0 -1
    outer loop
      vertex 58.761 43.9917 1.6
      vertex 59.5219 44.9834 1.6
      vertex 58.8839 43.8839 1.6
    endloop
  endfacet
  facet normal -0 0 -1
    outer loop
      vertex 59.5219 44.9834 1.6
      vertex 58.761 43.9917 1.6
      vertex 59.25 45.1651 1.6
    endloop
  endfacet
  facet normal 0 0 -1
    outer loop
      vertex 58.625 44.0825 1.6
      vertex 59.25 45.1651 1.6
      vertex 58.761 43.9917 1.6
    endloop
  endfacet
  facet normal -0 0 -1
    outer loop
      vertex 59.25 45.1651 1.6
      vertex 58.625 44.0825 1.6
      vertex 58.9567 45.3097 1.6
    endloop
  endfacet
  facet normal 0 0 -1
    outer loop
      vertex 58.4784 44.1549 1.6
      vertex 58.9567 45.3097 1.6
      vertex 58.625 44.0825 1.6
    endloop
  endfacet
  facet normal -0 0 -1
    outer loop
      vertex 58.9567 45.3097 1.6
      vertex 58.4784 44.1549 1.6
      vertex 58.647 45.4148 1.6
    endloop
  endfacet
  facet normal 0 0 -1
    outer loop
      vertex 58.3235 44.2074 1.6
      vertex 58.647 45.4148 1.6
      vertex 58.4784 44.1549 1.6
    endloop
  endfacet
  facet normal -0 0 -1
    outer loop
      vertex 58.647 45.4148 1.6
      vertex 58.3235 44.2074 1.6
      vertex 58.3263 45.4786 1.6
    endloop
  endfacet
  facet normal 0 0 -1
    outer loop
      vertex 58.1632 44.2393 1.6
      vertex 58.3263 45.4786 1.6
      vertex 58.3235 44.2074 1.6
    endloop
  endfacet
  facet normal 0 0 -1
    outer loop
      vertex 58 44.25 1.6
      vertex 58.3263 45.4786 1.6
      vertex 58.1632 44.2393 1.6
    endloop
  endfacet
  facet normal 0 0 -1
    outer loop
      vertex 58 44.25 1.6
      vertex 58 45.5 1.6
      vertex 58.3263 45.4786 1.6
    endloop
  endfacet
  facet normal 0 0 -1
    outer loop
      vertex 57.8368 44.2393 1.6
      vertex 58 45.5 1.6
      vertex 58 44.25 1.6
    endloop
  endfacet
  facet normal 0 0 -1
    outer loop
      vertex 57.6737 45.4786 1.6
      vertex 57.8368 44.2393 1.6
      vertex 57.6765 44.2074 1.6
    endloop
  endfacet
  facet normal 0 0 -1
    outer loop
      vertex 57.8368 44.2393 1.6
      vertex 57.6737 45.4786 1.6
      vertex 58 45.5 1.6
    endloop
  endfacet
  facet normal 0 0 -1
    outer loop
      vertex 57.353 45.4148 1.6
      vertex 57.6765 44.2074 1.6
      vertex 57.5216 44.1549 1.6
    endloop
  endfacet
  facet normal 0 0 -1
    outer loop
      vertex 57.0433 45.3097 1.6
      vertex 57.5216 44.1549 1.6
      vertex 57.375 44.0825 1.6
    endloop
  endfacet
  facet normal 0 0 -1
    outer loop
      vertex 57.6765 44.2074 1.6
      vertex 57.353 45.4148 1.6
      vertex 57.6737 45.4786 1.6
    endloop
  endfacet
  facet normal 0 0 -1
    outer loop
      vertex 56.75 45.1651 1.6
      vertex 57.375 44.0825 1.6
      vertex 57.239 43.9917 1.6
    endloop
  endfacet
  facet normal 0 0 -1
    outer loop
      vertex 56.75 45.1651 1.6
      vertex 57.239 43.9917 1.6
      vertex 57.1161 43.8839 1.6
    endloop
  endfacet
  facet normal 0 0 -1
    outer loop
      vertex 57.5216 44.1549 1.6
      vertex 57.0433 45.3097 1.6
      vertex 57.353 45.4148 1.6
    endloop
  endfacet
  facet normal 0 0 -1
    outer loop
      vertex 56.75 45.1651 1.6
      vertex 57.1161 43.8839 1.6
      vertex 57.0083 43.761 1.6
    endloop
  endfacet
  facet normal 0 0 -1
    outer loop
      vertex 56.75 45.1651 1.6
      vertex 57.0083 43.761 1.6
      vertex 56.9175 43.625 1.6
    endloop
  endfacet
  facet normal 0 0 -1
    outer loop
      vertex 56.75 45.1651 1.6
      vertex 56.9175 43.625 1.6
      vertex 56.8451 43.4784 1.6
    endloop
  endfacet
  facet normal 0 0 -1
    outer loop
      vertex 56.75 45.1651 1.6
      vertex 56.8451 43.4784 1.6
      vertex 56.7926 43.3235 1.6
    endloop
  endfacet
  facet normal 0 0 -1
    outer loop
      vertex 56.75 45.1651 1.6
      vertex 56.7926 43.3235 1.6
      vertex 56.7607 43.1632 1.6
    endloop
  endfacet
  facet normal 0 0 -1
    outer loop
      vertex 57.375 44.0825 1.6
      vertex 56.75 45.1651 1.6
      vertex 57.0433 45.3097 1.6
    endloop
  endfacet
  facet normal 0 0 -1
    outer loop
      vertex 56.75 45.1651 1.6
      vertex 56.7607 43.1632 1.6
      vertex 56.75 43 1.6
    endloop
  endfacet
  facet normal 0.555617 -0.831438 0
    outer loop
      vertex 59.25 40.8349 1.6
      vertex 59.5219 41.0166 4.6
      vertex 59.25 40.8349 4.6
    endloop
  endfacet
  facet normal 0.555617 -0.831438 0
    outer loop
      vertex 59.5219 41.0166 4.6
      vertex 59.25 40.8349 1.6
      vertex 59.5219 41.0166 1.6
    endloop
  endfacet
  facet normal -0.0654432 0.997856 0
    outer loop
      vertex 58 45.5 1.6
      vertex 57.6737 45.4786 4.6
      vertex 58 45.5 4.6
    endloop
  endfacet
  facet normal -0.0654432 0.997856 0
    outer loop
      vertex 57.6737 45.4786 4.6
      vertex 58 45.5 1.6
      vertex 57.6737 45.4786 1.6
    endloop
  endfacet
  facet normal -0.896921 -0.442191 -2.27578e-18
    outer loop
      vertex 55.8349 41.75 1.6
      vertex 55.6903 42.0433 4.6
      vertex 55.6903 42.0433 1.6
    endloop
  endfacet
  facet normal -0.896921 -0.442191 -2.27578e-18
    outer loop
      vertex 55.6903 42.0433 4.6
      vertex 55.8349 41.75 1.6
      vertex 55.8349 41.75 4.6
    endloop
  endfacet
  facet normal 0.831438 -0.555617 -2.00257e-18
    outer loop
      vertex 59.9834 41.4781 4.6
      vertex 60.1651 41.75 1.6
      vertex 60.1651 41.75 4.6
    endloop
  endfacet
  facet normal 0.831438 -0.555617 -2.00257e-18
    outer loop
      vertex 60.1651 41.75 1.6
      vertex 59.9834 41.4781 4.6
      vertex 59.9834 41.4781 1.6
    endloop
  endfacet
  facet normal 0 0 1
    outer loop
      vertex 60.4786 43.3263 4.6
      vertex 59.2393 43.1632 4.6
      vertex 59.25 43 4.6
    endloop
  endfacet
  facet normal 0 0 1
    outer loop
      vertex 59.5219 44.9834 4.6
      vertex 59.2074 43.3235 4.6
      vertex 59.2393 43.1632 4.6
    endloop
  endfacet
  facet normal 0 0 1
    outer loop
      vertex 59.5219 44.9834 4.6
      vertex 59.1549 43.4784 4.6
      vertex 59.2074 43.3235 4.6
    endloop
  endfacet
  facet normal 0 0 1
    outer loop
      vertex 59.5219 44.9834 4.6
      vertex 59.0825 43.625 4.6
      vertex 59.1549 43.4784 4.6
    endloop
  endfacet
  facet normal 0 0 1
    outer loop
      vertex 59.5219 44.9834 4.6
      vertex 58.9917 43.761 4.6
      vertex 59.0825 43.625 4.6
    endloop
  endfacet
  facet normal 0 0 1
    outer loop
      vertex 58.625 44.0825 4.6
      vertex 59.25 45.1651 4.6
      vertex 58.9567 45.3097 4.6
    endloop
  endfacet
  facet normal 0 0 1
    outer loop
      vertex 59.5219 44.9834 4.6
      vertex 58.8839 43.8839 4.6
      vertex 58.9917 43.761 4.6
    endloop
  endfacet
  facet normal 0 0 1
    outer loop
      vertex 59.5219 44.9834 4.6
      vertex 58.761 43.9917 4.6
      vertex 58.8839 43.8839 4.6
    endloop
  endfacet
  facet normal 0 0 1
    outer loop
      vertex 58.4784 44.1549 4.6
      vertex 58.9567 45.3097 4.6
      vertex 58.647 45.4148 4.6
    endloop
  endfacet
  facet normal 0 0 1
    outer loop
      vertex 59.25 45.1651 4.6
      vertex 58.625 44.0825 4.6
      vertex 58.761 43.9917 4.6
    endloop
  endfacet
  facet normal 0 0 1
    outer loop
      vertex 58.9567 45.3097 4.6
      vertex 58.4784 44.1549 4.6
      vertex 58.625 44.0825 4.6
    endloop
  endfacet
  facet normal 0 0 1
    outer loop
      vertex 58.3235 44.2074 4.6
      vertex 58.647 45.4148 4.6
      vertex 58.3263 45.4786 4.6
    endloop
  endfacet
  facet normal 0 0 1
    outer loop
      vertex 58.647 45.4148 4.6
      vertex 58.3235 44.2074 4.6
      vertex 58.4784 44.1549 4.6
    endloop
  endfacet
  facet normal 0 0 1
    outer loop
      vertex 58.3263 45.4786 4.6
      vertex 58.1632 44.2393 4.6
      vertex 58.3235 44.2074 4.6
    endloop
  endfacet
  facet normal 0 0 1
    outer loop
      vertex 58 45.5 4.6
      vertex 58.1632 44.2393 4.6
      vertex 58.3263 45.4786 4.6
    endloop
  endfacet
  facet normal 0 0 1
    outer loop
      vertex 58 45.5 4.6
      vertex 58 44.25 4.6
      vertex 58.1632 44.2393 4.6
    endloop
  endfacet
  facet normal 0 0 1
    outer loop
      vertex 58 45.5 4.6
      vertex 57.8368 44.2393 4.6
      vertex 58 44.25 4.6
    endloop
  endfacet
  facet normal -0 0 1
    outer loop
      vertex 57.6737 45.4786 4.6
      vertex 57.8368 44.2393 4.6
      vertex 58 45.5 4.6
    endloop
  endfacet
  facet normal 0 0 1
    outer loop
      vertex 57.8368 44.2393 4.6
      vertex 57.6737 45.4786 4.6
      vertex 57.6765 44.2074 4.6
    endloop
  endfacet
  facet normal -0 0 1
    outer loop
      vertex 57.353 45.4148 4.6
      vertex 57.6765 44.2074 4.6
      vertex 57.6737 45.4786 4.6
    endloop
  endfacet
  facet normal 0 0 1
    outer loop
      vertex 57.6765 44.2074 4.6
      vertex 57.353 45.4148 4.6
      vertex 57.5216 44.1549 4.6
    endloop
  endfacet
  facet normal -0 0 1
    outer loop
      vertex 57.0433 45.3097 4.6
      vertex 57.5216 44.1549 4.6
      vertex 57.353 45.4148 4.6
    endloop
  endfacet
  facet normal 0 0 1
    outer loop
      vertex 57.5216 44.1549 4.6
      vertex 57.0433 45.3097 4.6
      vertex 57.375 44.0825 4.6
    endloop
  endfacet
  facet normal -0 0 1
    outer loop
      vertex 56.75 45.1651 4.6
      vertex 57.375 44.0825 4.6
      vertex 57.0433 45.3097 4.6
    endloop
  endfacet
  facet normal 0 0 1
    outer loop
      vertex 57.375 44.0825 4.6
      vertex 56.75 45.1651 4.6
      vertex 57.239 43.9917 4.6
    endloop
  endfacet
  facet normal -0 0 1
    outer loop
      vertex 56.4781 44.9834 4.6
      vertex 57.239 43.9917 4.6
      vertex 56.75 45.1651 4.6
    endloop
  endfacet
  facet normal 0 0 1
    outer loop
      vertex 57.239 43.9917 4.6
      vertex 56.4781 44.9834 4.6
      vertex 57.1161 43.8839 4.6
    endloop
  endfacet
  facet normal -0 0 1
    outer loop
      vertex 56.2322 44.7678 4.6
      vertex 57.1161 43.8839 4.6
      vertex 56.4781 44.9834 4.6
    endloop
  endfacet
  facet normal 0 0 1
    outer loop
      vertex 57.1161 43.8839 4.6
      vertex 56.2322 44.7678 4.6
      vertex 57.0083 43.761 4.6
    endloop
  endfacet
  facet normal -0 0 1
    outer loop
      vertex 56.0166 44.5219 4.6
      vertex 57.0083 43.761 4.6
      vertex 56.2322 44.7678 4.6
    endloop
  endfacet
  facet normal 0 0 1
    outer loop
      vertex 57.0083 43.761 4.6
      vertex 56.0166 44.5219 4.6
      vertex 56.9175 43.625 4.6
    endloop
  endfacet
  facet normal -0 0 1
    outer loop
      vertex 55.8349 44.25 4.6
      vertex 56.9175 43.625 4.6
      vertex 56.0166 44.5219 4.6
    endloop
  endfacet
  facet normal 0 0 1
    outer loop
      vertex 56.9175 43.625 4.6
      vertex 55.8349 44.25 4.6
      vertex 56.8451 43.4784 4.6
    endloop
  endfacet
  facet normal -0 0 1
    outer loop
      vertex 55.6903 43.9567 4.6
      vertex 56.8451 43.4784 4.6
      vertex 55.8349 44.25 4.6
    endloop
  endfacet
  facet normal 0 0 1
    outer loop
      vertex 56.75 43 4.6
      vertex 56.4781 41.0166 4.6
      vertex 56.75 40.8349 4.6
    endloop
  endfacet
  facet normal 0 0 1
    outer loop
      vertex 56.8451 43.4784 4.6
      vertex 55.6903 43.9567 4.6
      vertex 56.7926 43.3235 4.6
    endloop
  endfacet
  facet normal 0 0 1
    outer loop
      vertex 56.75 43 4.6
      vertex 56.2322 41.2322 4.6
      vertex 56.4781 41.0166 4.6
    endloop
  endfacet
  facet normal -0 0 1
    outer loop
      vertex 55.5852 43.647 4.6
      vertex 56.7926 43.3235 4.6
      vertex 55.6903 43.9567 4.6
    endloop
  endfacet
  facet normal 0 0 1
    outer loop
      vertex 56.75 43 4.6
      vertex 56.0166 41.4781 4.6
      vertex 56.2322 41.2322 4.6
    endloop
  endfacet
  facet normal 0 0 1
    outer loop
      vertex 56.7926 43.3235 4.6
      vertex 55.5852 43.647 4.6
      vertex 56.7607 43.1632 4.6
    endloop
  endfacet
  facet normal 0 0 1
    outer loop
      vertex 56.75 43 4.6
      vertex 55.8349 41.75 4.6
      vertex 56.0166 41.4781 4.6
    endloop
  endfacet
  facet normal -0 0 1
    outer loop
      vertex 55.5214 43.3263 4.6
      vertex 56.7607 43.1632 4.6
      vertex 55.5852 43.647 4.6
    endloop
  endfacet
  facet normal 0 0 1
    outer loop
      vertex 56.75 43 4.6
      vertex 55.6903 42.0433 4.6
      vertex 55.8349 41.75 4.6
    endloop
  endfacet
  facet normal 0 0 1
    outer loop
      vertex 56.7607 43.1632 4.6
      vertex 55.5214 43.3263 4.6
      vertex 56.75 43 4.6
    endloop
  endfacet
  facet normal 0 0 1
    outer loop
      vertex 56.75 43 4.6
      vertex 55.5852 42.353 4.6
      vertex 55.6903 42.0433 4.6
    endloop
  endfacet
  facet normal 0 0 1
    outer loop
      vertex 55.5 43 4.6
      vertex 56.75 43 4.6
      vertex 55.5214 43.3263 4.6
    endloop
  endfacet
  facet normal 0 0 1
    outer loop
      vertex 56.75 43 4.6
      vertex 55.5214 42.6737 4.6
      vertex 55.5852 42.353 4.6
    endloop
  endfacet
  facet normal 0 0 1
    outer loop
      vertex 56.75 43 4.6
      vertex 55.5 43 4.6
      vertex 55.5214 42.6737 4.6
    endloop
  endfacet
  facet normal 0 0 1
    outer loop
      vertex 59.25 43 4.6
      vertex 60.5 43 4.6
      vertex 60.4786 43.3263 4.6
    endloop
  endfacet
  facet normal 0 0 1
    outer loop
      vertex 59.2393 43.1632 4.6
      vertex 60.4786 43.3263 4.6
      vertex 60.4148 43.647 4.6
    endloop
  endfacet
  facet normal 0 0 1
    outer loop
      vertex 60.5 43 4.6
      vertex 59.25 43 4.6
      vertex 60.4786 42.6737 4.6
    endloop
  endfacet
  facet normal 0 0 1
    outer loop
      vertex 59.2393 43.1632 4.6
      vertex 60.4148 43.647 4.6
      vertex 60.3097 43.9567 4.6
    endloop
  endfacet
  facet normal -0 0 1
    outer loop
      vertex 59.2393 42.8368 4.6
      vertex 60.4786 42.6737 4.6
      vertex 59.25 43 4.6
    endloop
  endfacet
  facet normal 0 0 1
    outer loop
      vertex 59.2393 43.1632 4.6
      vertex 60.3097 43.9567 4.6
      vertex 60.1651 44.25 4.6
    endloop
  endfacet
  facet normal 0 0 1
    outer loop
      vertex 60.4786 42.6737 4.6
      vertex 59.2393 42.8368 4.6
      vertex 60.4148 42.353 4.6
    endloop
  endfacet
  facet normal 0 0 1
    outer loop
      vertex 59.2393 43.1632 4.6
      vertex 60.1651 44.25 4.6
      vertex 59.9834 44.5219 4.6
    endloop
  endfacet
  facet normal -0 0 1
    outer loop
      vertex 59.2074 42.6765 4.6
      vertex 60.4148 42.353 4.6
      vertex 59.2393 42.8368 4.6
    endloop
  endfacet
  facet normal 0 0 1
    outer loop
      vertex 59.2393 43.1632 4.6
      vertex 59.9834 44.5219 4.6
      vertex 59.7678 44.7678 4.6
    endloop
  endfacet
  facet normal 0 0 1
    outer loop
      vertex 60.4148 42.353 4.6
      vertex 59.2074 42.6765 4.6
      vertex 60.3097 42.0433 4.6
    endloop
  endfacet
  facet normal 0 0 1
    outer loop
      vertex 59.2393 43.1632 4.6
      vertex 59.7678 44.7678 4.6
      vertex 59.5219 44.9834 4.6
    endloop
  endfacet
  facet normal -0 0 1
    outer loop
      vertex 59.1549 42.5216 4.6
      vertex 60.3097 42.0433 4.6
      vertex 59.2074 42.6765 4.6
    endloop
  endfacet
  facet normal 0 0 1
    outer loop
      vertex 58.761 43.9917 4.6
      vertex 59.5219 44.9834 4.6
      vertex 59.25 45.1651 4.6
    endloop
  endfacet
  facet normal 0 0 1
    outer loop
      vertex 60.3097 42.0433 4.6
      vertex 59.1549 42.5216 4.6
      vertex 60.1651 41.75 4.6
    endloop
  endfacet
  facet normal -0 0 1
    outer loop
      vertex 59.0825 42.375 4.6
      vertex 60.1651 41.75 4.6
      vertex 59.1549 42.5216 4.6
    endloop
  endfacet
  facet normal 0 0 1
    outer loop
      vertex 60.1651 41.75 4.6
      vertex 59.0825 42.375 4.6
      vertex 59.9834 41.4781 4.6
    endloop
  endfacet
  facet normal -0 0 1
    outer loop
      vertex 58.9917 42.239 4.6
      vertex 59.9834 41.4781 4.6
      vertex 59.0825 42.375 4.6
    endloop
  endfacet
  facet normal 0 0 1
    outer loop
      vertex 59.9834 41.4781 4.6
      vertex 58.9917 42.239 4.6
      vertex 59.7678 41.2322 4.6
    endloop
  endfacet
  facet normal -0 0 1
    outer loop
      vertex 58.8839 42.1161 4.6
      vertex 59.7678 41.2322 4.6
      vertex 58.9917 42.239 4.6
    endloop
  endfacet
  facet normal 0 0 1
    outer loop
      vertex 59.7678 41.2322 4.6
      vertex 58.8839 42.1161 4.6
      vertex 59.5219 41.0166 4.6
    endloop
  endfacet
  facet normal -0 0 1
    outer loop
      vertex 58.761 42.0083 4.6
      vertex 59.5219 41.0166 4.6
      vertex 58.8839 42.1161 4.6
    endloop
  endfacet
  facet normal 0 0 1
    outer loop
      vertex 59.5219 41.0166 4.6
      vertex 58.761 42.0083 4.6
      vertex 59.25 40.8349 4.6
    endloop
  endfacet
  facet normal -0 0 1
    outer loop
      vertex 58.625 41.9175 4.6
      vertex 59.25 40.8349 4.6
      vertex 58.761 42.0083 4.6
    endloop
  endfacet
  facet normal 0 0 1
    outer loop
      vertex 59.25 40.8349 4.6
      vertex 58.625 41.9175 4.6
      vertex 58.9567 40.6903 4.6
    endloop
  endfacet
  facet normal -0 0 1
    outer loop
      vertex 58.4784 41.8451 4.6
      vertex 58.9567 40.6903 4.6
      vertex 58.625 41.9175 4.6
    endloop
  endfacet
  facet normal 0 0 1
    outer loop
      vertex 58.9567 40.6903 4.6
      vertex 58.4784 41.8451 4.6
      vertex 58.647 40.5852 4.6
    endloop
  endfacet
  facet normal -0 0 1
    outer loop
      vertex 58.3235 41.7926 4.6
      vertex 58.647 40.5852 4.6
      vertex 58.4784 41.8451 4.6
    endloop
  endfacet
  facet normal 0 0 1
    outer loop
      vertex 58.647 40.5852 4.6
      vertex 58.3235 41.7926 4.6
      vertex 58.3263 40.5214 4.6
    endloop
  endfacet
  facet normal -0 0 1
    outer loop
      vertex 58.1632 41.7607 4.6
      vertex 58.3263 40.5214 4.6
      vertex 58.3235 41.7926 4.6
    endloop
  endfacet
  facet normal -0 0 1
    outer loop
      vertex 58 41.75 4.6
      vertex 58.3263 40.5214 4.6
      vertex 58.1632 41.7607 4.6
    endloop
  endfacet
  facet normal 0 0 1
    outer loop
      vertex 58 41.75 4.6
      vertex 58 40.5 4.6
      vertex 58.3263 40.5214 4.6
    endloop
  endfacet
  facet normal 0 0 1
    outer loop
      vertex 57.8368 41.7607 4.6
      vertex 58 40.5 4.6
      vertex 58 41.75 4.6
    endloop
  endfacet
  facet normal 0 0 1
    outer loop
      vertex 57.6737 40.5214 4.6
      vertex 57.8368 41.7607 4.6
      vertex 57.6765 41.7926 4.6
    endloop
  endfacet
  facet normal 0 0 1
    outer loop
      vertex 57.8368 41.7607 4.6
      vertex 57.6737 40.5214 4.6
      vertex 58 40.5 4.6
    endloop
  endfacet
  facet normal 0 0 1
    outer loop
      vertex 57.353 40.5852 4.6
      vertex 57.6765 41.7926 4.6
      vertex 57.5216 41.8451 4.6
    endloop
  endfacet
  facet normal 0 0 1
    outer loop
      vertex 57.0433 40.6903 4.6
      vertex 57.5216 41.8451 4.6
      vertex 57.375 41.9175 4.6
    endloop
  endfacet
  facet normal 0 0 1
    outer loop
      vertex 57.6765 41.7926 4.6
      vertex 57.353 40.5852 4.6
      vertex 57.6737 40.5214 4.6
    endloop
  endfacet
  facet normal 0 0 1
    outer loop
      vertex 56.75 40.8349 4.6
      vertex 57.375 41.9175 4.6
      vertex 57.239 42.0083 4.6
    endloop
  endfacet
  facet normal 0 0 1
    outer loop
      vertex 56.75 40.8349 4.6
      vertex 57.239 42.0083 4.6
      vertex 57.1161 42.1161 4.6
    endloop
  endfacet
  facet normal 0 0 1
    outer loop
      vertex 57.5216 41.8451 4.6
      vertex 57.0433 40.6903 4.6
      vertex 57.353 40.5852 4.6
    endloop
  endfacet
  facet normal 0 0 1
    outer loop
      vertex 56.75 40.8349 4.6
      vertex 57.1161 42.1161 4.6
      vertex 57.0083 42.239 4.6
    endloop
  endfacet
  facet normal 0 0 1
    outer loop
      vertex 56.75 40.8349 4.6
      vertex 57.0083 42.239 4.6
      vertex 56.9175 42.375 4.6
    endloop
  endfacet
  facet normal 0 0 1
    outer loop
      vertex 56.75 40.8349 4.6
      vertex 56.9175 42.375 4.6
      vertex 56.8451 42.5216 4.6
    endloop
  endfacet
  facet normal 0 0 1
    outer loop
      vertex 56.75 40.8349 4.6
      vertex 56.8451 42.5216 4.6
      vertex 56.7926 42.6765 4.6
    endloop
  endfacet
  facet normal 0 0 1
    outer loop
      vertex 56.75 40.8349 4.6
      vertex 56.7926 42.6765 4.6
      vertex 56.7607 42.8368 4.6
    endloop
  endfacet
  facet normal 0 0 1
    outer loop
      vertex 57.375 41.9175 4.6
      vertex 56.75 40.8349 4.6
      vertex 57.0433 40.6903 4.6
    endloop
  endfacet
  facet normal 0 0 1
    outer loop
      vertex 56.75 40.8349 4.6
      vertex 56.7607 42.8368 4.6
      vertex 56.75 43 4.6
    endloop
  endfacet
  facet normal 0.555617 0.831438 -0
    outer loop
      vertex 59.5219 44.9834 1.6
      vertex 59.25 45.1651 4.6
      vertex 59.5219 44.9834 4.6
    endloop
  endfacet
  facet normal 0.555617 0.831438 0
    outer loop
      vertex 59.25 45.1651 4.6
      vertex 59.5219 44.9834 1.6
      vertex 59.25 45.1651 1.6
    endloop
  endfacet
  facet normal -0.659262 0.751913 0
    outer loop
      vertex 56.4781 44.9834 1.6
      vertex 56.2322 44.7678 4.6
      vertex 56.4781 44.9834 4.6
    endloop
  endfacet
  facet normal -0.659262 0.751913 0
    outer loop
      vertex 56.2322 44.7678 4.6
      vertex 56.4781 44.9834 1.6
      vertex 56.2322 44.7678 1.6
    endloop
  endfacet
  facet normal 0.98078 -0.195116 -1.24775e-18
    outer loop
      vertex 60.4148 42.353 4.6
      vertex 60.4786 42.6737 1.6
      vertex 60.4786 42.6737 4.6
    endloop
  endfacet
  facet normal 0.98078 -0.195116 -1.24775e-18
    outer loop
      vertex 60.4786 42.6737 1.6
      vertex 60.4148 42.353 4.6
      vertex 60.4148 42.353 1.6
    endloop
  endfacet
  facet normal 0.896921 -0.442191 2.27578e-18
    outer loop
      vertex 60.1651 41.75 4.6
      vertex 60.3097 42.0433 1.6
      vertex 60.3097 42.0433 4.6
    endloop
  endfacet
  facet normal 0.896921 -0.442191 2.27578e-18
    outer loop
      vertex 60.3097 42.0433 1.6
      vertex 60.1651 41.75 4.6
      vertex 60.1651 41.75 1.6
    endloop
  endfacet
  facet normal 0.195116 -0.98078 0
    outer loop
      vertex 58.3263 40.5214 1.6
      vertex 58.647 40.5852 4.6
      vertex 58.3263 40.5214 4.6
    endloop
  endfacet
  facet normal 0.195116 -0.98078 0
    outer loop
      vertex 58.647 40.5852 4.6
      vertex 58.3263 40.5214 1.6
      vertex 58.647 40.5852 1.6
    endloop
  endfacet
  facet normal -0.555617 0.831438 0
    outer loop
      vertex 56.75 45.1651 1.6
      vertex 56.4781 44.9834 4.6
      vertex 56.75 45.1651 4.6
    endloop
  endfacet
  facet normal -0.555617 0.831438 0
    outer loop
      vertex 56.4781 44.9834 4.6
      vertex 56.75 45.1651 1.6
      vertex 56.4781 44.9834 1.6
    endloop
  endfacet
  facet normal -0.0654432 -0.997856 0
    outer loop
      vertex 57.6737 40.5214 1.6
      vertex 58 40.5 4.6
      vertex 57.6737 40.5214 4.6
    endloop
  endfacet
  facet normal -0.0654432 -0.997856 -0
    outer loop
      vertex 58 40.5 4.6
      vertex 57.6737 40.5214 1.6
      vertex 58 40.5 1.6
    endloop
  endfacet
  facet normal -0.896921 0.442191 2.27578e-18
    outer loop
      vertex 55.6903 43.9567 1.6
      vertex 55.8349 44.25 4.6
      vertex 55.8349 44.25 1.6
    endloop
  endfacet
  facet normal -0.896921 0.442191 2.27578e-18
    outer loop
      vertex 55.8349 44.25 4.6
      vertex 55.6903 43.9567 1.6
      vertex 55.6903 43.9567 4.6
    endloop
  endfacet
  facet normal -0.32136 -0.946957 0
    outer loop
      vertex 57.0433 40.6903 1.6
      vertex 57.353 40.5852 4.6
      vertex 57.0433 40.6903 4.6
    endloop
  endfacet
  facet normal -0.32136 -0.946957 -0
    outer loop
      vertex 57.353 40.5852 4.6
      vertex 57.0433 40.6903 1.6
      vertex 57.353 40.5852 1.6
    endloop
  endfacet
  facet normal -0.831438 -0.555617 2.00257e-18
    outer loop
      vertex 56.0166 41.4781 1.6
      vertex 55.8349 41.75 4.6
      vertex 55.8349 41.75 1.6
    endloop
  endfacet
  facet normal -0.831438 -0.555617 2.00257e-18
    outer loop
      vertex 55.8349 41.75 4.6
      vertex 56.0166 41.4781 1.6
      vertex 56.0166 41.4781 4.6
    endloop
  endfacet
  facet normal -0.751913 -0.659262 6.92186e-20
    outer loop
      vertex 56.2322 41.2322 1.6
      vertex 56.0166 41.4781 4.6
      vertex 56.0166 41.4781 1.6
    endloop
  endfacet
  facet normal -0.751913 -0.659262 6.92186e-20
    outer loop
      vertex 56.0166 41.4781 4.6
      vertex 56.2322 41.2322 1.6
      vertex 56.2322 41.2322 4.6
    endloop
  endfacet
  facet normal -0.98078 0.195116 -1.24775e-18
    outer loop
      vertex 55.5214 43.3263 1.6
      vertex 55.5852 43.647 4.6
      vertex 55.5852 43.647 1.6
    endloop
  endfacet
  facet normal -0.98078 0.195116 -1.24775e-18
    outer loop
      vertex 55.5852 43.647 4.6
      vertex 55.5214 43.3263 1.6
      vertex 55.5214 43.3263 4.6
    endloop
  endfacet
  facet normal 0.32136 0.946957 -0
    outer loop
      vertex 58.9567 45.3097 1.6
      vertex 58.647 45.4148 4.6
      vertex 58.9567 45.3097 4.6
    endloop
  endfacet
  facet normal 0.32136 0.946957 0
    outer loop
      vertex 58.647 45.4148 4.6
      vertex 58.9567 45.3097 1.6
      vertex 58.647 45.4148 1.6
    endloop
  endfacet
  facet normal -0.659262 -0.751913 0
    outer loop
      vertex 56.2322 41.2322 1.6
      vertex 56.4781 41.0166 4.6
      vertex 56.2322 41.2322 4.6
    endloop
  endfacet
  facet normal -0.659262 -0.751913 -0
    outer loop
      vertex 56.4781 41.0166 4.6
      vertex 56.2322 41.2322 1.6
      vertex 56.4781 41.0166 1.6
    endloop
  endfacet
  facet normal -0.195116 -0.98078 0
    outer loop
      vertex 57.353 40.5852 1.6
      vertex 57.6737 40.5214 4.6
      vertex 57.353 40.5852 4.6
    endloop
  endfacet
  facet normal -0.195116 -0.98078 -0
    outer loop
      vertex 57.6737 40.5214 4.6
      vertex 57.353 40.5852 1.6
      vertex 57.6737 40.5214 1.6
    endloop
  endfacet
  facet normal 0.659262 -0.751913 0
    outer loop
      vertex 59.5219 41.0166 1.6
      vertex 59.7678 41.2322 4.6
      vertex 59.5219 41.0166 4.6
    endloop
  endfacet
  facet normal 0.659262 -0.751913 0
    outer loop
      vertex 59.7678 41.2322 4.6
      vertex 59.5219 41.0166 1.6
      vertex 59.7678 41.2322 1.6
    endloop
  endfacet
  facet normal 0.195116 0.98078 -0
    outer loop
      vertex 58.647 45.4148 1.6
      vertex 58.3263 45.4786 4.6
      vertex 58.647 45.4148 4.6
    endloop
  endfacet
  facet normal 0.195116 0.98078 0
    outer loop
      vertex 58.3263 45.4786 4.6
      vertex 58.647 45.4148 1.6
      vertex 58.3263 45.4786 1.6
    endloop
  endfacet
  facet normal 0.75178 -0.659414 1.01732e-18
    outer loop
      vertex 57.0083 43.761 4.6
      vertex 57.1161 43.8839 1.6
      vertex 57.1161 43.8839 4.6
    endloop
  endfacet
  facet normal 0.75178 -0.659414 1.01732e-18
    outer loop
      vertex 57.1161 43.8839 1.6
      vertex 57.0083 43.761 4.6
      vertex 57.0083 43.761 1.6
    endloop
  endfacet
  facet normal -0.980768 -0.195175 -5.80451e-19
    outer loop
      vertex 59.2393 43.1632 1.6
      vertex 59.2074 43.3235 4.6
      vertex 59.2074 43.3235 1.6
    endloop
  endfacet
  facet normal -0.980768 -0.195175 -5.80451e-19
    outer loop
      vertex 59.2074 43.3235 4.6
      vertex 59.2393 43.1632 1.6
      vertex 59.2393 43.1632 4.6
    endloop
  endfacet
  facet normal -0.0654233 0.997858 0
    outer loop
      vertex 58.1632 41.7607 1.6
      vertex 58 41.75 4.6
      vertex 58.1632 41.7607 4.6
    endloop
  endfacet
  facet normal -0.0654233 0.997858 0
    outer loop
      vertex 58 41.75 4.6
      vertex 58.1632 41.7607 1.6
      vertex 58 41.75 1.6
    endloop
  endfacet
  facet normal 0.947082 -0.320993 8.89916e-19
    outer loop
      vertex 56.7926 43.3235 4.6
      vertex 56.8451 43.4784 1.6
      vertex 56.8451 43.4784 4.6
    endloop
  endfacet
  facet normal 0.947082 -0.320993 8.89916e-19
    outer loop
      vertex 56.8451 43.4784 1.6
      vertex 56.7926 43.3235 4.6
      vertex 56.7926 43.3235 1.6
    endloop
  endfacet
  facet normal -0.831674 -0.555265 8.70387e-20
    outer loop
      vertex 59.0825 43.625 1.6
      vertex 58.9917 43.761 4.6
      vertex 58.9917 43.761 1.6
    endloop
  endfacet
  facet normal -0.831674 -0.555265 8.70387e-20
    outer loop
      vertex 58.9917 43.761 4.6
      vertex 59.0825 43.625 1.6
      vertex 59.0825 43.625 4.6
    endloop
  endfacet
  facet normal 0.195175 -0.980768 0
    outer loop
      vertex 57.6765 44.2074 1.6
      vertex 57.8368 44.2393 4.6
      vertex 57.6765 44.2074 4.6
    endloop
  endfacet
  facet normal 0.195175 -0.980768 0
    outer loop
      vertex 57.8368 44.2393 4.6
      vertex 57.6765 44.2074 1.6
      vertex 57.8368 44.2393 1.6
    endloop
  endfacet
  facet normal -0.659414 0.75178 0
    outer loop
      vertex 58.8839 42.1161 1.6
      vertex 58.761 42.0083 4.6
      vertex 58.8839 42.1161 4.6
    endloop
  endfacet
  facet normal -0.659414 0.75178 0
    outer loop
      vertex 58.761 42.0083 4.6
      vertex 58.8839 42.1161 1.6
      vertex 58.761 42.0083 1.6
    endloop
  endfacet
  facet normal -0.997858 -0.0654233 -1.96983e-19
    outer loop
      vertex 59.25 43 1.6
      vertex 59.2393 43.1632 4.6
      vertex 59.2393 43.1632 1.6
    endloop
  endfacet
  facet normal -0.997858 -0.0654233 -1.96983e-19
    outer loop
      vertex 59.2393 43.1632 4.6
      vertex 59.25 43 1.6
      vertex 59.25 43 4.6
    endloop
  endfacet
  facet normal 0.997858 -0.0654233 1.96983e-19
    outer loop
      vertex 56.75 43 4.6
      vertex 56.7607 43.1632 1.6
      vertex 56.7607 43.1632 4.6
    endloop
  endfacet
  facet normal 0.997858 -0.0654233 1.96983e-19
    outer loop
      vertex 56.7607 43.1632 1.6
      vertex 56.75 43 4.6
      vertex 56.75 43 1.6
    endloop
  endfacet
  facet normal -0.947082 -0.320993 -8.89916e-19
    outer loop
      vertex 59.2074 43.3235 1.6
      vertex 59.1549 43.4784 4.6
      vertex 59.1549 43.4784 1.6
    endloop
  endfacet
  facet normal -0.947082 -0.320993 -8.89916e-19
    outer loop
      vertex 59.1549 43.4784 4.6
      vertex 59.2074 43.3235 1.6
      vertex 59.2074 43.3235 4.6
    endloop
  endfacet
  facet normal 0.320993 0.947082 -0
    outer loop
      vertex 57.6765 41.7926 1.6
      vertex 57.5216 41.8451 4.6
      vertex 57.6765 41.7926 4.6
    endloop
  endfacet
  facet normal 0.320993 0.947082 0
    outer loop
      vertex 57.5216 41.8451 4.6
      vertex 57.6765 41.7926 1.6
      vertex 57.5216 41.8451 1.6
    endloop
  endfacet
  facet normal -0.555265 -0.831674 0
    outer loop
      vertex 58.625 44.0825 1.6
      vertex 58.761 43.9917 4.6
      vertex 58.625 44.0825 4.6
    endloop
  endfacet
  facet normal -0.555265 -0.831674 -0
    outer loop
      vertex 58.761 43.9917 4.6
      vertex 58.625 44.0825 1.6
      vertex 58.761 43.9917 1.6
    endloop
  endfacet
  facet normal 0.997858 0.0654233 -1.96983e-19
    outer loop
      vertex 56.7607 42.8368 4.6
      vertex 56.75 43 1.6
      vertex 56.75 43 4.6
    endloop
  endfacet
  facet normal 0.997858 0.0654233 -1.96983e-19
    outer loop
      vertex 56.75 43 1.6
      vertex 56.7607 42.8368 4.6
      vertex 56.7607 42.8368 1.6
    endloop
  endfacet
  facet normal -0.195175 -0.980768 0
    outer loop
      vertex 58.1632 44.2393 1.6
      vertex 58.3235 44.2074 4.6
      vertex 58.1632 44.2393 4.6
    endloop
  endfacet
  facet normal -0.195175 -0.980768 -0
    outer loop
      vertex 58.3235 44.2074 4.6
      vertex 58.1632 44.2393 1.6
      vertex 58.3235 44.2074 1.6
    endloop
  endfacet
  facet normal 0.947082 0.320993 -8.89916e-19
    outer loop
      vertex 56.8451 42.5216 4.6
      vertex 56.7926 42.6765 1.6
      vertex 56.7926 42.6765 4.6
    endloop
  endfacet
  facet normal 0.947082 0.320993 -8.89916e-19
    outer loop
      vertex 56.7926 42.6765 1.6
      vertex 56.8451 42.5216 4.6
      vertex 56.8451 42.5216 1.6
    endloop
  endfacet
  facet normal 0.0654233 0.997858 -0
    outer loop
      vertex 58 41.75 1.6
      vertex 57.8368 41.7607 4.6
      vertex 58 41.75 4.6
    endloop
  endfacet
  facet normal 0.0654233 0.997858 0
    outer loop
      vertex 57.8368 41.7607 4.6
      vertex 58 41.75 1.6
      vertex 57.8368 41.7607 1.6
    endloop
  endfacet
  facet normal -0.997858 0.0654233 1.96983e-19
    outer loop
      vertex 59.2393 42.8368 1.6
      vertex 59.25 43 4.6
      vertex 59.25 43 1.6
    endloop
  endfacet
  facet normal -0.997858 0.0654233 1.96983e-19
    outer loop
      vertex 59.25 43 4.6
      vertex 59.2393 42.8368 1.6
      vertex 59.2393 42.8368 4.6
    endloop
  endfacet
  facet normal -0.442805 0.896618 0
    outer loop
      vertex 58.625 41.9175 1.6
      vertex 58.4784 41.8451 4.6
      vertex 58.625 41.9175 4.6
    endloop
  endfacet
  facet normal -0.442805 0.896618 0
    outer loop
      vertex 58.4784 41.8451 4.6
      vertex 58.625 41.9175 1.6
      vertex 58.4784 41.8451 1.6
    endloop
  endfacet
  facet normal -0.0654233 -0.997858 0
    outer loop
      vertex 58 44.25 1.6
      vertex 58.1632 44.2393 4.6
      vertex 58 44.25 4.6
    endloop
  endfacet
  facet normal -0.0654233 -0.997858 -0
    outer loop
      vertex 58.1632 44.2393 4.6
      vertex 58 44.25 1.6
      vertex 58.1632 44.2393 1.6
    endloop
  endfacet
  facet normal 0.659414 0.75178 -0
    outer loop
      vertex 57.239 42.0083 1.6
      vertex 57.1161 42.1161 4.6
      vertex 57.239 42.0083 4.6
    endloop
  endfacet
  facet normal 0.659414 0.75178 0
    outer loop
      vertex 57.1161 42.1161 4.6
      vertex 57.239 42.0083 1.6
      vertex 57.1161 42.1161 1.6
    endloop
  endfacet
  facet normal -0.980768 0.195175 5.80451e-19
    outer loop
      vertex 59.2074 42.6765 1.6
      vertex 59.2393 42.8368 4.6
      vertex 59.2393 42.8368 1.6
    endloop
  endfacet
  facet normal -0.980768 0.195175 5.80451e-19
    outer loop
      vertex 59.2393 42.8368 4.6
      vertex 59.2074 42.6765 1.6
      vertex 59.2074 42.6765 4.6
    endloop
  endfacet
  facet normal -0.831674 0.555265 -8.70387e-20
    outer loop
      vertex 58.9917 42.239 1.6
      vertex 59.0825 42.375 4.6
      vertex 59.0825 42.375 1.6
    endloop
  endfacet
  facet normal -0.831674 0.555265 -8.70387e-20
    outer loop
      vertex 59.0825 42.375 4.6
      vertex 58.9917 42.239 1.6
      vertex 58.9917 42.239 4.6
    endloop
  endfacet
  facet normal -0.896618 -0.442805 1.65326e-18
    outer loop
      vertex 59.1549 43.4784 1.6
      vertex 59.0825 43.625 4.6
      vertex 59.0825 43.625 1.6
    endloop
  endfacet
  facet normal -0.896618 -0.442805 1.65326e-18
    outer loop
      vertex 59.0825 43.625 4.6
      vertex 59.1549 43.4784 1.6
      vertex 59.1549 43.4784 4.6
    endloop
  endfacet
  facet normal -0.320993 0.947082 0
    outer loop
      vertex 58.4784 41.8451 1.6
      vertex 58.3235 41.7926 4.6
      vertex 58.4784 41.8451 4.6
    endloop
  endfacet
  facet normal -0.320993 0.947082 0
    outer loop
      vertex 58.3235 41.7926 4.6
      vertex 58.4784 41.8451 1.6
      vertex 58.3235 41.7926 1.6
    endloop
  endfacet
  facet normal -0.555265 0.831674 0
    outer loop
      vertex 58.761 42.0083 1.6
      vertex 58.625 41.9175 4.6
      vertex 58.761 42.0083 4.6
    endloop
  endfacet
  facet normal -0.555265 0.831674 0
    outer loop
      vertex 58.625 41.9175 4.6
      vertex 58.761 42.0083 1.6
      vertex 58.625 41.9175 1.6
    endloop
  endfacet
  facet normal 0.659414 -0.75178 0
    outer loop
      vertex 57.1161 43.8839 1.6
      vertex 57.239 43.9917 4.6
      vertex 57.1161 43.8839 4.6
    endloop
  endfacet
  facet normal 0.659414 -0.75178 0
    outer loop
      vertex 57.239 43.9917 4.6
      vertex 57.1161 43.8839 1.6
      vertex 57.239 43.9917 1.6
    endloop
  endfacet
  facet normal -0.442805 -0.896618 0
    outer loop
      vertex 58.4784 44.1549 1.6
      vertex 58.625 44.0825 4.6
      vertex 58.4784 44.1549 4.6
    endloop
  endfacet
  facet normal -0.442805 -0.896618 -0
    outer loop
      vertex 58.625 44.0825 4.6
      vertex 58.4784 44.1549 1.6
      vertex 58.625 44.0825 1.6
    endloop
  endfacet
  facet normal -0.896618 0.442805 -1.65326e-18
    outer loop
      vertex 59.0825 42.375 1.6
      vertex 59.1549 42.5216 4.6
      vertex 59.1549 42.5216 1.6
    endloop
  endfacet
  facet normal -0.896618 0.442805 -1.65326e-18
    outer loop
      vertex 59.1549 42.5216 4.6
      vertex 59.0825 42.375 1.6
      vertex 59.0825 42.375 4.6
    endloop
  endfacet
  facet normal 0.555265 0.831674 -0
    outer loop
      vertex 57.375 41.9175 1.6
      vertex 57.239 42.0083 4.6
      vertex 57.375 41.9175 4.6
    endloop
  endfacet
  facet normal 0.555265 0.831674 0
    outer loop
      vertex 57.239 42.0083 4.6
      vertex 57.375 41.9175 1.6
      vertex 57.239 42.0083 1.6
    endloop
  endfacet
  facet normal -0.947082 0.320993 8.89916e-19
    outer loop
      vertex 59.1549 42.5216 1.6
      vertex 59.2074 42.6765 4.6
      vertex 59.2074 42.6765 1.6
    endloop
  endfacet
  facet normal -0.947082 0.320993 8.89916e-19
    outer loop
      vertex 59.2074 42.6765 4.6
      vertex 59.1549 42.5216 1.6
      vertex 59.1549 42.5216 4.6
    endloop
  endfacet
  facet normal -0.320993 -0.947082 0
    outer loop
      vertex 58.3235 44.2074 1.6
      vertex 58.4784 44.1549 4.6
      vertex 58.3235 44.2074 4.6
    endloop
  endfacet
  facet normal -0.320993 -0.947082 -0
    outer loop
      vertex 58.4784 44.1549 4.6
      vertex 58.3235 44.2074 1.6
      vertex 58.4784 44.1549 1.6
    endloop
  endfacet
  facet normal 0.980768 -0.195175 5.80451e-19
    outer loop
      vertex 56.7607 43.1632 4.6
      vertex 56.7926 43.3235 1.6
      vertex 56.7926 43.3235 4.6
    endloop
  endfacet
  facet normal 0.980768 -0.195175 5.80451e-19
    outer loop
      vertex 56.7926 43.3235 1.6
      vertex 56.7607 43.1632 4.6
      vertex 56.7607 43.1632 1.6
    endloop
  endfacet
  facet normal 0.75178 0.659414 -1.01732e-18
    outer loop
      vertex 57.1161 42.1161 4.6
      vertex 57.0083 42.239 1.6
      vertex 57.0083 42.239 4.6
    endloop
  endfacet
  facet normal 0.75178 0.659414 -1.01732e-18
    outer loop
      vertex 57.0083 42.239 1.6
      vertex 57.1161 42.1161 4.6
      vertex 57.1161 42.1161 1.6
    endloop
  endfacet
  facet normal 0.442805 -0.896618 0
    outer loop
      vertex 57.375 44.0825 1.6
      vertex 57.5216 44.1549 4.6
      vertex 57.375 44.0825 4.6
    endloop
  endfacet
  facet normal 0.442805 -0.896618 0
    outer loop
      vertex 57.5216 44.1549 4.6
      vertex 57.375 44.0825 1.6
      vertex 57.5216 44.1549 1.6
    endloop
  endfacet
  facet normal 0.896618 -0.442805 -1.65326e-18
    outer loop
      vertex 56.8451 43.4784 4.6
      vertex 56.9175 43.625 1.6
      vertex 56.9175 43.625 4.6
    endloop
  endfacet
  facet normal 0.896618 -0.442805 -1.65326e-18
    outer loop
      vertex 56.9175 43.625 1.6
      vertex 56.8451 43.4784 4.6
      vertex 56.8451 43.4784 1.6
    endloop
  endfacet
  facet normal -0.195175 0.980768 0
    outer loop
      vertex 58.3235 41.7926 1.6
      vertex 58.1632 41.7607 4.6
      vertex 58.3235 41.7926 4.6
    endloop
  endfacet
  facet normal -0.195175 0.980768 0
    outer loop
      vertex 58.1632 41.7607 4.6
      vertex 58.3235 41.7926 1.6
      vertex 58.1632 41.7607 1.6
    endloop
  endfacet
  facet normal 0.320993 -0.947082 0
    outer loop
      vertex 57.5216 44.1549 1.6
      vertex 57.6765 44.2074 4.6
      vertex 57.5216 44.1549 4.6
    endloop
  endfacet
  facet normal 0.320993 -0.947082 0
    outer loop
      vertex 57.6765 44.2074 4.6
      vertex 57.5216 44.1549 1.6
      vertex 57.6765 44.2074 1.6
    endloop
  endfacet
  facet normal 0.896618 0.442805 1.65326e-18
    outer loop
      vertex 56.9175 42.375 4.6
      vertex 56.8451 42.5216 1.6
      vertex 56.8451 42.5216 4.6
    endloop
  endfacet
  facet normal 0.896618 0.442805 1.65326e-18
    outer loop
      vertex 56.8451 42.5216 1.6
      vertex 56.9175 42.375 4.6
      vertex 56.9175 42.375 1.6
    endloop
  endfacet
  facet normal -0.75178 -0.659414 -1.01732e-18
    outer loop
      vertex 58.9917 43.761 1.6
      vertex 58.8839 43.8839 4.6
      vertex 58.8839 43.8839 1.6
    endloop
  endfacet
  facet normal -0.75178 -0.659414 -1.01732e-18
    outer loop
      vertex 58.8839 43.8839 4.6
      vertex 58.9917 43.761 1.6
      vertex 58.9917 43.761 4.6
    endloop
  endfacet
  facet normal 0.831674 -0.555265 -8.70387e-20
    outer loop
      vertex 56.9175 43.625 4.6
      vertex 57.0083 43.761 1.6
      vertex 57.0083 43.761 4.6
    endloop
  endfacet
  facet normal 0.831674 -0.555265 -8.70387e-20
    outer loop
      vertex 57.0083 43.761 1.6
      vertex 56.9175 43.625 4.6
      vertex 56.9175 43.625 1.6
    endloop
  endfacet
  facet normal 0.555265 -0.831674 0
    outer loop
      vertex 57.239 43.9917 1.6
      vertex 57.375 44.0825 4.6
      vertex 57.239 43.9917 4.6
    endloop
  endfacet
  facet normal 0.555265 -0.831674 0
    outer loop
      vertex 57.375 44.0825 4.6
      vertex 57.239 43.9917 1.6
      vertex 57.375 44.0825 1.6
    endloop
  endfacet
  facet normal -0.659414 -0.75178 0
    outer loop
      vertex 58.761 43.9917 1.6
      vertex 58.8839 43.8839 4.6
      vertex 58.761 43.9917 4.6
    endloop
  endfacet
  facet normal -0.659414 -0.75178 -0
    outer loop
      vertex 58.8839 43.8839 4.6
      vertex 58.761 43.9917 1.6
      vertex 58.8839 43.8839 1.6
    endloop
  endfacet
  facet normal 0.831674 0.555265 8.70387e-20
    outer loop
      vertex 57.0083 42.239 4.6
      vertex 56.9175 42.375 1.6
      vertex 56.9175 42.375 4.6
    endloop
  endfacet
  facet normal 0.831674 0.555265 8.70387e-20
    outer loop
      vertex 56.9175 42.375 1.6
      vertex 57.0083 42.239 4.6
      vertex 57.0083 42.239 1.6
    endloop
  endfacet
  facet normal 0.0654233 -0.997858 0
    outer loop
      vertex 57.8368 44.2393 1.6
      vertex 58 44.25 4.6
      vertex 57.8368 44.2393 4.6
    endloop
  endfacet
  facet normal 0.0654233 -0.997858 0
    outer loop
      vertex 58 44.25 4.6
      vertex 57.8368 44.2393 1.6
      vertex 58 44.25 1.6
    endloop
  endfacet
  facet normal 0.980768 0.195175 -5.80451e-19
    outer loop
      vertex 56.7926 42.6765 4.6
      vertex 56.7607 42.8368 1.6
      vertex 56.7607 42.8368 4.6
    endloop
  endfacet
  facet normal 0.980768 0.195175 -5.80451e-19
    outer loop
      vertex 56.7607 42.8368 1.6
      vertex 56.7926 42.6765 4.6
      vertex 56.7926 42.6765 1.6
    endloop
  endfacet
  facet normal 0.442805 0.896618 -0
    outer loop
      vertex 57.5216 41.8451 1.6
      vertex 57.375 41.9175 4.6
      vertex 57.5216 41.8451 4.6
    endloop
  endfacet
  facet normal 0.442805 0.896618 0
    outer loop
      vertex 57.375 41.9175 4.6
      vertex 57.5216 41.8451 1.6
      vertex 57.375 41.9175 1.6
    endloop
  endfacet
  facet normal -0.75178 0.659414 1.01732e-18
    outer loop
      vertex 58.8839 42.1161 1.6
      vertex 58.9917 42.239 4.6
      vertex 58.9917 42.239 1.6
    endloop
  endfacet
  facet normal -0.75178 0.659414 1.01732e-18
    outer loop
      vertex 58.9917 42.239 4.6
      vertex 58.8839 42.1161 1.6
      vertex 58.8839 42.1161 4.6
    endloop
  endfacet
  facet normal 0.195175 0.980768 -0
    outer loop
      vertex 57.8368 41.7607 1.6
      vertex 57.6765 41.7926 4.6
      vertex 57.8368 41.7607 4.6
    endloop
  endfacet
  facet normal 0.195175 0.980768 0
    outer loop
      vertex 57.6765 41.7926 4.6
      vertex 57.8368 41.7607 1.6
      vertex 57.6765 41.7926 1.6
    endloop
  endfacet
  facet normal 1 -0 0
    outer loop
      vertex 136.6 -47.6 0
      vertex 136.6 -39 -0.5
      vertex 136.6 -39 0
    endloop
  endfacet
  facet normal 1 0 0
    outer loop
      vertex 136.6 -39 -0.5
      vertex 136.6 -47.6 0
      vertex 136.6 -47.6 -0.5
    endloop
  endfacet
  facet normal 1 -0 0
    outer loop
      vertex 136.6 -7 0
      vertex 136.6 -1.4 -0.5
      vertex 136.6 -1.4 0
    endloop
  endfacet
  facet normal 1 0 0
    outer loop
      vertex 136.6 -1.4 -0.5
      vertex 136.6 -7 0
      vertex 136.6 -7 -0.5
    endloop
  endfacet
  facet normal 1 -0 0
    outer loop
      vertex 136.6 -19 0
      vertex 136.6 -15 -0.5
      vertex 136.6 -15 0
    endloop
  endfacet
  facet normal 1 0 0
    outer loop
      vertex 136.6 -15 -0.5
      vertex 136.6 -19 0
      vertex 136.6 -19 -0.5
    endloop
  endfacet
  facet normal 1 -0 0
    outer loop
      vertex 136.6 -31 0
      vertex 136.6 -27 -0.5
      vertex 136.6 -27 0
    endloop
  endfacet
  facet normal 1 0 0
    outer loop
      vertex 136.6 -27 -0.5
      vertex 136.6 -31 0
      vertex 136.6 -31 -0.5
    endloop
  endfacet
  facet normal 0 0 -1
    outer loop
      vertex 136.6 -47.6 -0.5
      vertex 136 -47 -0.5
      vertex 136.6 -39 -0.5
    endloop
  endfacet
  facet normal 0 0 -1
    outer loop
      vertex 136.6 -47.6 -0.5
      vertex 76 -47 -0.5
      vertex 136 -47 -0.5
    endloop
  endfacet
  facet normal 0 0 -1
    outer loop
      vertex 75.4 -47.6 -0.5
      vertex 76 -47 -0.5
      vertex 136.6 -47.6 -0.5
    endloop
  endfacet
  facet normal 0 0 -1
    outer loop
      vertex 75.4 -39 -0.5
      vertex 76 -47 -0.5
      vertex 75.4 -47.6 -0.5
    endloop
  endfacet
  facet normal 0 0 -1
    outer loop
      vertex 76 -47 -0.5
      vertex 75.4 -39 -0.5
      vertex 76 -39 -0.5
    endloop
  endfacet
  facet normal -0 0 -1
    outer loop
      vertex 136.6 -39 -0.5
      vertex 136 -47 -0.5
      vertex 136 -39 -0.5
    endloop
  endfacet
  facet normal 0 0 -1
    outer loop
      vertex 76 -7 -0.5
      vertex 75.4 -7 -0.5
      vertex 76 -2 -0.5
    endloop
  endfacet
  facet normal 0 0 -1
    outer loop
      vertex 136 -2 -0.5
      vertex 136.6 -7 -0.5
      vertex 136 -7 -0.5
    endloop
  endfacet
  facet normal 0 0 -1
    outer loop
      vertex 136.6 -7 -0.5
      vertex 136 -2 -0.5
      vertex 136.6 -1.4 -0.5
    endloop
  endfacet
  facet normal 0 0 -1
    outer loop
      vertex 76 -2 -0.5
      vertex 136.6 -1.4 -0.5
      vertex 136 -2 -0.5
    endloop
  endfacet
  facet normal 0 0 -1
    outer loop
      vertex 76 -2 -0.5
      vertex 75.4 -1.4 -0.5
      vertex 136.6 -1.4 -0.5
    endloop
  endfacet
  facet normal 0 0 -1
    outer loop
      vertex 75.4 -1.4 -0.5
      vertex 76 -2 -0.5
      vertex 75.4 -7 -0.5
    endloop
  endfacet
  facet normal 0 0 -1
    outer loop
      vertex 75.4 -19 -0.5
      vertex 76 -15 -0.5
      vertex 76 -19 -0.5
    endloop
  endfacet
  facet normal -0 0 -1
    outer loop
      vertex 76 -15 -0.5
      vertex 75.4 -19 -0.5
      vertex 75.4 -15 -0.5
    endloop
  endfacet
  facet normal 0 0 -1
    outer loop
      vertex 75.4 -31 -0.5
      vertex 76 -27 -0.5
      vertex 76 -31 -0.5
    endloop
  endfacet
  facet normal -0 0 -1
    outer loop
      vertex 76 -27 -0.5
      vertex 75.4 -31 -0.5
      vertex 75.4 -27 -0.5
    endloop
  endfacet
  facet normal 0 0 -1
    outer loop
      vertex 136 -19 -0.5
      vertex 136.6 -15 -0.5
      vertex 136.6 -19 -0.5
    endloop
  endfacet
  facet normal -0 0 -1
    outer loop
      vertex 136.6 -15 -0.5
      vertex 136 -19 -0.5
      vertex 136 -15 -0.5
    endloop
  endfacet
  facet normal 0 0 -1
    outer loop
      vertex 136 -31 -0.5
      vertex 136.6 -27 -0.5
      vertex 136.6 -31 -0.5
    endloop
  endfacet
  facet normal -0 0 -1
    outer loop
      vertex 136.6 -27 -0.5
      vertex 136 -31 -0.5
      vertex 136 -27 -0.5
    endloop
  endfacet
  facet normal -1 0 0
    outer loop
      vertex 75.4 -47.6 -0.5
      vertex 75.4 -39 0
      vertex 75.4 -39 -0.5
    endloop
  endfacet
  facet normal -1 -0 0
    outer loop
      vertex 75.4 -39 0
      vertex 75.4 -47.6 -0.5
      vertex 75.4 -47.6 0
    endloop
  endfacet
  facet normal -1 0 0
    outer loop
      vertex 75.4 -7 -0.5
      vertex 75.4 -1.4 0
      vertex 75.4 -1.4 -0.5
    endloop
  endfacet
  facet normal -1 -0 0
    outer loop
      vertex 75.4 -1.4 0
      vertex 75.4 -7 -0.5
      vertex 75.4 -7 0
    endloop
  endfacet
  facet normal -1 0 0
    outer loop
      vertex 75.4 -19 -0.5
      vertex 75.4 -15 0
      vertex 75.4 -15 -0.5
    endloop
  endfacet
  facet normal -1 -0 0
    outer loop
      vertex 75.4 -15 0
      vertex 75.4 -19 -0.5
      vertex 75.4 -19 0
    endloop
  endfacet
  facet normal -1 0 0
    outer loop
      vertex 75.4 -31 -0.5
      vertex 75.4 -27 0
      vertex 75.4 -27 -0.5
    endloop
  endfacet
  facet normal -1 -0 0
    outer loop
      vertex 75.4 -27 0
      vertex 75.4 -31 -0.5
      vertex 75.4 -31 0
    endloop
  endfacet
  facet normal 0 -1 0
    outer loop
      vertex 75.4 -47.6 -0.5
      vertex 136.6 -47.6 0
      vertex 75.4 -47.6 0
    endloop
  endfacet
  facet normal 0 -1 -0
    outer loop
      vertex 136.6 -47.6 0
      vertex 75.4 -47.6 -0.5
      vertex 136.6 -47.6 -0.5
    endloop
  endfacet
  facet normal 0 1 -0
    outer loop
      vertex 136.6 -1.4 -0.5
      vertex 75.4 -1.4 0
      vertex 136.6 -1.4 0
    endloop
  endfacet
  facet normal 0 1 0
    outer loop
      vertex 75.4 -1.4 0
      vertex 136.6 -1.4 -0.5
      vertex 75.4 -1.4 -0.5
    endloop
  endfacet
  facet normal 1 -0 0
    outer loop
      vertex 76 -7 0
      vertex 76 -2 -0.5
      vertex 76 -2 0
    endloop
  endfacet
  facet normal 1 0 0
    outer loop
      vertex 76 -2 -0.5
      vertex 76 -7 0
      vertex 76 -7 -0.5
    endloop
  endfacet
  facet normal 1 -0 0
    outer loop
      vertex 76 -47 0
      vertex 76 -39 -0.5
      vertex 76 -39 0
    endloop
  endfacet
  facet normal 1 0 0
    outer loop
      vertex 76 -39 -0.5
      vertex 76 -47 0
      vertex 76 -47 -0.5
    endloop
  endfacet
  facet normal 1 -0 0
    outer loop
      vertex 76 -19 0
      vertex 76 -15 -0.5
      vertex 76 -15 0
    endloop
  endfacet
  facet normal 1 0 0
    outer loop
      vertex 76 -15 -0.5
      vertex 76 -19 0
      vertex 76 -19 -0.5
    endloop
  endfacet
  facet normal 1 -0 0
    outer loop
      vertex 76 -31 0
      vertex 76 -27 -0.5
      vertex 76 -27 0
    endloop
  endfacet
  facet normal 1 0 0
    outer loop
      vertex 76 -27 -0.5
      vertex 76 -31 0
      vertex 76 -31 -0.5
    endloop
  endfacet
  facet normal 0 -1 0
    outer loop
      vertex 76 -2 -0.5
      vertex 136 -2 0
      vertex 76 -2 0
    endloop
  endfacet
  facet normal 0 -1 -0
    outer loop
      vertex 136 -2 0
      vertex 76 -2 -0.5
      vertex 136 -2 -0.5
    endloop
  endfacet
  facet normal -0.831501 -0.555523 1.02319e-18
    outer loop
      vertex 74.6199 -47.8263 0
      vertex 74.4019 -47.5 8
      vertex 74.4019 -47.5 0
    endloop
  endfacet
  facet normal -0.831501 -0.555523 1.02319e-18
    outer loop
      vertex 74.4019 -47.5 8
      vertex 74.6199 -47.8263 0
      vertex 74.6199 -47.8263 8
    endloop
  endfacet
  facet normal -0.659478 -0.751724 0
    outer loop
      vertex 74.8787 -48.1213 0
      vertex 75.1737 -48.3801 8
      vertex 74.8787 -48.1213 8
    endloop
  endfacet
  facet normal -0.659478 -0.751724 -0
    outer loop
      vertex 75.1737 -48.3801 8
      vertex 74.8787 -48.1213 0
      vertex 75.1737 -48.3801 0
    endloop
  endfacet
  facet normal -0.442237 0.896898 0
    outer loop
      vertex 75.852 -0.228361 0
      vertex 75.5 -0.401923 8
      vertex 75.852 -0.228361 8
    endloop
  endfacet
  facet normal -0.442237 0.896898 0
    outer loop
      vertex 75.5 -0.401923 8
      vertex 75.852 -0.228361 0
      vertex 75.5 -0.401923 0
    endloop
  endfacet
  facet normal -1 0 0
    outer loop
      vertex 74 -39 0
      vertex 74 -46 0
      vertex 74 -39 4
    endloop
  endfacet
  facet normal -1 0 0
    outer loop
      vertex 74 -27 0
      vertex 74 -31 0
      vertex 74 -27 4
    endloop
  endfacet
  facet normal -1 0 0
    outer loop
      vertex 74 -15 0
      vertex 74 -19 0
      vertex 74 -15 4
    endloop
  endfacet
  facet normal -1 0 0
    outer loop
      vertex 74 -7 4
      vertex 74 -3 0
      vertex 74 -7 0
    endloop
  endfacet
  facet normal -1 0 0
    outer loop
      vertex 74 -3 0
      vertex 74 -7 4
      vertex 74 -3 8
    endloop
  endfacet
  facet normal -1 0 0
    outer loop
      vertex 74 -15 4
      vertex 74 -3 8
      vertex 74 -7 4
    endloop
  endfacet
  facet normal -1 0 0
    outer loop
      vertex 74 -19 4
      vertex 74 -15 4
      vertex 74 -19 0
    endloop
  endfacet
  facet normal -1 0 0
    outer loop
      vertex 74 -19 4
      vertex 74 -3 8
      vertex 74 -15 4
    endloop
  endfacet
  facet normal -1 0 0
    outer loop
      vertex 74 -27 4
      vertex 74 -3 8
      vertex 74 -19 4
    endloop
  endfacet
  facet normal -1 0 0
    outer loop
      vertex 74 -31 4
      vertex 74 -27 4
      vertex 74 -31 0
    endloop
  endfacet
  facet normal -1 0 0
    outer loop
      vertex 74 -46 8
      vertex 74 -27 4
      vertex 74 -31 4
    endloop
  endfacet
  facet normal -1 0 0
    outer loop
      vertex 74 -46 8
      vertex 74 -31 4
      vertex 74 -39 4
    endloop
  endfacet
  facet normal -1 0 0
    outer loop
      vertex 74 -27 4
      vertex 74 -46 8
      vertex 74 -3 8
    endloop
  endfacet
  facet normal -1 0 0
    outer loop
      vertex 74 -46 8
      vertex 74 -39 4
      vertex 74 -46 0
    endloop
  endfacet
  facet normal -0.0653993 0.997859 0
    outer loop
      vertex 77 0 0
      vertex 76.6084 -0.0256653 8
      vertex 77 0 8
    endloop
  endfacet
  facet normal -0.0653993 0.997859 0
    outer loop
      vertex 76.6084 -0.0256653 8
      vertex 77 0 0
      vertex 76.6084 -0.0256653 0
    endloop
  endfacet
  facet normal 0.981058 -0.193714 4.95896e-19
    outer loop
      vertex 137.898 -46.7765 8
      vertex 137.974 -46.3916 0
      vertex 137.974 -46.3916 8
    endloop
  endfacet
  facet normal 0.981058 -0.193714 4.95896e-19
    outer loop
      vertex 137.974 -46.3916 0
      vertex 137.898 -46.7765 8
      vertex 137.898 -46.7765 0
    endloop
  endfacet
  facet normal 1 0 0
    outer loop
      vertex 138 -3 8
      vertex 138 -7 4
      vertex 138 -3 0
    endloop
  endfacet
  facet normal 1 0 0
    outer loop
      vertex 138 -3 8
      vertex 138 -15 4
      vertex 138 -7 4
    endloop
  endfacet
  facet normal 1 0 0
    outer loop
      vertex 138 -15 4
      vertex 138 -19 4
      vertex 138 -15 0
    endloop
  endfacet
  facet normal 1 0 0
    outer loop
      vertex 138 -3 8
      vertex 138 -19 4
      vertex 138 -15 4
    endloop
  endfacet
  facet normal 1 0 0
    outer loop
      vertex 138 -3 8
      vertex 138 -27 4
      vertex 138 -19 4
    endloop
  endfacet
  facet normal 1 0 0
    outer loop
      vertex 138 -27 4
      vertex 138 -31 4
      vertex 138 -27 0
    endloop
  endfacet
  facet normal 1 -0 0
    outer loop
      vertex 138 -46 8
      vertex 138 -27 4
      vertex 138 -3 8
    endloop
  endfacet
  facet normal 1 0 0
    outer loop
      vertex 138 -27 4
      vertex 138 -46 8
      vertex 138 -31 4
    endloop
  endfacet
  facet normal 1 0 0
    outer loop
      vertex 138 -31 4
      vertex 138 -46 8
      vertex 138 -39 4
    endloop
  endfacet
  facet normal 1 0 0
    outer loop
      vertex 138 -46 0
      vertex 138 -39 4
      vertex 138 -46 8
    endloop
  endfacet
  facet normal 1 0 0
    outer loop
      vertex 138 -39 4
      vertex 138 -46 0
      vertex 138 -39 0
    endloop
  endfacet
  facet normal 1 0 0
    outer loop
      vertex 138 -3 0
      vertex 138 -7 4
      vertex 138 -7 0
    endloop
  endfacet
  facet normal 1 0 0
    outer loop
      vertex 138 -15 0
      vertex 138 -19 4
      vertex 138 -19 0
    endloop
  endfacet
  facet normal 1 0 0
    outer loop
      vertex 138 -27 0
      vertex 138 -31 4
      vertex 138 -31 0
    endloop
  endfacet
  facet normal 0.195519 0.9807 -0
    outer loop
      vertex 135.776 -0.102222 0
      vertex 135.392 -0.0256653 8
      vertex 135.776 -0.102222 8
    endloop
  endfacet
  facet normal 0.195519 0.9807 0
    outer loop
      vertex 135.392 -0.0256653 8
      vertex 135.776 -0.102222 0
      vertex 135.392 -0.0256653 0
    endloop
  endfacet
  facet normal 0.947037 0.321125 7.63009e-20
    outer loop
      vertex 137.898 -2.22354 8
      vertex 137.772 -1.85195 0
      vertex 137.772 -1.85195 8
    endloop
  endfacet
  facet normal 0.947037 0.321125 7.63009e-20
    outer loop
      vertex 137.772 -1.85195 0
      vertex 137.898 -2.22354 8
      vertex 137.898 -2.22354 0
    endloop
  endfacet
  facet normal 0.831485 0.555547 -5.75485e-19
    outer loop
      vertex 137.598 -1.5 8
      vertex 137.38 -1.17372 0
      vertex 137.38 -1.17372 8
    endloop
  endfacet
  facet normal 0.831485 0.555547 -5.75485e-19
    outer loop
      vertex 137.38 -1.17372 0
      vertex 137.598 -1.5 8
      vertex 137.598 -1.5 0
    endloop
  endfacet
  facet normal 0 1 -0
    outer loop
      vertex 135 0 0
      vertex 77 0 8
      vertex 135 0 8
    endloop
  endfacet
  facet normal 0 1 0
    outer loop
      vertex 77 0 8
      vertex 135 0 0
      vertex 77 0 0
    endloop
  endfacet
  facet normal -0.321651 -0.946858 0
    outer loop
      vertex 75.852 -48.7716 0
      vertex 76.2235 -48.8978 8
      vertex 75.852 -48.7716 8
    endloop
  endfacet
  facet normal -0.321651 -0.946858 -0
    outer loop
      vertex 76.2235 -48.8978 8
      vertex 75.852 -48.7716 0
      vertex 76.2235 -48.8978 0
    endloop
  endfacet
  facet normal -0.896961 -0.44211 -4.09364e-19
    outer loop
      vertex 74.4019 -47.5 0
      vertex 74.2284 -47.148 8
      vertex 74.2284 -47.148 0
    endloop
  endfacet
  facet normal -0.896961 -0.44211 -4.09364e-19
    outer loop
      vertex 74.2284 -47.148 8
      vertex 74.4019 -47.5 0
      vertex 74.4019 -47.5 8
    endloop
  endfacet
  facet normal -0.980813 0.19495 1.47353e-19
    outer loop
      vertex 74.0257 -2.60842 0
      vertex 74.1022 -2.22354 8
      vertex 74.1022 -2.22354 0
    endloop
  endfacet
  facet normal -0.980813 0.19495 1.47353e-19
    outer loop
      vertex 74.1022 -2.22354 8
      vertex 74.0257 -2.60842 0
      vertex 74.0257 -2.60842 8
    endloop
  endfacet
  facet normal -0.751769 0.659426 -1.11666e-19
    outer loop
      vertex 74.6199 -1.17372 0
      vertex 74.8787 -0.878679 8
      vertex 74.8787 -0.878679 0
    endloop
  endfacet
  facet normal -0.751769 0.659426 -1.11666e-19
    outer loop
      vertex 74.8787 -0.878679 8
      vertex 74.6199 -1.17372 0
      vertex 74.6199 -1.17372 8
    endloop
  endfacet
  facet normal -0.195079 0.980788 0
    outer loop
      vertex 76.6084 -0.0256653 0
      vertex 76.2235 -0.102222 8
      vertex 76.6084 -0.0256653 8
    endloop
  endfacet
  facet normal -0.195079 0.980788 0
    outer loop
      vertex 76.2235 -0.102222 8
      vertex 76.6084 -0.0256653 0
      vertex 76.2235 -0.102222 0
    endloop
  endfacet
  facet normal 0 0 -1
    outer loop
      vertex 136.5 -48.5981 0
      vertex 136.6 -47.6 0
      vertex 136.826 -48.3801 0
    endloop
  endfacet
  facet normal 0 0 -1
    outer loop
      vertex 136.148 -48.7716 0
      vertex 136.6 -47.6 0
      vertex 136.5 -48.5981 0
    endloop
  endfacet
  facet normal 0 0 -1
    outer loop
      vertex 135.776 -48.8978 0
      vertex 136.6 -47.6 0
      vertex 136.148 -48.7716 0
    endloop
  endfacet
  facet normal 0 0 -1
    outer loop
      vertex 135.392 -48.9743 0
      vertex 136.6 -47.6 0
      vertex 135.776 -48.8978 0
    endloop
  endfacet
  facet normal 0 0 -1
    outer loop
      vertex 135 -49 0
      vertex 136.6 -47.6 0
      vertex 135.392 -48.9743 0
    endloop
  endfacet
  facet normal 0 0 -1
    outer loop
      vertex 77 -49 0
      vertex 136.6 -47.6 0
      vertex 135 -49 0
    endloop
  endfacet
  facet normal 0 0 -1
    outer loop
      vertex 75.4 -47.6 0
      vertex 77 -49 0
      vertex 76.6084 -48.9743 0
    endloop
  endfacet
  facet normal 0 0 -1
    outer loop
      vertex 75.4 -47.6 0
      vertex 76.6084 -48.9743 0
      vertex 76.2235 -48.8978 0
    endloop
  endfacet
  facet normal 0 0 -1
    outer loop
      vertex 75.4 -47.6 0
      vertex 76.2235 -48.8978 0
      vertex 75.852 -48.7716 0
    endloop
  endfacet
  facet normal 0 0 -1
    outer loop
      vertex 75.4 -47.6 0
      vertex 75.852 -48.7716 0
      vertex 75.5 -48.5981 0
    endloop
  endfacet
  facet normal 0 0 -1
    outer loop
      vertex 77 -49 0
      vertex 75.4 -47.6 0
      vertex 136.6 -47.6 0
    endloop
  endfacet
  facet normal 0 0 -1
    outer loop
      vertex 75.1737 -48.3801 0
      vertex 75.4 -47.6 0
      vertex 75.5 -48.5981 0
    endloop
  endfacet
  facet normal 0 0 -1
    outer loop
      vertex 74.8787 -48.1213 0
      vertex 75.4 -47.6 0
      vertex 75.1737 -48.3801 0
    endloop
  endfacet
  facet normal 0 0 -1
    outer loop
      vertex 74.6199 -47.8263 0
      vertex 75.4 -47.6 0
      vertex 74.8787 -48.1213 0
    endloop
  endfacet
  facet normal 0 0 -1
    outer loop
      vertex 74.4019 -47.5 0
      vertex 75.4 -47.6 0
      vertex 74.6199 -47.8263 0
    endloop
  endfacet
  facet normal 0 0 -1
    outer loop
      vertex 74.2284 -47.148 0
      vertex 75.4 -47.6 0
      vertex 74.4019 -47.5 0
    endloop
  endfacet
  facet normal 0 0 -1
    outer loop
      vertex 74.1022 -46.7765 0
      vertex 75.4 -47.6 0
      vertex 74.2284 -47.148 0
    endloop
  endfacet
  facet normal 0 0 -1
    outer loop
      vertex 74.0257 -46.3916 0
      vertex 75.4 -47.6 0
      vertex 74.1022 -46.7765 0
    endloop
  endfacet
  facet normal 0 0 -1
    outer loop
      vertex 75.4 -47.6 0
      vertex 74.0257 -46.3916 0
      vertex 74 -46 0
    endloop
  endfacet
  facet normal 0 0 -1
    outer loop
      vertex 75.4 -47.6 0
      vertex 74 -46 0
      vertex 75.4 -39 0
    endloop
  endfacet
  facet normal -0 0 -1
    outer loop
      vertex 75.4 -39 0
      vertex 74 -46 0
      vertex 74 -39 0
    endloop
  endfacet
  facet normal 0 0 -1
    outer loop
      vertex 136.6 -47.6 0
      vertex 138 -46 0
      vertex 137.974 -46.3916 0
    endloop
  endfacet
  facet normal 0 0 -1
    outer loop
      vertex 136.6 -47.6 0
      vertex 137.974 -46.3916 0
      vertex 137.898 -46.7765 0
    endloop
  endfacet
  facet normal 0 0 -1
    outer loop
      vertex 136.6 -47.6 0
      vertex 137.898 -46.7765 0
      vertex 137.772 -47.148 0
    endloop
  endfacet
  facet normal 0 0 -1
    outer loop
      vertex 136.6 -47.6 0
      vertex 137.772 -47.148 0
      vertex 137.598 -47.5 0
    endloop
  endfacet
  facet normal 0 0 -1
    outer loop
      vertex 136.6 -47.6 0
      vertex 137.598 -47.5 0
      vertex 137.38 -47.8263 0
    endloop
  endfacet
  facet normal 0 0 -1
    outer loop
      vertex 136.6 -47.6 0
      vertex 137.38 -47.8263 0
      vertex 137.121 -48.1213 0
    endloop
  endfacet
  facet normal 0 0 -1
    outer loop
      vertex 136.6 -47.6 0
      vertex 137.121 -48.1213 0
      vertex 136.826 -48.3801 0
    endloop
  endfacet
  facet normal -0 0 -1
    outer loop
      vertex 138 -46 0
      vertex 136.6 -47.6 0
      vertex 136.6 -39 0
    endloop
  endfacet
  facet normal 0 0 -1
    outer loop
      vertex 138 -46 0
      vertex 136.6 -39 0
      vertex 138 -39 0
    endloop
  endfacet
  facet normal 0 0 -1
    outer loop
      vertex 74 -3 0
      vertex 75.4 -1.4 0
      vertex 75.4 -7 0
    endloop
  endfacet
  facet normal 0 -0 -1
    outer loop
      vertex 74.0257 -2.60842 0
      vertex 75.4 -1.4 0
      vertex 74 -3 0
    endloop
  endfacet
  facet normal 0 0 -1
    outer loop
      vertex 75.4 -1.4 0
      vertex 74.8787 -0.878679 0
      vertex 75.1737 -0.61994 0
    endloop
  endfacet
  facet normal 0 0 -1
    outer loop
      vertex 75.4 -1.4 0
      vertex 74.6199 -1.17372 0
      vertex 74.8787 -0.878679 0
    endloop
  endfacet
  facet normal -0 0 -1
    outer loop
      vertex 75.4 -1.4 0
      vertex 74.4019 -1.5 0
      vertex 74.6199 -1.17372 0
    endloop
  endfacet
  facet normal 0 0 -1
    outer loop
      vertex 75.4 -1.4 0
      vertex 74.2284 -1.85195 0
      vertex 74.4019 -1.5 0
    endloop
  endfacet
  facet normal 0 0 -1
    outer loop
      vertex 75.4 -1.4 0
      vertex 74.1022 -2.22354 0
      vertex 74.2284 -1.85195 0
    endloop
  endfacet
  facet normal 0 0 -1
    outer loop
      vertex 74 -3 0
      vertex 75.4 -7 0
      vertex 74 -7 0
    endloop
  endfacet
  facet normal 0 0 -1
    outer loop
      vertex 75.4 -1.4 0
      vertex 74.0257 -2.60842 0
      vertex 74.1022 -2.22354 0
    endloop
  endfacet
  facet normal 0 0 -1
    outer loop
      vertex 136.6 -7 0
      vertex 138 -3 0
      vertex 138 -7 0
    endloop
  endfacet
  facet normal 0 0 -1
    outer loop
      vertex 136.6 -1.4 0
      vertex 138 -3 0
      vertex 136.6 -7 0
    endloop
  endfacet
  facet normal 0 0 -1
    outer loop
      vertex 138 -3 0
      vertex 136.6 -1.4 0
      vertex 137.974 -2.60842 0
    endloop
  endfacet
  facet normal 0 0 -1
    outer loop
      vertex 137.974 -2.60842 0
      vertex 136.6 -1.4 0
      vertex 137.898 -2.22354 0
    endloop
  endfacet
  facet normal 0 0 -1
    outer loop
      vertex 137.898 -2.22354 0
      vertex 136.6 -1.4 0
      vertex 137.772 -1.85195 0
    endloop
  endfacet
  facet normal 0 0 -1
    outer loop
      vertex 137.598 -1.5 0
      vertex 136.6 -1.4 0
      vertex 137.38 -1.17372 0
    endloop
  endfacet
  facet normal -0 0 -1
    outer loop
      vertex 137.38 -1.17372 0
      vertex 136.6 -1.4 0
      vertex 137.121 -0.878679 0
    endloop
  endfacet
  facet normal 0 0 -1
    outer loop
      vertex 137.772 -1.85195 0
      vertex 136.6 -1.4 0
      vertex 137.598 -1.5 0
    endloop
  endfacet
  facet normal -0 0 -1
    outer loop
      vertex 137.121 -0.878679 0
      vertex 136.6 -1.4 0
      vertex 136.826 -0.61994 0
    endloop
  endfacet
  facet normal 0 0 -1
    outer loop
      vertex 136.6 -1.4 0
      vertex 136.5 -0.401923 0
      vertex 136.826 -0.61994 0
    endloop
  endfacet
  facet normal 0 0 -1
    outer loop
      vertex 136.6 -1.4 0
      vertex 136.148 -0.228361 0
      vertex 136.5 -0.401923 0
    endloop
  endfacet
  facet normal 0 0 -1
    outer loop
      vertex 136.6 -1.4 0
      vertex 135.776 -0.102222 0
      vertex 136.148 -0.228361 0
    endloop
  endfacet
  facet normal 0 0 -1
    outer loop
      vertex 136.6 -1.4 0
      vertex 135.392 -0.0256653 0
      vertex 135.776 -0.102222 0
    endloop
  endfacet
  facet normal 0 0 -1
    outer loop
      vertex 136.6 -1.4 0
      vertex 135 0 0
      vertex 135.392 -0.0256653 0
    endloop
  endfacet
  facet normal 0 0 -1
    outer loop
      vertex 136.6 -1.4 0
      vertex 77 0 0
      vertex 135 0 0
    endloop
  endfacet
  facet normal 0 0 -1
    outer loop
      vertex 75.4 -1.4 0
      vertex 77 0 0
      vertex 136.6 -1.4 0
    endloop
  endfacet
  facet normal 0 0 -1
    outer loop
      vertex 77 0 0
      vertex 75.4 -1.4 0
      vertex 76.6084 -0.0256653 0
    endloop
  endfacet
  facet normal 0 0 -1
    outer loop
      vertex 76.6084 -0.0256653 0
      vertex 75.4 -1.4 0
      vertex 76.2235 -0.102222 0
    endloop
  endfacet
  facet normal 0 0 -1
    outer loop
      vertex 76.2235 -0.102222 0
      vertex 75.4 -1.4 0
      vertex 75.852 -0.228361 0
    endloop
  endfacet
  facet normal 0 0 -1
    outer loop
      vertex 75.852 -0.228361 0
      vertex 75.4 -1.4 0
      vertex 75.5 -0.401923 0
    endloop
  endfacet
  facet normal 0 0 -1
    outer loop
      vertex 75.5 -0.401923 0
      vertex 75.4 -1.4 0
      vertex 75.1737 -0.61994 0
    endloop
  endfacet
  facet normal 0 0 -1
    outer loop
      vertex 74 -19 0
      vertex 75.4 -15 0
      vertex 75.4 -19 0
    endloop
  endfacet
  facet normal -0 0 -1
    outer loop
      vertex 75.4 -15 0
      vertex 74 -19 0
      vertex 74 -15 0
    endloop
  endfacet
  facet normal 0 0 -1
    outer loop
      vertex 74 -31 0
      vertex 75.4 -27 0
      vertex 75.4 -31 0
    endloop
  endfacet
  facet normal -0 0 -1
    outer loop
      vertex 75.4 -27 0
      vertex 74 -31 0
      vertex 74 -27 0
    endloop
  endfacet
  facet normal 0 0 -1
    outer loop
      vertex 136.6 -19 0
      vertex 138 -15 0
      vertex 138 -19 0
    endloop
  endfacet
  facet normal -0 0 -1
    outer loop
      vertex 138 -15 0
      vertex 136.6 -19 0
      vertex 136.6 -15 0
    endloop
  endfacet
  facet normal 0 0 -1
    outer loop
      vertex 136.6 -31 0
      vertex 138 -27 0
      vertex 138 -31 0
    endloop
  endfacet
  facet normal -0 0 -1
    outer loop
      vertex 138 -27 0
      vertex 136.6 -31 0
      vertex 136.6 -27 0
    endloop
  endfacet
  facet normal -0.65939 0.751801 0
    outer loop
      vertex 75.1737 -0.61994 0
      vertex 74.8787 -0.878679 8
      vertex 75.1737 -0.61994 8
    endloop
  endfacet
  facet normal -0.65939 0.751801 0
    outer loop
      vertex 74.8787 -0.878679 8
      vertex 75.1737 -0.61994 0
      vertex 74.8787 -0.878679 0
    endloop
  endfacet
  facet normal 0.555877 -0.831265 0
    outer loop
      vertex 136.5 -48.5981 0
      vertex 136.826 -48.3801 8
      vertex 136.5 -48.5981 8
    endloop
  endfacet
  facet normal 0.555877 -0.831265 0
    outer loop
      vertex 136.826 -48.3801 8
      vertex 136.5 -48.5981 0
      vertex 136.826 -48.3801 0
    endloop
  endfacet
  facet normal -0.831485 0.555547 8.60211e-20
    outer loop
      vertex 74.4019 -1.5 0
      vertex 74.6199 -1.17372 8
      vertex 74.6199 -1.17372 0
    endloop
  endfacet
  facet normal -0.831485 0.555547 8.60211e-20
    outer loop
      vertex 74.6199 -1.17372 8
      vertex 74.4019 -1.5 0
      vertex 74.4019 -1.5 8
    endloop
  endfacet
  facet normal 0.195379 -0.980728 0
    outer loop
      vertex 135.392 -48.9743 0
      vertex 135.776 -48.8978 8
      vertex 135.392 -48.9743 8
    endloop
  endfacet
  facet normal 0.195379 -0.980728 0
    outer loop
      vertex 135.776 -48.8978 8
      vertex 135.392 -48.9743 0
      vertex 135.776 -48.8978 0
    endloop
  endfacet
  facet normal 0.442237 0.896898 -0
    outer loop
      vertex 136.5 -0.401923 0
      vertex 136.148 -0.228361 8
      vertex 136.5 -0.401923 8
    endloop
  endfacet
  facet normal 0.442237 0.896898 0
    outer loop
      vertex 136.148 -0.228361 8
      vertex 136.5 -0.401923 0
      vertex 136.148 -0.228361 0
    endloop
  endfacet
  facet normal -0.997853 -0.0654873 -2.72043e-19
    outer loop
      vertex 74.0257 -46.3916 0
      vertex 74 -46 8
      vertex 74 -46 0
    endloop
  endfacet
  facet normal -0.997853 -0.0654873 -2.72043e-19
    outer loop
      vertex 74 -46 8
      vertex 74.0257 -46.3916 0
      vertex 74.0257 -46.3916 8
    endloop
  endfacet
  facet normal -0.44211 -0.896961 0
    outer loop
      vertex 75.5 -48.5981 0
      vertex 75.852 -48.7716 8
      vertex 75.5 -48.5981 8
    endloop
  endfacet
  facet normal -0.44211 -0.896961 -0
    outer loop
      vertex 75.852 -48.7716 8
      vertex 75.5 -48.5981 0
      vertex 75.852 -48.7716 0
    endloop
  endfacet
  facet normal -0.896936 0.44216 -5.59453e-19
    outer loop
      vertex 74.2284 -1.85195 0
      vertex 74.4019 -1.5 8
      vertex 74.4019 -1.5 0
    endloop
  endfacet
  facet normal -0.896936 0.44216 -5.59453e-19
    outer loop
      vertex 74.4019 -1.5 8
      vertex 74.2284 -1.85195 0
      vertex 74.2284 -1.85195 8
    endloop
  endfacet
  facet normal -0.555523 -0.831501 0
    outer loop
      vertex 75.1737 -48.3801 0
      vertex 75.5 -48.5981 8
      vertex 75.1737 -48.3801 8
    endloop
  endfacet
  facet normal -0.555523 -0.831501 -0
    outer loop
      vertex 75.5 -48.5981 8
      vertex 75.1737 -48.3801 0
      vertex 75.5 -48.5981 0
    endloop
  endfacet
  facet normal 0.321264 -0.94699 0
    outer loop
      vertex 135.776 -48.8978 0
      vertex 136.148 -48.7716 8
      vertex 135.776 -48.8978 8
    endloop
  endfacet
  facet normal 0.321264 -0.94699 0
    outer loop
      vertex 136.148 -48.7716 8
      vertex 135.776 -48.8978 0
      vertex 136.148 -48.7716 0
    endloop
  endfacet
  facet normal -0.0654873 -0.997853 0
    outer loop
      vertex 76.6084 -48.9743 0
      vertex 77 -49 8
      vertex 76.6084 -48.9743 8
    endloop
  endfacet
  facet normal -0.0654873 -0.997853 -0
    outer loop
      vertex 77 -49 8
      vertex 76.6084 -48.9743 0
      vertex 77 -49 0
    endloop
  endfacet
  facet normal -0.751724 -0.659478 1.69858e-18
    outer loop
      vertex 74.8787 -48.1213 0
      vertex 74.6199 -47.8263 8
      vertex 74.6199 -47.8263 0
    endloop
  endfacet
  facet normal -0.751724 -0.659478 1.69858e-18
    outer loop
      vertex 74.6199 -47.8263 8
      vertex 74.8787 -48.1213 0
      vertex 74.8787 -48.1213 8
    endloop
  endfacet
  facet normal 0.555906 0.831245 -0
    outer loop
      vertex 136.826 -0.61994 0
      vertex 136.5 -0.401923 8
      vertex 136.826 -0.61994 8
    endloop
  endfacet
  facet normal 0.555906 0.831245 0
    outer loop
      vertex 136.5 -0.401923 8
      vertex 136.826 -0.61994 0
      vertex 136.5 -0.401923 0
    endloop
  endfacet
  facet normal -0.321512 0.946905 0
    outer loop
      vertex 76.2235 -0.102222 0
      vertex 75.852 -0.228361 8
      vertex 76.2235 -0.102222 8
    endloop
  endfacet
  facet normal -0.321512 0.946905 0
    outer loop
      vertex 75.852 -0.228361 8
      vertex 76.2235 -0.102222 0
      vertex 75.852 -0.228361 0
    endloop
  endfacet
  facet normal -0.19494 -0.980815 0
    outer loop
      vertex 76.2235 -48.8978 0
      vertex 76.6084 -48.9743 8
      vertex 76.2235 -48.8978 8
    endloop
  endfacet
  facet normal -0.19494 -0.980815 -0
    outer loop
      vertex 76.6084 -48.9743 8
      vertex 76.2235 -48.8978 0
      vertex 76.6084 -48.9743 0
    endloop
  endfacet
  facet normal 0 -1 0
    outer loop
      vertex 77 -49 0
      vertex 135 -49 8
      vertex 77 -49 8
    endloop
  endfacet
  facet normal 0 -1 -0
    outer loop
      vertex 135 -49 8
      vertex 77 -49 0
      vertex 135 -49 0
    endloop
  endfacet
  facet normal -0.997853 0.0654906 -1.98824e-19
    outer loop
      vertex 74 -3 0
      vertex 74.0257 -2.60842 8
      vertex 74.0257 -2.60842 0
    endloop
  endfacet
  facet normal -0.997853 0.0654906 -1.98824e-19
    outer loop
      vertex 74.0257 -2.60842 8
      vertex 74 -3 0
      vertex 74 -3 8
    endloop
  endfacet
  facet normal 0.0654208 -0.997858 0
    outer loop
      vertex 135 -49 0
      vertex 135.392 -48.9743 8
      vertex 135 -49 8
    endloop
  endfacet
  facet normal 0.0654208 -0.997858 0
    outer loop
      vertex 135.392 -48.9743 8
      vertex 135 -49 0
      vertex 135.392 -48.9743 0
    endloop
  endfacet
  facet normal 0.89643 0.443185 2.42341e-20
    outer loop
      vertex 137.772 -1.85195 8
      vertex 137.598 -1.5 0
      vertex 137.598 -1.5 8
    endloop
  endfacet
  facet normal 0.89643 0.443185 2.42341e-20
    outer loop
      vertex 137.598 -1.5 0
      vertex 137.772 -1.85195 8
      vertex 137.772 -1.85195 0
    endloop
  endfacet
  facet normal -0.980815 -0.19494 -5.44914e-19
    outer loop
      vertex 74.1022 -46.7765 0
      vertex 74.0257 -46.3916 8
      vertex 74.0257 -46.3916 0
    endloop
  endfacet
  facet normal -0.980815 -0.19494 -5.44914e-19
    outer loop
      vertex 74.0257 -46.3916 8
      vertex 74.1022 -46.7765 0
      vertex 74.1022 -46.7765 8
    endloop
  endfacet
  facet normal -0.555553 0.831481 0
    outer loop
      vertex 75.5 -0.401923 0
      vertex 75.1737 -0.61994 8
      vertex 75.5 -0.401923 8
    endloop
  endfacet
  facet normal -0.555553 0.831481 0
    outer loop
      vertex 75.1737 -0.61994 8
      vertex 75.5 -0.401923 0
      vertex 75.1737 -0.61994 0
    endloop
  endfacet
  facet normal 0.831501 -0.555523 -4.43215e-19
    outer loop
      vertex 137.38 -47.8263 8
      vertex 137.598 -47.5 0
      vertex 137.598 -47.5 8
    endloop
  endfacet
  facet normal 0.831501 -0.555523 -4.43215e-19
    outer loop
      vertex 137.598 -47.5 0
      vertex 137.38 -47.8263 8
      vertex 137.38 -47.8263 0
    endloop
  endfacet
  facet normal 0.751471 -0.659766 1.49326e-18
    outer loop
      vertex 137.121 -48.1213 8
      vertex 137.38 -47.8263 0
      vertex 137.38 -47.8263 8
    endloop
  endfacet
  facet normal 0.751471 -0.659766 1.49326e-18
    outer loop
      vertex 137.38 -47.8263 0
      vertex 137.121 -48.1213 8
      vertex 137.121 -48.1213 0
    endloop
  endfacet
  facet normal 0.981056 0.193723 1.87235e-19
    outer loop
      vertex 137.974 -2.60842 8
      vertex 137.898 -2.22354 0
      vertex 137.898 -2.22354 8
    endloop
  endfacet
  facet normal 0.981056 0.193723 1.87235e-19
    outer loop
      vertex 137.898 -2.22354 0
      vertex 137.974 -2.60842 8
      vertex 137.974 -2.60842 0
    endloop
  endfacet
  facet normal -0.946858 -0.321651 8.57165e-19
    outer loop
      vertex 74.2284 -47.148 0
      vertex 74.1022 -46.7765 8
      vertex 74.1022 -46.7765 0
    endloop
  endfacet
  facet normal -0.946858 -0.321651 8.57165e-19
    outer loop
      vertex 74.1022 -46.7765 8
      vertex 74.2284 -47.148 0
      vertex 74.2284 -47.148 8
    endloop
  endfacet
  facet normal -0.946882 0.321582 -1.13188e-19
    outer loop
      vertex 74.1022 -2.22354 0
      vertex 74.2284 -1.85195 8
      vertex 74.2284 -1.85195 0
    endloop
  endfacet
  facet normal -0.946882 0.321582 -1.13188e-19
    outer loop
      vertex 74.2284 -1.85195 8
      vertex 74.1022 -2.22354 0
      vertex 74.1022 -2.22354 8
    endloop
  endfacet
  facet normal 0.65939 0.751801 -0
    outer loop
      vertex 137.121 -0.878679 0
      vertex 136.826 -0.61994 8
      vertex 137.121 -0.878679 8
    endloop
  endfacet
  facet normal 0.65939 0.751801 0
    outer loop
      vertex 136.826 -0.61994 8
      vertex 137.121 -0.878679 0
      vertex 136.826 -0.61994 0
    endloop
  endfacet
  facet normal 0.0653328 0.997864 -0
    outer loop
      vertex 135.392 -0.0256653 0
      vertex 135 0 8
      vertex 135.392 -0.0256653 8
    endloop
  endfacet
  facet normal 0.0653328 0.997864 0
    outer loop
      vertex 135 0 8
      vertex 135.392 -0.0256653 0
      vertex 135 0 0
    endloop
  endfacet
  facet normal 0.44211 -0.896961 0
    outer loop
      vertex 136.148 -48.7716 0
      vertex 136.5 -48.5981 8
      vertex 136.148 -48.7716 8
    endloop
  endfacet
  facet normal 0.44211 -0.896961 0
    outer loop
      vertex 136.5 -48.5981 8
      vertex 136.148 -48.7716 0
      vertex 136.5 -48.5981 0
    endloop
  endfacet
  facet normal 0.659478 -0.751724 0
    outer loop
      vertex 136.826 -48.3801 0
      vertex 137.121 -48.1213 8
      vertex 136.826 -48.3801 8
    endloop
  endfacet
  facet normal 0.659478 -0.751724 0
    outer loop
      vertex 137.121 -48.1213 8
      vertex 136.826 -48.3801 0
      vertex 137.121 -48.1213 0
    endloop
  endfacet
  facet normal 0.751516 0.659714 5.96762e-19
    outer loop
      vertex 137.38 -1.17372 8
      vertex 137.121 -0.878679 0
      vertex 137.121 -0.878679 8
    endloop
  endfacet
  facet normal 0.751516 0.659714 5.96762e-19
    outer loop
      vertex 137.121 -0.878679 0
      vertex 137.38 -1.17372 8
      vertex 137.38 -1.17372 0
    endloop
  endfacet
  facet normal 0.947013 -0.321194 -5.31641e-19
    outer loop
      vertex 137.772 -47.148 8
      vertex 137.898 -46.7765 0
      vertex 137.898 -46.7765 8
    endloop
  endfacet
  facet normal 0.947013 -0.321194 -5.31641e-19
    outer loop
      vertex 137.898 -46.7765 0
      vertex 137.772 -47.148 8
      vertex 137.772 -47.148 0
    endloop
  endfacet
  facet normal 0.997803 -0.0662484 1.62759e-19
    outer loop
      vertex 137.974 -46.3916 8
      vertex 138 -46 0
      vertex 138 -46 8
    endloop
  endfacet
  facet normal 0.997803 -0.0662484 1.62759e-19
    outer loop
      vertex 138 -46 0
      vertex 137.974 -46.3916 8
      vertex 137.974 -46.3916 0
    endloop
  endfacet
  facet normal 0 0 1
    outer loop
      vertex 95.0423 -38.7804 8
      vertex 91.6855 -40.2781 8
      vertex 91.7 -40.5 8
    endloop
  endfacet
  facet normal 0 0 1
    outer loop
      vertex 93.2721 -37.2279 8
      vertex 91.6421 -40.06 8
      vertex 91.6855 -40.2781 8
    endloop
  endfacet
  facet normal 0 0 1
    outer loop
      vertex 93.2721 -37.2279 8
      vertex 91.5706 -39.8494 8
      vertex 91.6421 -40.06 8
    endloop
  endfacet
  facet normal 0 0 1
    outer loop
      vertex 93.2721 -37.2279 8
      vertex 91.4722 -39.65 8
      vertex 91.5706 -39.8494 8
    endloop
  endfacet
  facet normal 0 0 1
    outer loop
      vertex 93.2721 -37.2279 8
      vertex 91.3487 -39.4651 8
      vertex 91.4722 -39.65 8
    endloop
  endfacet
  facet normal 0 0 1
    outer loop
      vertex 93.2721 -37.2279 8
      vertex 91.2021 -39.2979 8
      vertex 91.3487 -39.4651 8
    endloop
  endfacet
  facet normal 0 0 1
    outer loop
      vertex 93.2721 -37.2279 8
      vertex 91.0349 -39.1513 8
      vertex 91.2021 -39.2979 8
    endloop
  endfacet
  facet normal 0 0 1
    outer loop
      vertex 93.2721 -37.2279 8
      vertex 90.85 -39.0278 8
      vertex 91.0349 -39.1513 8
    endloop
  endfacet
  facet normal 0 0 1
    outer loop
      vertex 93.2721 -37.2279 8
      vertex 90.6506 -38.9294 8
      vertex 90.85 -39.0278 8
    endloop
  endfacet
  facet normal 0 0 1
    outer loop
      vertex 91.7196 -35.4577 8
      vertex 90.44 -38.8579 8
      vertex 90.6506 -38.9294 8
    endloop
  endfacet
  facet normal 0 0 1
    outer loop
      vertex 89.56 -38.8579 8
      vertex 91.7196 -35.4577 8
      vertex 90.4115 -33.5 8
    endloop
  endfacet
  facet normal 0 0 1
    outer loop
      vertex 91.7196 -35.4577 8
      vertex 90.2219 -38.8145 8
      vertex 90.44 -38.8579 8
    endloop
  endfacet
  facet normal 0 0 1
    outer loop
      vertex 91.7196 -35.4577 8
      vertex 90 -38.8 8
      vertex 90.2219 -38.8145 8
    endloop
  endfacet
  facet normal 0 0 1
    outer loop
      vertex 91.7196 -35.4577 8
      vertex 89.7781 -38.8145 8
      vertex 90 -38.8 8
    endloop
  endfacet
  facet normal 0 0 1
    outer loop
      vertex 91.7196 -35.4577 8
      vertex 89.56 -38.8579 8
      vertex 89.7781 -38.8145 8
    endloop
  endfacet
  facet normal 0 0 1
    outer loop
      vertex 88.7979 -39.2979 8
      vertex 90.4115 -33.5 8
      vertex 89.3702 -31.3883 8
    endloop
  endfacet
  facet normal 0 0 1
    outer loop
      vertex 90.4115 -33.5 8
      vertex 89.3494 -38.9294 8
      vertex 89.56 -38.8579 8
    endloop
  endfacet
  facet normal 0 0 1
    outer loop
      vertex 90.4115 -33.5 8
      vertex 89.15 -39.0278 8
      vertex 89.3494 -38.9294 8
    endloop
  endfacet
  facet normal 0 0 1
    outer loop
      vertex 90.4115 -33.5 8
      vertex 88.9651 -39.1513 8
      vertex 89.15 -39.0278 8
    endloop
  endfacet
  facet normal 0 0 1
    outer loop
      vertex 90.4115 -33.5 8
      vertex 88.7979 -39.2979 8
      vertex 88.9651 -39.1513 8
    endloop
  endfacet
  facet normal 0 0 1
    outer loop
      vertex 89.3702 -31.3883 8
      vertex 88.6513 -39.4651 8
      vertex 88.7979 -39.2979 8
    endloop
  endfacet
  facet normal 0 0 1
    outer loop
      vertex 74 -46 8
      vertex 89.3702 -31.3883 8
      vertex 88.6133 -29.1587 8
    endloop
  endfacet
  facet normal 0 0 1
    outer loop
      vertex 89.3702 -31.3883 8
      vertex 88.5278 -39.65 8
      vertex 88.6513 -39.4651 8
    endloop
  endfacet
  facet normal 0 0 1
    outer loop
      vertex 89.3702 -31.3883 8
      vertex 88.4294 -39.8494 8
      vertex 88.5278 -39.65 8
    endloop
  endfacet
  facet normal 0 0 1
    outer loop
      vertex 89.3702 -31.3883 8
      vertex 74 -46 8
      vertex 88.4294 -39.8494 8
    endloop
  endfacet
  facet normal 0 0 1
    outer loop
      vertex 88.4294 -39.8494 8
      vertex 74 -46 8
      vertex 88.3579 -40.06 8
    endloop
  endfacet
  facet normal 0 0 1
    outer loop
      vertex 88.3579 -40.06 8
      vertex 74 -46 8
      vertex 88.3145 -40.2781 8
    endloop
  endfacet
  facet normal 0 0 1
    outer loop
      vertex 74 -46 8
      vertex 88.6133 -29.1587 8
      vertex 88.154 -26.8495 8
    endloop
  endfacet
  facet normal -0 0 1
    outer loop
      vertex 91.5706 -9.15056 8
      vertex 95.0423 -10.2196 8
      vertex 91.6421 -8.93999 8
    endloop
  endfacet
  facet normal 0 0 1
    outer loop
      vertex 95.0423 -10.2196 8
      vertex 91.5706 -9.15056 8
      vertex 93.2721 -11.7721 8
    endloop
  endfacet
  facet normal -0 0 1
    outer loop
      vertex 91.4722 -9.35 8
      vertex 93.2721 -11.7721 8
      vertex 91.5706 -9.15056 8
    endloop
  endfacet
  facet normal -0 0 1
    outer loop
      vertex 91.3487 -9.53489 8
      vertex 93.2721 -11.7721 8
      vertex 91.4722 -9.35 8
    endloop
  endfacet
  facet normal -0 0 1
    outer loop
      vertex 91.2021 -9.70208 8
      vertex 93.2721 -11.7721 8
      vertex 91.3487 -9.53489 8
    endloop
  endfacet
  facet normal -0 0 1
    outer loop
      vertex 91.0349 -9.8487 8
      vertex 93.2721 -11.7721 8
      vertex 91.2021 -9.70208 8
    endloop
  endfacet
  facet normal -0 0 1
    outer loop
      vertex 90.85 -9.97224 8
      vertex 93.2721 -11.7721 8
      vertex 91.0349 -9.8487 8
    endloop
  endfacet
  facet normal -0 0 1
    outer loop
      vertex 90.6506 -10.0706 8
      vertex 93.2721 -11.7721 8
      vertex 90.85 -9.97224 8
    endloop
  endfacet
  facet normal 0 0 1
    outer loop
      vertex 93.2721 -11.7721 8
      vertex 90.6506 -10.0706 8
      vertex 91.7196 -13.5423 8
    endloop
  endfacet
  facet normal -0 0 1
    outer loop
      vertex 90.44 -10.1421 8
      vertex 91.7196 -13.5423 8
      vertex 90.6506 -10.0706 8
    endloop
  endfacet
  facet normal -0 0 1
    outer loop
      vertex 90.2219 -10.1855 8
      vertex 91.7196 -13.5423 8
      vertex 90.44 -10.1421 8
    endloop
  endfacet
  facet normal -0 0 1
    outer loop
      vertex 90 -10.2 8
      vertex 91.7196 -13.5423 8
      vertex 90.2219 -10.1855 8
    endloop
  endfacet
  facet normal 0 0 1
    outer loop
      vertex 89.7781 -10.1855 8
      vertex 91.7196 -13.5423 8
      vertex 90 -10.2 8
    endloop
  endfacet
  facet normal 0 0 1
    outer loop
      vertex 89.56 -10.1421 8
      vertex 91.7196 -13.5423 8
      vertex 89.7781 -10.1855 8
    endloop
  endfacet
  facet normal 0 0 1
    outer loop
      vertex 91.7196 -13.5423 8
      vertex 89.56 -10.1421 8
      vertex 90.4115 -15.5 8
    endloop
  endfacet
  facet normal 0 0 1
    outer loop
      vertex 89.3494 -10.0706 8
      vertex 90.4115 -15.5 8
      vertex 89.56 -10.1421 8
    endloop
  endfacet
  facet normal 0 0 1
    outer loop
      vertex 89.15 -9.97224 8
      vertex 90.4115 -15.5 8
      vertex 89.3494 -10.0706 8
    endloop
  endfacet
  facet normal 0 0 1
    outer loop
      vertex 88.9651 -9.8487 8
      vertex 90.4115 -15.5 8
      vertex 89.15 -9.97224 8
    endloop
  endfacet
  facet normal 0 0 1
    outer loop
      vertex 88.7979 -9.70208 8
      vertex 90.4115 -15.5 8
      vertex 88.9651 -9.8487 8
    endloop
  endfacet
  facet normal 0 0 1
    outer loop
      vertex 90.4115 -15.5 8
      vertex 88.7979 -9.70208 8
      vertex 89.3702 -17.6117 8
    endloop
  endfacet
  facet normal 0 0 1
    outer loop
      vertex 88.6513 -9.53489 8
      vertex 89.3702 -17.6117 8
      vertex 88.7979 -9.70208 8
    endloop
  endfacet
  facet normal 0 0 1
    outer loop
      vertex 88.5278 -9.35 8
      vertex 89.3702 -17.6117 8
      vertex 88.6513 -9.53489 8
    endloop
  endfacet
  facet normal 0 0 1
    outer loop
      vertex 88.4294 -9.15056 8
      vertex 89.3702 -17.6117 8
      vertex 88.5278 -9.35 8
    endloop
  endfacet
  facet normal 0 0 1
    outer loop
      vertex 74 -3 8
      vertex 89.3702 -17.6117 8
      vertex 88.4294 -9.15056 8
    endloop
  endfacet
  facet normal 0 0 1
    outer loop
      vertex 74 -3 8
      vertex 88.4294 -9.15056 8
      vertex 88.3579 -8.93999 8
    endloop
  endfacet
  facet normal 0 0 1
    outer loop
      vertex 74 -3 8
      vertex 88.3579 -8.93999 8
      vertex 88.3145 -8.72189 8
    endloop
  endfacet
  facet normal 0 0 1
    outer loop
      vertex 74 -3 8
      vertex 88.3145 -8.72189 8
      vertex 88.3 -8.5 8
    endloop
  endfacet
  facet normal 0 0 1
    outer loop
      vertex 89.3702 -17.6117 8
      vertex 74 -3 8
      vertex 88.6133 -19.8413 8
    endloop
  endfacet
  facet normal 0 0 1
    outer loop
      vertex 138 -46 8
      vertex 123.685 -40.2781 8
      vertex 123.7 -40.5 8
    endloop
  endfacet
  facet normal 0 0 1
    outer loop
      vertex 138 -46 8
      vertex 123.642 -40.06 8
      vertex 123.685 -40.2781 8
    endloop
  endfacet
  facet normal -0 0 1
    outer loop
      vertex 122.63 -31.3883 8
      vertex 138 -46 8
      vertex 123.387 -29.1587 8
    endloop
  endfacet
  facet normal 0 0 1
    outer loop
      vertex 138 -46 8
      vertex 123.571 -39.8494 8
      vertex 123.642 -40.06 8
    endloop
  endfacet
  facet normal 0 0 1
    outer loop
      vertex 138 -46 8
      vertex 122.63 -31.3883 8
      vertex 123.571 -39.8494 8
    endloop
  endfacet
  facet normal 0 0 1
    outer loop
      vertex 123.571 -39.8494 8
      vertex 122.63 -31.3883 8
      vertex 123.472 -39.65 8
    endloop
  endfacet
  facet normal 0 0 1
    outer loop
      vertex 123.472 -39.65 8
      vertex 122.63 -31.3883 8
      vertex 123.349 -39.4651 8
    endloop
  endfacet
  facet normal 0 0 1
    outer loop
      vertex 123.349 -39.4651 8
      vertex 122.63 -31.3883 8
      vertex 123.202 -39.2979 8
    endloop
  endfacet
  facet normal -0 0 1
    outer loop
      vertex 121.588 -33.5 8
      vertex 123.202 -39.2979 8
      vertex 122.63 -31.3883 8
    endloop
  endfacet
  facet normal 0 0 1
    outer loop
      vertex 123.202 -39.2979 8
      vertex 121.588 -33.5 8
      vertex 123.035 -39.1513 8
    endloop
  endfacet
  facet normal 0 0 1
    outer loop
      vertex 123.035 -39.1513 8
      vertex 121.588 -33.5 8
      vertex 122.85 -39.0278 8
    endloop
  endfacet
  facet normal 0 0 1
    outer loop
      vertex 122.85 -39.0278 8
      vertex 121.588 -33.5 8
      vertex 122.651 -38.9294 8
    endloop
  endfacet
  facet normal 0 0 1
    outer loop
      vertex 122.651 -38.9294 8
      vertex 121.588 -33.5 8
      vertex 122.44 -38.8579 8
    endloop
  endfacet
  facet normal -0 0 1
    outer loop
      vertex 120.28 -35.4577 8
      vertex 122.44 -38.8579 8
      vertex 121.588 -33.5 8
    endloop
  endfacet
  facet normal 0 0 1
    outer loop
      vertex 122.44 -38.8579 8
      vertex 120.28 -35.4577 8
      vertex 122.222 -38.8145 8
    endloop
  endfacet
  facet normal 0 0 1
    outer loop
      vertex 122.222 -38.8145 8
      vertex 120.28 -35.4577 8
      vertex 122 -38.8 8
    endloop
  endfacet
  facet normal 0 0 1
    outer loop
      vertex 122 -38.8 8
      vertex 120.28 -35.4577 8
      vertex 121.778 -38.8145 8
    endloop
  endfacet
  facet normal 0 0 1
    outer loop
      vertex 121.778 -38.8145 8
      vertex 120.28 -35.4577 8
      vertex 121.56 -38.8579 8
    endloop
  endfacet
  facet normal 0 0 1
    outer loop
      vertex 121.56 -38.8579 8
      vertex 120.28 -35.4577 8
      vertex 121.349 -38.9294 8
    endloop
  endfacet
  facet normal -0 0 1
    outer loop
      vertex 118.728 -37.2279 8
      vertex 121.349 -38.9294 8
      vertex 120.28 -35.4577 8
    endloop
  endfacet
  facet normal 0 0 1
    outer loop
      vertex 121.349 -38.9294 8
      vertex 118.728 -37.2279 8
      vertex 121.15 -39.0278 8
    endloop
  endfacet
  facet normal 0 0 1
    outer loop
      vertex 121.15 -39.0278 8
      vertex 118.728 -37.2279 8
      vertex 120.965 -39.1513 8
    endloop
  endfacet
  facet normal 0 0 1
    outer loop
      vertex 120.965 -39.1513 8
      vertex 118.728 -37.2279 8
      vertex 120.798 -39.2979 8
    endloop
  endfacet
  facet normal 0 0 1
    outer loop
      vertex 120.798 -39.2979 8
      vertex 118.728 -37.2279 8
      vertex 120.651 -39.4651 8
    endloop
  endfacet
  facet normal 0 0 1
    outer loop
      vertex 120.651 -39.4651 8
      vertex 118.728 -37.2279 8
      vertex 120.528 -39.65 8
    endloop
  endfacet
  facet normal 0 0 1
    outer loop
      vertex 120.528 -39.65 8
      vertex 118.728 -37.2279 8
      vertex 120.429 -39.8494 8
    endloop
  endfacet
  facet normal 0 0 1
    outer loop
      vertex 120.429 -39.8494 8
      vertex 116.958 -38.7804 8
      vertex 120.358 -40.06 8
    endloop
  endfacet
  facet normal -0 0 1
    outer loop
      vertex 116.958 -38.7804 8
      vertex 120.429 -39.8494 8
      vertex 118.728 -37.2279 8
    endloop
  endfacet
  facet normal 0 0 1
    outer loop
      vertex 135 0 8
      vertex 138 -3 8
      vertex 137.974 -2.60842 8
    endloop
  endfacet
  facet normal 0 0 1
    outer loop
      vertex 138 -3 8
      vertex 124 -24.5 8
      vertex 138 -46 8
    endloop
  endfacet
  facet normal 0 0 1
    outer loop
      vertex 135 0 8
      vertex 137.974 -2.60842 8
      vertex 137.898 -2.22354 8
    endloop
  endfacet
  facet normal -0 0 1
    outer loop
      vertex 123.846 -26.8495 8
      vertex 138 -46 8
      vertex 124 -24.5 8
    endloop
  endfacet
  facet normal 0 0 1
    outer loop
      vertex 135 0 8
      vertex 137.898 -2.22354 8
      vertex 137.772 -1.85195 8
    endloop
  endfacet
  facet normal -0 0 1
    outer loop
      vertex 123.387 -29.1587 8
      vertex 138 -46 8
      vertex 123.846 -26.8495 8
    endloop
  endfacet
  facet normal 0 0 1
    outer loop
      vertex 135 0 8
      vertex 137.772 -1.85195 8
      vertex 137.598 -1.5 8
    endloop
  endfacet
  facet normal -0 0 1
    outer loop
      vertex 123.685 -40.7219 8
      vertex 138 -46 8
      vertex 123.7 -40.5 8
    endloop
  endfacet
  facet normal 0 0 1
    outer loop
      vertex 135 0 8
      vertex 137.598 -1.5 8
      vertex 137.38 -1.17372 8
    endloop
  endfacet
  facet normal 0 -0 1
    outer loop
      vertex 135 -49 8
      vertex 138 -46 8
      vertex 123.685 -40.7219 8
    endloop
  endfacet
  facet normal 0 0 1
    outer loop
      vertex 135 0 8
      vertex 137.38 -1.17372 8
      vertex 137.121 -0.878679 8
    endloop
  endfacet
  facet normal 0 0 1
    outer loop
      vertex 138 -46 8
      vertex 135 -49 8
      vertex 137.974 -46.3916 8
    endloop
  endfacet
  facet normal 0 0 1
    outer loop
      vertex 135 0 8
      vertex 137.121 -0.878679 8
      vertex 136.826 -0.61994 8
    endloop
  endfacet
  facet normal 0 0 1
    outer loop
      vertex 137.974 -46.3916 8
      vertex 135 -49 8
      vertex 137.898 -46.7765 8
    endloop
  endfacet
  facet normal 0 0 1
    outer loop
      vertex 135 0 8
      vertex 136.826 -0.61994 8
      vertex 136.5 -0.401923 8
    endloop
  endfacet
  facet normal 0 0 1
    outer loop
      vertex 137.772 -47.148 8
      vertex 135 -49 8
      vertex 137.598 -47.5 8
    endloop
  endfacet
  facet normal 0 0 1
    outer loop
      vertex 135 0 8
      vertex 136.5 -0.401923 8
      vertex 136.148 -0.228361 8
    endloop
  endfacet
  facet normal 0 0 1
    outer loop
      vertex 137.598 -47.5 8
      vertex 135 -49 8
      vertex 137.38 -47.8263 8
    endloop
  endfacet
  facet normal 0 0 1
    outer loop
      vertex 135 0 8
      vertex 136.148 -0.228361 8
      vertex 135.776 -0.102222 8
    endloop
  endfacet
  facet normal 0 0 1
    outer loop
      vertex 137.38 -47.8263 8
      vertex 135 -49 8
      vertex 137.121 -48.1213 8
    endloop
  endfacet
  facet normal 0 0 1
    outer loop
      vertex 135 0 8
      vertex 135.776 -0.102222 8
      vertex 135.392 -0.0256653 8
    endloop
  endfacet
  facet normal 0 0 1
    outer loop
      vertex 137.121 -48.1213 8
      vertex 135 -49 8
      vertex 136.826 -48.3801 8
    endloop
  endfacet
  facet normal 0 0 1
    outer loop
      vertex 138 -3 8
      vertex 135 0 8
      vertex 123.685 -8.2781 8
    endloop
  endfacet
  facet normal 0 0 1
    outer loop
      vertex 136.826 -48.3801 8
      vertex 135 -49 8
      vertex 136.5 -48.5981 8
    endloop
  endfacet
  facet normal 0 0 1
    outer loop
      vertex 136.5 -48.5981 8
      vertex 135 -49 8
      vertex 136.148 -48.7716 8
    endloop
  endfacet
  facet normal 0 0 1
    outer loop
      vertex 138 -3 8
      vertex 123.846 -22.1505 8
      vertex 124 -24.5 8
    endloop
  endfacet
  facet normal 0 0 1
    outer loop
      vertex 138 -3 8
      vertex 123.7 -8.5 8
      vertex 123.685 -8.72189 8
    endloop
  endfacet
  facet normal 0 0 1
    outer loop
      vertex 138 -3 8
      vertex 123.685 -8.2781 8
      vertex 123.7 -8.5 8
    endloop
  endfacet
  facet normal 0 0 1
    outer loop
      vertex 135 0 8
      vertex 123.642 -8.06001 8
      vertex 123.685 -8.2781 8
    endloop
  endfacet
  facet normal 0 0 1
    outer loop
      vertex 135 0 8
      vertex 123.571 -7.84944 8
      vertex 123.642 -8.06001 8
    endloop
  endfacet
  facet normal 0 0 1
    outer loop
      vertex 135 0 8
      vertex 123.472 -7.65 8
      vertex 123.571 -7.84944 8
    endloop
  endfacet
  facet normal 0 0 1
    outer loop
      vertex 135 0 8
      vertex 123.349 -7.46511 8
      vertex 123.472 -7.65 8
    endloop
  endfacet
  facet normal 0 0 1
    outer loop
      vertex 135 0 8
      vertex 123.202 -7.29792 8
      vertex 123.349 -7.46511 8
    endloop
  endfacet
  facet normal 0 0 1
    outer loop
      vertex 135 0 8
      vertex 123.035 -7.1513 8
      vertex 123.202 -7.29792 8
    endloop
  endfacet
  facet normal 0 0 1
    outer loop
      vertex 135 0 8
      vertex 122.85 -7.02776 8
      vertex 123.035 -7.1513 8
    endloop
  endfacet
  facet normal 0 0 1
    outer loop
      vertex 135 0 8
      vertex 122.651 -6.9294 8
      vertex 122.85 -7.02776 8
    endloop
  endfacet
  facet normal 0 0 1
    outer loop
      vertex 135 0 8
      vertex 122.44 -6.85793 8
      vertex 122.651 -6.9294 8
    endloop
  endfacet
  facet normal 0 0 1
    outer loop
      vertex 135 0 8
      vertex 122.222 -6.81454 8
      vertex 122.44 -6.85793 8
    endloop
  endfacet
  facet normal 0 0 1
    outer loop
      vertex 135 0 8
      vertex 122 -6.8 8
      vertex 122.222 -6.81454 8
    endloop
  endfacet
  facet normal 0 0 1
    outer loop
      vertex 135 0 8
      vertex 121.778 -6.81454 8
      vertex 122 -6.8 8
    endloop
  endfacet
  facet normal 0 0 1
    outer loop
      vertex 135 0 8
      vertex 121.56 -6.85793 8
      vertex 121.778 -6.81454 8
    endloop
  endfacet
  facet normal 0 0 1
    outer loop
      vertex 110.659 -7.11333 8
      vertex 121.56 -6.85793 8
      vertex 135 0 8
    endloop
  endfacet
  facet normal 0 0 1
    outer loop
      vertex 121.56 -6.85793 8
      vertex 110.659 -7.11333 8
      vertex 121.349 -6.9294 8
    endloop
  endfacet
  facet normal 0 0 1
    outer loop
      vertex 121.349 -10.0706 8
      vertex 118.728 -11.7721 8
      vertex 120.28 -13.5423 8
    endloop
  endfacet
  facet normal 0 0 1
    outer loop
      vertex 116.958 -10.2196 8
      vertex 120.3 -8.5 8
      vertex 120.315 -8.2781 8
    endloop
  endfacet
  facet normal 0 0 1
    outer loop
      vertex 116.958 -10.2196 8
      vertex 120.315 -8.2781 8
      vertex 120.358 -8.06001 8
    endloop
  endfacet
  facet normal 0 0 1
    outer loop
      vertex 115 -8.91154 8
      vertex 120.358 -8.06001 8
      vertex 120.429 -7.84944 8
    endloop
  endfacet
  facet normal 0 0 1
    outer loop
      vertex 120.315 -8.72189 8
      vertex 116.958 -10.2196 8
      vertex 118.728 -11.7721 8
    endloop
  endfacet
  facet normal 0 0 1
    outer loop
      vertex 115 -8.91154 8
      vertex 120.429 -7.84944 8
      vertex 120.528 -7.65 8
    endloop
  endfacet
  facet normal 0 0 1
    outer loop
      vertex 115 -8.91154 8
      vertex 120.528 -7.65 8
      vertex 120.651 -7.46511 8
    endloop
  endfacet
  facet normal 0 0 1
    outer loop
      vertex 115 -8.91154 8
      vertex 120.651 -7.46511 8
      vertex 120.798 -7.29792 8
    endloop
  endfacet
  facet normal 0 0 1
    outer loop
      vertex 112.888 -7.87017 8
      vertex 120.798 -7.29792 8
      vertex 120.965 -7.1513 8
    endloop
  endfacet
  facet normal 0 0 1
    outer loop
      vertex 120.358 -8.06001 8
      vertex 115 -8.91154 8
      vertex 116.958 -10.2196 8
    endloop
  endfacet
  facet normal 0 0 1
    outer loop
      vertex 112.888 -7.87017 8
      vertex 120.965 -7.1513 8
      vertex 121.15 -7.02776 8
    endloop
  endfacet
  facet normal 0 -0 1
    outer loop
      vertex 112.888 -7.87017 8
      vertex 121.349 -6.9294 8
      vertex 110.659 -7.11333 8
    endloop
  endfacet
  facet normal 0 0 1
    outer loop
      vertex 120.798 -7.29792 8
      vertex 112.888 -7.87017 8
      vertex 115 -8.91154 8
    endloop
  endfacet
  facet normal 0 0 1
    outer loop
      vertex 121.349 -6.9294 8
      vertex 112.888 -7.87017 8
      vertex 121.15 -7.02776 8
    endloop
  endfacet
  facet normal 0 0 1
    outer loop
      vertex 135 0 8
      vertex 108.349 -6.65399 8
      vertex 110.659 -7.11333 8
    endloop
  endfacet
  facet normal 0 0 1
    outer loop
      vertex 135 0 8
      vertex 106 -6.5 8
      vertex 108.349 -6.65399 8
    endloop
  endfacet
  facet normal -0 0 1
    outer loop
      vertex 77 0 8
      vertex 106 -6.5 8
      vertex 135 0 8
    endloop
  endfacet
  facet normal 0 0 1
    outer loop
      vertex 106 -6.5 8
      vertex 77 0 8
      vertex 103.651 -6.65399 8
    endloop
  endfacet
  facet normal -0 0 1
    outer loop
      vertex 91.6421 -8.93999 8
      vertex 95.0423 -10.2196 8
      vertex 91.6855 -8.72189 8
    endloop
  endfacet
  facet normal -0 0 1
    outer loop
      vertex 91.6855 -8.72189 8
      vertex 95.0423 -10.2196 8
      vertex 91.7 -8.5 8
    endloop
  endfacet
  facet normal 0 0 1
    outer loop
      vertex 91.6421 -8.06001 8
      vertex 95.0423 -10.2196 8
      vertex 97 -8.91154 8
    endloop
  endfacet
  facet normal 0 0 1
    outer loop
      vertex 91.2021 -7.29792 8
      vertex 97 -8.91154 8
      vertex 99.1117 -7.87017 8
    endloop
  endfacet
  facet normal 0 0 1
    outer loop
      vertex 90.6506 -6.9294 8
      vertex 99.1117 -7.87017 8
      vertex 101.341 -7.11333 8
    endloop
  endfacet
  facet normal 0 0 1
    outer loop
      vertex 103.651 -6.65399 8
      vertex 77 0 8
      vertex 101.341 -7.11333 8
    endloop
  endfacet
  facet normal 0 0 1
    outer loop
      vertex 95.0423 -10.2196 8
      vertex 91.6855 -8.2781 8
      vertex 91.7 -8.5 8
    endloop
  endfacet
  facet normal 0 0 1
    outer loop
      vertex 95.0423 -10.2196 8
      vertex 91.6421 -8.06001 8
      vertex 91.6855 -8.2781 8
    endloop
  endfacet
  facet normal 0 0 1
    outer loop
      vertex 97 -8.91154 8
      vertex 91.5706 -7.84944 8
      vertex 91.6421 -8.06001 8
    endloop
  endfacet
  facet normal 0 0 1
    outer loop
      vertex 97 -8.91154 8
      vertex 91.4722 -7.65 8
      vertex 91.5706 -7.84944 8
    endloop
  endfacet
  facet normal 0 0 1
    outer loop
      vertex 97 -8.91154 8
      vertex 91.3487 -7.46511 8
      vertex 91.4722 -7.65 8
    endloop
  endfacet
  facet normal 0 0 1
    outer loop
      vertex 97 -8.91154 8
      vertex 91.2021 -7.29792 8
      vertex 91.3487 -7.46511 8
    endloop
  endfacet
  facet normal 0 0 1
    outer loop
      vertex 99.1117 -7.87017 8
      vertex 91.0349 -7.1513 8
      vertex 91.2021 -7.29792 8
    endloop
  endfacet
  facet normal 0 0 1
    outer loop
      vertex 99.1117 -7.87017 8
      vertex 90.85 -7.02776 8
      vertex 91.0349 -7.1513 8
    endloop
  endfacet
  facet normal 0 0 1
    outer loop
      vertex 99.1117 -7.87017 8
      vertex 90.6506 -6.9294 8
      vertex 90.85 -7.02776 8
    endloop
  endfacet
  facet normal 0 0 1
    outer loop
      vertex 101.341 -7.11333 8
      vertex 90.44 -6.85793 8
      vertex 90.6506 -6.9294 8
    endloop
  endfacet
  facet normal 0 0 1
    outer loop
      vertex 101.341 -7.11333 8
      vertex 77 0 8
      vertex 90.44 -6.85793 8
    endloop
  endfacet
  facet normal 0 0 1
    outer loop
      vertex 90.44 -6.85793 8
      vertex 77 0 8
      vertex 90.2219 -6.81454 8
    endloop
  endfacet
  facet normal 0 0 1
    outer loop
      vertex 90.2219 -6.81454 8
      vertex 77 0 8
      vertex 90 -6.8 8
    endloop
  endfacet
  facet normal 0 0 1
    outer loop
      vertex 88.6133 -19.8413 8
      vertex 74 -3 8
      vertex 88.154 -22.1505 8
    endloop
  endfacet
  facet normal 0 0 1
    outer loop
      vertex 88.3145 -8.2781 8
      vertex 74 -3 8
      vertex 88.3 -8.5 8
    endloop
  endfacet
  facet normal -0 0 1
    outer loop
      vertex 74 -3 8
      vertex 88.3145 -8.2781 8
      vertex 77 0 8
    endloop
  endfacet
  facet normal 0 0 1
    outer loop
      vertex 88.3579 -8.06001 8
      vertex 77 0 8
      vertex 88.3145 -8.2781 8
    endloop
  endfacet
  facet normal 0 0 1
    outer loop
      vertex 88.4294 -7.84944 8
      vertex 77 0 8
      vertex 88.3579 -8.06001 8
    endloop
  endfacet
  facet normal 0 0 1
    outer loop
      vertex 88.5278 -7.65 8
      vertex 77 0 8
      vertex 88.4294 -7.84944 8
    endloop
  endfacet
  facet normal 0 0 1
    outer loop
      vertex 88.6513 -7.46511 8
      vertex 77 0 8
      vertex 88.5278 -7.65 8
    endloop
  endfacet
  facet normal 0 0 1
    outer loop
      vertex 88.7979 -7.29792 8
      vertex 77 0 8
      vertex 88.6513 -7.46511 8
    endloop
  endfacet
  facet normal 0 0 1
    outer loop
      vertex 88.9651 -7.1513 8
      vertex 77 0 8
      vertex 88.7979 -7.29792 8
    endloop
  endfacet
  facet normal 0 0 1
    outer loop
      vertex 89.15 -7.02776 8
      vertex 77 0 8
      vertex 88.9651 -7.1513 8
    endloop
  endfacet
  facet normal 0 0 1
    outer loop
      vertex 89.3494 -6.9294 8
      vertex 77 0 8
      vertex 89.15 -7.02776 8
    endloop
  endfacet
  facet normal 0 0 1
    outer loop
      vertex 89.56 -6.85793 8
      vertex 77 0 8
      vertex 89.3494 -6.9294 8
    endloop
  endfacet
  facet normal 0 0 1
    outer loop
      vertex 89.7781 -6.81454 8
      vertex 77 0 8
      vertex 89.56 -6.85793 8
    endloop
  endfacet
  facet normal 0 0 1
    outer loop
      vertex 90 -6.8 8
      vertex 77 0 8
      vertex 89.7781 -6.81454 8
    endloop
  endfacet
  facet normal 0 0 1
    outer loop
      vertex 136.148 -48.7716 8
      vertex 135 -49 8
      vertex 135.776 -48.8978 8
    endloop
  endfacet
  facet normal 0 0 1
    outer loop
      vertex 135.776 -48.8978 8
      vertex 135 -49 8
      vertex 135.392 -48.9743 8
    endloop
  endfacet
  facet normal 0 0 1
    outer loop
      vertex 137.898 -46.7765 8
      vertex 135 -49 8
      vertex 137.772 -47.148 8
    endloop
  endfacet
  facet normal -0 0 1
    outer loop
      vertex 123.642 -40.94 8
      vertex 135 -49 8
      vertex 123.685 -40.7219 8
    endloop
  endfacet
  facet normal -0 0 1
    outer loop
      vertex 123.571 -41.1506 8
      vertex 135 -49 8
      vertex 123.642 -40.94 8
    endloop
  endfacet
  facet normal -0 0 1
    outer loop
      vertex 123.472 -41.35 8
      vertex 135 -49 8
      vertex 123.571 -41.1506 8
    endloop
  endfacet
  facet normal -0 0 1
    outer loop
      vertex 123.349 -41.5349 8
      vertex 135 -49 8
      vertex 123.472 -41.35 8
    endloop
  endfacet
  facet normal -0 0 1
    outer loop
      vertex 123.202 -41.7021 8
      vertex 135 -49 8
      vertex 123.349 -41.5349 8
    endloop
  endfacet
  facet normal -0 0 1
    outer loop
      vertex 123.035 -41.8487 8
      vertex 135 -49 8
      vertex 123.202 -41.7021 8
    endloop
  endfacet
  facet normal -0 0 1
    outer loop
      vertex 122.85 -41.9722 8
      vertex 135 -49 8
      vertex 123.035 -41.8487 8
    endloop
  endfacet
  facet normal -0 0 1
    outer loop
      vertex 122.651 -42.0706 8
      vertex 135 -49 8
      vertex 122.85 -41.9722 8
    endloop
  endfacet
  facet normal -0 0 1
    outer loop
      vertex 122.44 -42.1421 8
      vertex 135 -49 8
      vertex 122.651 -42.0706 8
    endloop
  endfacet
  facet normal -0 0 1
    outer loop
      vertex 122.222 -42.1855 8
      vertex 135 -49 8
      vertex 122.44 -42.1421 8
    endloop
  endfacet
  facet normal -0 0 1
    outer loop
      vertex 122 -42.2 8
      vertex 135 -49 8
      vertex 122.222 -42.1855 8
    endloop
  endfacet
  facet normal 0 0 1
    outer loop
      vertex 121.778 -42.1855 8
      vertex 135 -49 8
      vertex 122 -42.2 8
    endloop
  endfacet
  facet normal 0 0 1
    outer loop
      vertex 121.56 -42.1421 8
      vertex 135 -49 8
      vertex 121.778 -42.1855 8
    endloop
  endfacet
  facet normal 0 0 1
    outer loop
      vertex 110.659 -41.8867 8
      vertex 121.56 -42.1421 8
      vertex 121.349 -42.0706 8
    endloop
  endfacet
  facet normal 0 0 1
    outer loop
      vertex 112.888 -41.1298 8
      vertex 121.349 -42.0706 8
      vertex 121.15 -41.9722 8
    endloop
  endfacet
  facet normal 0 0 1
    outer loop
      vertex 120.358 -40.06 8
      vertex 116.958 -38.7804 8
      vertex 120.315 -40.2781 8
    endloop
  endfacet
  facet normal 0 0 1
    outer loop
      vertex 120.315 -40.2781 8
      vertex 116.958 -38.7804 8
      vertex 120.3 -40.5 8
    endloop
  endfacet
  facet normal 0 0 1
    outer loop
      vertex 120.3 -40.5 8
      vertex 116.958 -38.7804 8
      vertex 120.315 -40.7219 8
    endloop
  endfacet
  facet normal 0 0 1
    outer loop
      vertex 120.315 -40.7219 8
      vertex 116.958 -38.7804 8
      vertex 120.358 -40.94 8
    endloop
  endfacet
  facet normal -0 0 1
    outer loop
      vertex 115 -40.0885 8
      vertex 120.358 -40.94 8
      vertex 116.958 -38.7804 8
    endloop
  endfacet
  facet normal 0 0 1
    outer loop
      vertex 120.358 -40.94 8
      vertex 115 -40.0885 8
      vertex 120.429 -41.1506 8
    endloop
  endfacet
  facet normal 0 0 1
    outer loop
      vertex 120.429 -41.1506 8
      vertex 115 -40.0885 8
      vertex 120.528 -41.35 8
    endloop
  endfacet
  facet normal 0 0 1
    outer loop
      vertex 120.528 -41.35 8
      vertex 115 -40.0885 8
      vertex 120.651 -41.5349 8
    endloop
  endfacet
  facet normal 0 0 1
    outer loop
      vertex 120.651 -41.5349 8
      vertex 115 -40.0885 8
      vertex 120.798 -41.7021 8
    endloop
  endfacet
  facet normal -0 0 1
    outer loop
      vertex 112.888 -41.1298 8
      vertex 120.798 -41.7021 8
      vertex 115 -40.0885 8
    endloop
  endfacet
  facet normal 0 0 1
    outer loop
      vertex 120.798 -41.7021 8
      vertex 112.888 -41.1298 8
      vertex 120.965 -41.8487 8
    endloop
  endfacet
  facet normal 0 0 1
    outer loop
      vertex 120.965 -41.8487 8
      vertex 112.888 -41.1298 8
      vertex 121.15 -41.9722 8
    endloop
  endfacet
  facet normal 0 0 1
    outer loop
      vertex 121.349 -42.0706 8
      vertex 112.888 -41.1298 8
      vertex 110.659 -41.8867 8
    endloop
  endfacet
  facet normal 0 0 1
    outer loop
      vertex 121.56 -42.1421 8
      vertex 110.659 -41.8867 8
      vertex 135 -49 8
    endloop
  endfacet
  facet normal -0 0 1
    outer loop
      vertex 108.349 -42.346 8
      vertex 135 -49 8
      vertex 110.659 -41.8867 8
    endloop
  endfacet
  facet normal -0 0 1
    outer loop
      vertex 106 -42.5 8
      vertex 135 -49 8
      vertex 108.349 -42.346 8
    endloop
  endfacet
  facet normal 0 0 1
    outer loop
      vertex 77 -49 8
      vertex 106 -42.5 8
      vertex 103.651 -42.346 8
    endloop
  endfacet
  facet normal 0 0 1
    outer loop
      vertex 77 -49 8
      vertex 103.651 -42.346 8
      vertex 101.341 -41.8867 8
    endloop
  endfacet
  facet normal 0 0 1
    outer loop
      vertex 90.6506 -38.9294 8
      vertex 93.2721 -37.2279 8
      vertex 91.7196 -35.4577 8
    endloop
  endfacet
  facet normal 0 0 1
    outer loop
      vertex 91.6855 -40.2781 8
      vertex 95.0423 -38.7804 8
      vertex 93.2721 -37.2279 8
    endloop
  endfacet
  facet normal 0 0 1
    outer loop
      vertex 91.6855 -40.7219 8
      vertex 95.0423 -38.7804 8
      vertex 91.7 -40.5 8
    endloop
  endfacet
  facet normal 0 0 1
    outer loop
      vertex 91.6421 -40.94 8
      vertex 95.0423 -38.7804 8
      vertex 91.6855 -40.7219 8
    endloop
  endfacet
  facet normal 0 0 1
    outer loop
      vertex 95.0423 -38.7804 8
      vertex 91.6421 -40.94 8
      vertex 97 -40.0885 8
    endloop
  endfacet
  facet normal 0 0 1
    outer loop
      vertex 91.5706 -41.1506 8
      vertex 97 -40.0885 8
      vertex 91.6421 -40.94 8
    endloop
  endfacet
  facet normal 0 0 1
    outer loop
      vertex 91.4722 -41.35 8
      vertex 97 -40.0885 8
      vertex 91.5706 -41.1506 8
    endloop
  endfacet
  facet normal 0 0 1
    outer loop
      vertex 91.3487 -41.5349 8
      vertex 97 -40.0885 8
      vertex 91.4722 -41.35 8
    endloop
  endfacet
  facet normal 0 0 1
    outer loop
      vertex 91.2021 -41.7021 8
      vertex 97 -40.0885 8
      vertex 91.3487 -41.5349 8
    endloop
  endfacet
  facet normal 0 0 1
    outer loop
      vertex 97 -40.0885 8
      vertex 91.2021 -41.7021 8
      vertex 99.1117 -41.1298 8
    endloop
  endfacet
  facet normal 0 0 1
    outer loop
      vertex 91.0349 -41.8487 8
      vertex 99.1117 -41.1298 8
      vertex 91.2021 -41.7021 8
    endloop
  endfacet
  facet normal 0 0 1
    outer loop
      vertex 90.85 -41.9722 8
      vertex 99.1117 -41.1298 8
      vertex 91.0349 -41.8487 8
    endloop
  endfacet
  facet normal 0 0 1
    outer loop
      vertex 90.6506 -42.0706 8
      vertex 99.1117 -41.1298 8
      vertex 90.85 -41.9722 8
    endloop
  endfacet
  facet normal 0 0 1
    outer loop
      vertex 99.1117 -41.1298 8
      vertex 90.6506 -42.0706 8
      vertex 101.341 -41.8867 8
    endloop
  endfacet
  facet normal 0 0 1
    outer loop
      vertex 90.44 -42.1421 8
      vertex 101.341 -41.8867 8
      vertex 90.6506 -42.0706 8
    endloop
  endfacet
  facet normal 0 0 1
    outer loop
      vertex 77 -49 8
      vertex 101.341 -41.8867 8
      vertex 90.44 -42.1421 8
    endloop
  endfacet
  facet normal 0 0 1
    outer loop
      vertex 77 -49 8
      vertex 90.44 -42.1421 8
      vertex 90.2219 -42.1855 8
    endloop
  endfacet
  facet normal 0 0 1
    outer loop
      vertex 77 -49 8
      vertex 90.2219 -42.1855 8
      vertex 90 -42.2 8
    endloop
  endfacet
  facet normal 0 0 1
    outer loop
      vertex 77 -49 8
      vertex 90 -42.2 8
      vertex 89.7781 -42.1855 8
    endloop
  endfacet
  facet normal 0 0 1
    outer loop
      vertex 74 -46 8
      vertex 88.154 -26.8495 8
      vertex 88 -24.5 8
    endloop
  endfacet
  facet normal 0 0 1
    outer loop
      vertex 88.154 -22.1505 8
      vertex 74 -3 8
      vertex 88 -24.5 8
    endloop
  endfacet
  facet normal 0 0 1
    outer loop
      vertex 74 -46 8
      vertex 88 -24.5 8
      vertex 74 -3 8
    endloop
  endfacet
  facet normal 0 0 1
    outer loop
      vertex 88.3145 -40.2781 8
      vertex 74 -46 8
      vertex 88.3 -40.5 8
    endloop
  endfacet
  facet normal 0 0 1
    outer loop
      vertex 106 -42.5 8
      vertex 77 -49 8
      vertex 135 -49 8
    endloop
  endfacet
  facet normal 0 0 1
    outer loop
      vertex 89.56 -42.1421 8
      vertex 77 -49 8
      vertex 89.7781 -42.1855 8
    endloop
  endfacet
  facet normal 0 0 1
    outer loop
      vertex 89.3494 -42.0706 8
      vertex 77 -49 8
      vertex 89.56 -42.1421 8
    endloop
  endfacet
  facet normal 0 0 1
    outer loop
      vertex 89.15 -41.9722 8
      vertex 77 -49 8
      vertex 89.3494 -42.0706 8
    endloop
  endfacet
  facet normal 0 0 1
    outer loop
      vertex 88.9651 -41.8487 8
      vertex 77 -49 8
      vertex 89.15 -41.9722 8
    endloop
  endfacet
  facet normal 0 0 1
    outer loop
      vertex 88.7979 -41.7021 8
      vertex 77 -49 8
      vertex 88.9651 -41.8487 8
    endloop
  endfacet
  facet normal 0 0 1
    outer loop
      vertex 88.6513 -41.5349 8
      vertex 77 -49 8
      vertex 88.7979 -41.7021 8
    endloop
  endfacet
  facet normal 0 0 1
    outer loop
      vertex 88.5278 -41.35 8
      vertex 77 -49 8
      vertex 88.6513 -41.5349 8
    endloop
  endfacet
  facet normal 0 0 1
    outer loop
      vertex 88.4294 -41.1506 8
      vertex 77 -49 8
      vertex 88.5278 -41.35 8
    endloop
  endfacet
  facet normal 0 0 1
    outer loop
      vertex 88.3579 -40.94 8
      vertex 77 -49 8
      vertex 88.4294 -41.1506 8
    endloop
  endfacet
  facet normal 0 0 1
    outer loop
      vertex 88.3 -40.5 8
      vertex 74 -46 8
      vertex 88.3145 -40.7219 8
    endloop
  endfacet
  facet normal 0 0 1
    outer loop
      vertex 74 -3 8
      vertex 77 0 8
      vertex 76.6084 -0.0256653 8
    endloop
  endfacet
  facet normal 0 -0 1
    outer loop
      vertex 77 -49 8
      vertex 88.3145 -40.7219 8
      vertex 74 -46 8
    endloop
  endfacet
  facet normal 0 0 1
    outer loop
      vertex 74 -3 8
      vertex 76.6084 -0.0256653 8
      vertex 76.2235 -0.102222 8
    endloop
  endfacet
  facet normal 0 0 1
    outer loop
      vertex 88.3145 -40.7219 8
      vertex 77 -49 8
      vertex 88.3579 -40.94 8
    endloop
  endfacet
  facet normal 0 0 1
    outer loop
      vertex 74 -3 8
      vertex 76.2235 -0.102222 8
      vertex 75.852 -0.228361 8
    endloop
  endfacet
  facet normal 0 0 1
    outer loop
      vertex 77 -49 8
      vertex 74 -46 8
      vertex 76.6084 -48.9743 8
    endloop
  endfacet
  facet normal 0 0 1
    outer loop
      vertex 74 -3 8
      vertex 75.852 -0.228361 8
      vertex 75.5 -0.401923 8
    endloop
  endfacet
  facet normal 0 0 1
    outer loop
      vertex 76.6084 -48.9743 8
      vertex 74 -46 8
      vertex 76.2235 -48.8978 8
    endloop
  endfacet
  facet normal 0 0 1
    outer loop
      vertex 74 -3 8
      vertex 75.5 -0.401923 8
      vertex 75.1737 -0.61994 8
    endloop
  endfacet
  facet normal 0 0 1
    outer loop
      vertex 76.2235 -48.8978 8
      vertex 74 -46 8
      vertex 75.852 -48.7716 8
    endloop
  endfacet
  facet normal 0 0 1
    outer loop
      vertex 74 -3 8
      vertex 75.1737 -0.61994 8
      vertex 74.8787 -0.878679 8
    endloop
  endfacet
  facet normal 0 0 1
    outer loop
      vertex 75.852 -48.7716 8
      vertex 74 -46 8
      vertex 75.5 -48.5981 8
    endloop
  endfacet
  facet normal 0 0 1
    outer loop
      vertex 74 -3 8
      vertex 74.8787 -0.878679 8
      vertex 74.6199 -1.17372 8
    endloop
  endfacet
  facet normal 0 0 1
    outer loop
      vertex 75.5 -48.5981 8
      vertex 74 -46 8
      vertex 75.1737 -48.3801 8
    endloop
  endfacet
  facet normal 0 0 1
    outer loop
      vertex 74 -3 8
      vertex 74.6199 -1.17372 8
      vertex 74.4019 -1.5 8
    endloop
  endfacet
  facet normal 0 0 1
    outer loop
      vertex 75.1737 -48.3801 8
      vertex 74 -46 8
      vertex 74.8787 -48.1213 8
    endloop
  endfacet
  facet normal 0 0 1
    outer loop
      vertex 74 -3 8
      vertex 74.4019 -1.5 8
      vertex 74.2284 -1.85195 8
    endloop
  endfacet
  facet normal 0 0 1
    outer loop
      vertex 74.8787 -48.1213 8
      vertex 74 -46 8
      vertex 74.6199 -47.8263 8
    endloop
  endfacet
  facet normal 0 0 1
    outer loop
      vertex 74 -3 8
      vertex 74.2284 -1.85195 8
      vertex 74.1022 -2.22354 8
    endloop
  endfacet
  facet normal 0 0 1
    outer loop
      vertex 74.6199 -47.8263 8
      vertex 74 -46 8
      vertex 74.4019 -47.5 8
    endloop
  endfacet
  facet normal 0 0 1
    outer loop
      vertex 74 -3 8
      vertex 74.1022 -2.22354 8
      vertex 74.0257 -2.60842 8
    endloop
  endfacet
  facet normal 0 0 1
    outer loop
      vertex 74.4019 -47.5 8
      vertex 74 -46 8
      vertex 74.2284 -47.148 8
    endloop
  endfacet
  facet normal 0 0 1
    outer loop
      vertex 74.2284 -47.148 8
      vertex 74 -46 8
      vertex 74.1022 -46.7765 8
    endloop
  endfacet
  facet normal 0 0 1
    outer loop
      vertex 74.1022 -46.7765 8
      vertex 74 -46 8
      vertex 74.0257 -46.3916 8
    endloop
  endfacet
  facet normal 0 0 1
    outer loop
      vertex 138 -3 8
      vertex 123.685 -8.72189 8
      vertex 123.642 -8.93999 8
    endloop
  endfacet
  facet normal 0 0 1
    outer loop
      vertex 138 -3 8
      vertex 123.642 -8.93999 8
      vertex 123.571 -9.15056 8
    endloop
  endfacet
  facet normal 0 0 1
    outer loop
      vertex 122.63 -17.6117 8
      vertex 138 -3 8
      vertex 123.571 -9.15056 8
    endloop
  endfacet
  facet normal 0 0 1
    outer loop
      vertex 122.63 -17.6117 8
      vertex 123.571 -9.15056 8
      vertex 123.472 -9.35 8
    endloop
  endfacet
  facet normal 0 0 1
    outer loop
      vertex 138 -3 8
      vertex 123.387 -19.8413 8
      vertex 123.846 -22.1505 8
    endloop
  endfacet
  facet normal 0 0 1
    outer loop
      vertex 122.63 -17.6117 8
      vertex 123.472 -9.35 8
      vertex 123.349 -9.53489 8
    endloop
  endfacet
  facet normal 0 0 1
    outer loop
      vertex 122.63 -17.6117 8
      vertex 123.349 -9.53489 8
      vertex 123.202 -9.70208 8
    endloop
  endfacet
  facet normal 0 0 1
    outer loop
      vertex 121.588 -15.5 8
      vertex 123.202 -9.70208 8
      vertex 123.035 -9.8487 8
    endloop
  endfacet
  facet normal 0 0 1
    outer loop
      vertex 121.588 -15.5 8
      vertex 123.035 -9.8487 8
      vertex 122.85 -9.97224 8
    endloop
  endfacet
  facet normal 0 0 1
    outer loop
      vertex 121.588 -15.5 8
      vertex 122.85 -9.97224 8
      vertex 122.651 -10.0706 8
    endloop
  endfacet
  facet normal 0 0 1
    outer loop
      vertex 138 -3 8
      vertex 122.63 -17.6117 8
      vertex 123.387 -19.8413 8
    endloop
  endfacet
  facet normal 0 0 1
    outer loop
      vertex 121.588 -15.5 8
      vertex 122.651 -10.0706 8
      vertex 122.44 -10.1421 8
    endloop
  endfacet
  facet normal 0 0 1
    outer loop
      vertex 120.28 -13.5423 8
      vertex 122.44 -10.1421 8
      vertex 122.222 -10.1855 8
    endloop
  endfacet
  facet normal 0 0 1
    outer loop
      vertex 120.28 -13.5423 8
      vertex 122.222 -10.1855 8
      vertex 122 -10.2 8
    endloop
  endfacet
  facet normal 0 0 1
    outer loop
      vertex 120.28 -13.5423 8
      vertex 122 -10.2 8
      vertex 121.778 -10.1855 8
    endloop
  endfacet
  facet normal 0 0 1
    outer loop
      vertex 123.202 -9.70208 8
      vertex 121.588 -15.5 8
      vertex 122.63 -17.6117 8
    endloop
  endfacet
  facet normal 0 0 1
    outer loop
      vertex 120.28 -13.5423 8
      vertex 121.778 -10.1855 8
      vertex 121.56 -10.1421 8
    endloop
  endfacet
  facet normal 0 0 1
    outer loop
      vertex 120.28 -13.5423 8
      vertex 121.56 -10.1421 8
      vertex 121.349 -10.0706 8
    endloop
  endfacet
  facet normal 0 0 1
    outer loop
      vertex 118.728 -11.7721 8
      vertex 121.349 -10.0706 8
      vertex 121.15 -9.97224 8
    endloop
  endfacet
  facet normal 0 0 1
    outer loop
      vertex 118.728 -11.7721 8
      vertex 121.15 -9.97224 8
      vertex 120.965 -9.8487 8
    endloop
  endfacet
  facet normal 0 0 1
    outer loop
      vertex 118.728 -11.7721 8
      vertex 120.965 -9.8487 8
      vertex 120.798 -9.70208 8
    endloop
  endfacet
  facet normal 0 0 1
    outer loop
      vertex 118.728 -11.7721 8
      vertex 120.798 -9.70208 8
      vertex 120.651 -9.53489 8
    endloop
  endfacet
  facet normal 0 0 1
    outer loop
      vertex 118.728 -11.7721 8
      vertex 120.651 -9.53489 8
      vertex 120.528 -9.35 8
    endloop
  endfacet
  facet normal 0 0 1
    outer loop
      vertex 118.728 -11.7721 8
      vertex 120.528 -9.35 8
      vertex 120.429 -9.15056 8
    endloop
  endfacet
  facet normal 0 0 1
    outer loop
      vertex 118.728 -11.7721 8
      vertex 120.429 -9.15056 8
      vertex 120.358 -8.93999 8
    endloop
  endfacet
  facet normal 0 0 1
    outer loop
      vertex 118.728 -11.7721 8
      vertex 120.358 -8.93999 8
      vertex 120.315 -8.72189 8
    endloop
  endfacet
  facet normal 0 0 1
    outer loop
      vertex 122.44 -10.1421 8
      vertex 120.28 -13.5423 8
      vertex 121.588 -15.5 8
    endloop
  endfacet
  facet normal 0 0 1
    outer loop
      vertex 116.958 -10.2196 8
      vertex 120.315 -8.72189 8
      vertex 120.3 -8.5 8
    endloop
  endfacet
  facet normal 0.321124 0.947037 -0
    outer loop
      vertex 136.148 -0.228361 0
      vertex 135.776 -0.102222 8
      vertex 136.148 -0.228361 8
    endloop
  endfacet
  facet normal 0.321124 0.947037 0
    outer loop
      vertex 135.776 -0.102222 8
      vertex 136.148 -0.228361 0
      vertex 135.776 -0.102222 0
    endloop
  endfacet
  facet normal 0.896455 -0.443134 -2.12625e-19
    outer loop
      vertex 137.598 -47.5 8
      vertex 137.772 -47.148 0
      vertex 137.772 -47.148 8
    endloop
  endfacet
  facet normal 0.896455 -0.443134 -2.12625e-19
    outer loop
      vertex 137.772 -47.148 0
      vertex 137.598 -47.5 8
      vertex 137.598 -47.5 0
    endloop
  endfacet
  facet normal 0.997803 0.0662518 -1.2152e-20
    outer loop
      vertex 138 -3 8
      vertex 137.974 -2.60842 0
      vertex 137.974 -2.60842 8
    endloop
  endfacet
  facet normal 0.997803 0.0662518 -1.2152e-20
    outer loop
      vertex 137.974 -2.60842 0
      vertex 138 -3 8
      vertex 138 -3 0
    endloop
  endfacet
  facet normal -0.555551 0.831483 0
    outer loop
      vertex 91.0349 -9.8487 6
      vertex 90.85 -9.97224 8
      vertex 91.0349 -9.8487 8
    endloop
  endfacet
  facet normal -0.555551 0.831483 0
    outer loop
      vertex 90.85 -9.97224 8
      vertex 91.0349 -9.8487 6
      vertex 90.85 -9.97224 6
    endloop
  endfacet
  facet normal -0.321484 0.946915 0
    outer loop
      vertex 90.6506 -10.0706 6
      vertex 90.44 -10.1421 8
      vertex 90.6506 -10.0706 8
    endloop
  endfacet
  facet normal -0.321484 0.946915 0
    outer loop
      vertex 90.44 -10.1421 8
      vertex 90.6506 -10.0706 6
      vertex 90.44 -10.1421 6
    endloop
  endfacet
  facet normal -0.831552 0.555447 1.3223e-18
    outer loop
      vertex 91.3487 -9.53489 6
      vertex 91.4722 -9.35 8
      vertex 91.4722 -9.35 6
    endloop
  endfacet
  facet normal -0.831552 0.555447 1.3223e-18
    outer loop
      vertex 91.4722 -9.35 8
      vertex 91.3487 -9.53489 6
      vertex 91.3487 -9.53489 8
    endloop
  endfacet
  facet normal -0.946901 0.321525 1.62158e-18
    outer loop
      vertex 91.5706 -9.15056 6
      vertex 91.6421 -8.93999 8
      vertex 91.6421 -8.93999 6
    endloop
  endfacet
  facet normal -0.946901 0.321525 1.62158e-18
    outer loop
      vertex 91.6421 -8.93999 8
      vertex 91.5706 -9.15056 6
      vertex 91.5706 -9.15056 8
    endloop
  endfacet
  facet normal -0.0653848 -0.99786 0
    outer loop
      vertex 90 -6.8 6
      vertex 90.2219 -6.81454 8
      vertex 90 -6.8 8
    endloop
  endfacet
  facet normal -0.0653848 -0.99786 -0
    outer loop
      vertex 90.2219 -6.81454 8
      vertex 90 -6.8 6
      vertex 90.2219 -6.81454 6
    endloop
  endfacet
  facet normal 0.997872 0.0652086 -8.37523e-20
    outer loop
      vertex 88.3145 -8.72189 8
      vertex 88.3 -8.5 6
      vertex 88.3 -8.5 8
    endloop
  endfacet
  facet normal 0.997872 0.0652086 -8.37523e-20
    outer loop
      vertex 88.3 -8.5 6
      vertex 88.3145 -8.72189 8
      vertex 88.3145 -8.72189 6
    endloop
  endfacet
  facet normal -0.997872 0.0652086 8.37523e-20
    outer loop
      vertex 91.6855 -8.72189 6
      vertex 91.7 -8.5 8
      vertex 91.7 -8.5 6
    endloop
  endfacet
  facet normal -0.997872 0.0652086 8.37523e-20
    outer loop
      vertex 91.7 -8.5 8
      vertex 91.6855 -8.72189 6
      vertex 91.6855 -8.72189 8
    endloop
  endfacet
  facet normal 0.980769 -0.195173 -1.56153e-18
    outer loop
      vertex 88.3145 -8.2781 8
      vertex 88.3579 -8.06001 6
      vertex 88.3579 -8.06001 8
    endloop
  endfacet
  facet normal 0.980769 -0.195173 -1.56153e-18
    outer loop
      vertex 88.3579 -8.06001 6
      vertex 88.3145 -8.2781 8
      vertex 88.3145 -8.2781 6
    endloop
  endfacet
  facet normal -0.659319 -0.751863 0
    outer loop
      vertex 91.0349 -7.1513 6
      vertex 91.2021 -7.29792 8
      vertex 91.0349 -7.1513 8
    endloop
  endfacet
  facet normal -0.659319 -0.751863 -0
    outer loop
      vertex 91.2021 -7.29792 8
      vertex 91.0349 -7.1513 6
      vertex 91.2021 -7.29792 6
    endloop
  endfacet
  facet normal -0.0652057 0.997872 0
    outer loop
      vertex 90.2219 -10.1855 6
      vertex 90 -10.2 8
      vertex 90.2219 -10.1855 8
    endloop
  endfacet
  facet normal -0.0652057 0.997872 0
    outer loop
      vertex 90 -10.2 8
      vertex 90.2219 -10.1855 6
      vertex 90 -10.2 6
    endloop
  endfacet
  facet normal -0.831552 -0.555447 3.48373e-18
    outer loop
      vertex 91.4722 -7.65 6
      vertex 91.3487 -7.46511 8
      vertex 91.3487 -7.46511 6
    endloop
  endfacet
  facet normal -0.831552 -0.555447 3.48373e-18
    outer loop
      vertex 91.3487 -7.46511 8
      vertex 91.4722 -7.65 6
      vertex 91.4722 -7.65 8
    endloop
  endfacet
  facet normal -0.98077 0.195165 -6.03019e-19
    outer loop
      vertex 91.6421 -8.93999 6
      vertex 91.6855 -8.72189 8
      vertex 91.6855 -8.72189 6
    endloop
  endfacet
  facet normal -0.98077 0.195165 -6.03019e-19
    outer loop
      vertex 91.6855 -8.72189 8
      vertex 91.6421 -8.93999 6
      vertex 91.6421 -8.93999 8
    endloop
  endfacet
  facet normal 0.946901 0.321525 -1.62158e-18
    outer loop
      vertex 88.4294 -9.15056 8
      vertex 88.3579 -8.93999 6
      vertex 88.3579 -8.93999 8
    endloop
  endfacet
  facet normal 0.946901 0.321525 -1.62158e-18
    outer loop
      vertex 88.3579 -8.93999 6
      vertex 88.4294 -9.15056 8
      vertex 88.4294 -9.15056 6
    endloop
  endfacet
  facet normal 0.896789 0.442459 -2.734e-18
    outer loop
      vertex 88.5278 -9.35 8
      vertex 88.4294 -9.15056 6
      vertex 88.4294 -9.15056 8
    endloop
  endfacet
  facet normal 0.896789 0.442459 -2.734e-18
    outer loop
      vertex 88.4294 -9.15056 6
      vertex 88.5278 -9.35 8
      vertex 88.5278 -9.35 6
    endloop
  endfacet
  facet normal 0.321484 0.946915 -0
    outer loop
      vertex 89.56 -10.1421 6
      vertex 89.3494 -10.0706 8
      vertex 89.56 -10.1421 8
    endloop
  endfacet
  facet normal 0.321484 0.946915 0
    outer loop
      vertex 89.3494 -10.0706 8
      vertex 89.56 -10.1421 6
      vertex 89.3494 -10.0706 6
    endloop
  endfacet
  facet normal 0.751888 0.659291 -7.15591e-19
    outer loop
      vertex 88.7979 -9.70208 8
      vertex 88.6513 -9.53489 6
      vertex 88.6513 -9.53489 8
    endloop
  endfacet
  facet normal 0.751888 0.659291 -7.15591e-19
    outer loop
      vertex 88.6513 -9.53489 6
      vertex 88.7979 -9.70208 8
      vertex 88.7979 -9.70208 6
    endloop
  endfacet
  facet normal -0.896789 0.442459 2.734e-18
    outer loop
      vertex 91.4722 -9.35 6
      vertex 91.5706 -9.15056 8
      vertex 91.5706 -9.15056 6
    endloop
  endfacet
  facet normal -0.896789 0.442459 2.734e-18
    outer loop
      vertex 91.5706 -9.15056 8
      vertex 91.4722 -9.35 6
      vertex 91.4722 -9.35 8
    endloop
  endfacet
  facet normal 0.442386 0.896825 -0
    outer loop
      vertex 89.3494 -10.0706 6
      vertex 89.15 -9.97224 8
      vertex 89.3494 -10.0706 8
    endloop
  endfacet
  facet normal 0.442386 0.896825 0
    outer loop
      vertex 89.15 -9.97224 8
      vertex 89.3494 -10.0706 6
      vertex 89.15 -9.97224 6
    endloop
  endfacet
  facet normal -0.195122 -0.980779 0
    outer loop
      vertex 90.2219 -6.81454 6
      vertex 90.44 -6.85793 8
      vertex 90.2219 -6.81454 8
    endloop
  endfacet
  facet normal -0.195122 -0.980779 -0
    outer loop
      vertex 90.44 -6.85793 8
      vertex 90.2219 -6.81454 6
      vertex 90.44 -6.85793 6
    endloop
  endfacet
  facet normal -0.751888 0.659291 7.15591e-19
    outer loop
      vertex 91.2021 -9.70208 6
      vertex 91.3487 -9.53489 8
      vertex 91.3487 -9.53489 6
    endloop
  endfacet
  facet normal -0.751888 0.659291 7.15591e-19
    outer loop
      vertex 91.3487 -9.53489 8
      vertex 91.2021 -9.70208 6
      vertex 91.2021 -9.70208 8
    endloop
  endfacet
  facet normal 0.0652057 0.997872 -0
    outer loop
      vertex 90 -10.2 6
      vertex 89.7781 -10.1855 8
      vertex 90 -10.2 8
    endloop
  endfacet
  facet normal 0.0652057 0.997872 0
    outer loop
      vertex 89.7781 -10.1855 8
      vertex 90 -10.2 6
      vertex 89.7781 -10.1855 6
    endloop
  endfacet
  facet normal 0.659319 0.751863 -0
    outer loop
      vertex 88.9651 -9.8487 6
      vertex 88.7979 -9.70208 8
      vertex 88.9651 -9.8487 8
    endloop
  endfacet
  facet normal 0.659319 0.751863 0
    outer loop
      vertex 88.7979 -9.70208 8
      vertex 88.9651 -9.8487 6
      vertex 88.7979 -9.70208 6
    endloop
  endfacet
  facet normal -0.980769 -0.195173 1.56153e-18
    outer loop
      vertex 91.6855 -8.2781 6
      vertex 91.6421 -8.06001 8
      vertex 91.6421 -8.06001 6
    endloop
  endfacet
  facet normal -0.980769 -0.195173 1.56153e-18
    outer loop
      vertex 91.6421 -8.06001 8
      vertex 91.6855 -8.2781 6
      vertex 91.6855 -8.2781 8
    endloop
  endfacet
  facet normal -0.997872 -0.0652057 -3.62688e-19
    outer loop
      vertex 91.7 -8.5 6
      vertex 91.6855 -8.2781 8
      vertex 91.6855 -8.2781 6
    endloop
  endfacet
  facet normal -0.997872 -0.0652057 -3.62688e-19
    outer loop
      vertex 91.6855 -8.2781 8
      vertex 91.7 -8.5 6
      vertex 91.7 -8.5 8
    endloop
  endfacet
  facet normal -0.946901 -0.321525 7.49864e-19
    outer loop
      vertex 91.6421 -8.06001 6
      vertex 91.5706 -7.84944 8
      vertex 91.5706 -7.84944 6
    endloop
  endfacet
  facet normal -0.946901 -0.321525 7.49864e-19
    outer loop
      vertex 91.5706 -7.84944 8
      vertex 91.6421 -8.06001 6
      vertex 91.6421 -8.06001 8
    endloop
  endfacet
  facet normal 0.555551 0.831483 -0
    outer loop
      vertex 89.15 -9.97224 6
      vertex 88.9651 -9.8487 8
      vertex 89.15 -9.97224 8
    endloop
  endfacet
  facet normal 0.555551 0.831483 0
    outer loop
      vertex 88.9651 -9.8487 8
      vertex 89.15 -9.97224 6
      vertex 88.9651 -9.8487 6
    endloop
  endfacet
  facet normal -0.195165 0.98077 0
    outer loop
      vertex 90.44 -10.1421 6
      vertex 90.2219 -10.1855 8
      vertex 90.44 -10.1421 8
    endloop
  endfacet
  facet normal -0.195165 0.98077 0
    outer loop
      vertex 90.2219 -10.1855 8
      vertex 90.44 -10.1421 6
      vertex 90.2219 -10.1855 6
    endloop
  endfacet
  facet normal -0.896789 -0.442459 3.58108e-18
    outer loop
      vertex 91.5706 -7.84944 6
      vertex 91.4722 -7.65 8
      vertex 91.4722 -7.65 6
    endloop
  endfacet
  facet normal -0.896789 -0.442459 3.58108e-18
    outer loop
      vertex 91.4722 -7.65 8
      vertex 91.5706 -7.84944 6
      vertex 91.5706 -7.84944 8
    endloop
  endfacet
  facet normal 0.195165 0.98077 -0
    outer loop
      vertex 89.7781 -10.1855 6
      vertex 89.56 -10.1421 8
      vertex 89.7781 -10.1855 8
    endloop
  endfacet
  facet normal 0.195165 0.98077 0
    outer loop
      vertex 89.56 -10.1421 8
      vertex 89.7781 -10.1855 6
      vertex 89.56 -10.1421 6
    endloop
  endfacet
  facet normal 0.946901 -0.321525 -7.49864e-19
    outer loop
      vertex 88.3579 -8.06001 8
      vertex 88.4294 -7.84944 6
      vertex 88.4294 -7.84944 8
    endloop
  endfacet
  facet normal 0.946901 -0.321525 -7.49864e-19
    outer loop
      vertex 88.4294 -7.84944 6
      vertex 88.3579 -8.06001 8
      vertex 88.3579 -8.06001 6
    endloop
  endfacet
  facet normal 0.442386 -0.896825 0
    outer loop
      vertex 89.15 -7.02776 6
      vertex 89.3494 -6.9294 8
      vertex 89.15 -7.02776 8
    endloop
  endfacet
  facet normal 0.442386 -0.896825 0
    outer loop
      vertex 89.3494 -6.9294 8
      vertex 89.15 -7.02776 6
      vertex 89.3494 -6.9294 6
    endloop
  endfacet
  facet normal 0.831552 0.555447 -1.3223e-18
    outer loop
      vertex 88.6513 -9.53489 8
      vertex 88.5278 -9.35 6
      vertex 88.5278 -9.35 8
    endloop
  endfacet
  facet normal 0.831552 0.555447 -1.3223e-18
    outer loop
      vertex 88.5278 -9.35 6
      vertex 88.6513 -9.53489 8
      vertex 88.6513 -9.53489 6
    endloop
  endfacet
  facet normal 0.751888 -0.659291 7.15591e-19
    outer loop
      vertex 88.6513 -7.46511 8
      vertex 88.7979 -7.29792 6
      vertex 88.7979 -7.29792 8
    endloop
  endfacet
  facet normal 0.751888 -0.659291 7.15591e-19
    outer loop
      vertex 88.7979 -7.29792 6
      vertex 88.6513 -7.46511 8
      vertex 88.6513 -7.46511 6
    endloop
  endfacet
  facet normal 0.195122 -0.980779 0
    outer loop
      vertex 89.56 -6.85793 6
      vertex 89.7781 -6.81454 8
      vertex 89.56 -6.85793 8
    endloop
  endfacet
  facet normal 0.195122 -0.980779 0
    outer loop
      vertex 89.7781 -6.81454 8
      vertex 89.56 -6.85793 6
      vertex 89.7781 -6.81454 6
    endloop
  endfacet
  facet normal 0.555551 -0.831483 0
    outer loop
      vertex 88.9651 -7.1513 6
      vertex 89.15 -7.02776 8
      vertex 88.9651 -7.1513 8
    endloop
  endfacet
  facet normal 0.555551 -0.831483 0
    outer loop
      vertex 89.15 -7.02776 8
      vertex 88.9651 -7.1513 6
      vertex 89.15 -7.02776 6
    endloop
  endfacet
  facet normal -0.442386 0.896825 0
    outer loop
      vertex 90.85 -9.97224 6
      vertex 90.6506 -10.0706 8
      vertex 90.85 -9.97224 8
    endloop
  endfacet
  facet normal -0.442386 0.896825 0
    outer loop
      vertex 90.6506 -10.0706 8
      vertex 90.85 -9.97224 6
      vertex 90.6506 -10.0706 6
    endloop
  endfacet
  facet normal -0.442386 -0.896825 0
    outer loop
      vertex 90.6506 -6.9294 6
      vertex 90.85 -7.02776 8
      vertex 90.6506 -6.9294 8
    endloop
  endfacet
  facet normal -0.442386 -0.896825 -0
    outer loop
      vertex 90.85 -7.02776 8
      vertex 90.6506 -6.9294 6
      vertex 90.85 -7.02776 6
    endloop
  endfacet
  facet normal 0.831552 -0.555447 -3.48373e-18
    outer loop
      vertex 88.5278 -7.65 8
      vertex 88.6513 -7.46511 6
      vertex 88.6513 -7.46511 8
    endloop
  endfacet
  facet normal 0.831552 -0.555447 -3.48373e-18
    outer loop
      vertex 88.6513 -7.46511 6
      vertex 88.5278 -7.65 8
      vertex 88.5278 -7.65 6
    endloop
  endfacet
  facet normal 0.98077 0.195165 6.03019e-19
    outer loop
      vertex 88.3579 -8.93999 8
      vertex 88.3145 -8.72189 6
      vertex 88.3145 -8.72189 8
    endloop
  endfacet
  facet normal 0.98077 0.195165 6.03019e-19
    outer loop
      vertex 88.3145 -8.72189 6
      vertex 88.3579 -8.93999 8
      vertex 88.3579 -8.93999 6
    endloop
  endfacet
  facet normal 0.0653848 -0.99786 0
    outer loop
      vertex 89.7781 -6.81454 6
      vertex 90 -6.8 8
      vertex 89.7781 -6.81454 8
    endloop
  endfacet
  facet normal 0.0653848 -0.99786 0
    outer loop
      vertex 90 -6.8 8
      vertex 89.7781 -6.81454 6
      vertex 90 -6.8 6
    endloop
  endfacet
  facet normal -0.659319 0.751863 0
    outer loop
      vertex 91.2021 -9.70208 6
      vertex 91.0349 -9.8487 8
      vertex 91.2021 -9.70208 8
    endloop
  endfacet
  facet normal -0.659319 0.751863 0
    outer loop
      vertex 91.0349 -9.8487 8
      vertex 91.2021 -9.70208 6
      vertex 91.0349 -9.8487 6
    endloop
  endfacet
  facet normal -0.321363 -0.946956 0
    outer loop
      vertex 90.44 -6.85793 6
      vertex 90.6506 -6.9294 8
      vertex 90.44 -6.85793 8
    endloop
  endfacet
  facet normal -0.321363 -0.946956 -0
    outer loop
      vertex 90.6506 -6.9294 8
      vertex 90.44 -6.85793 6
      vertex 90.6506 -6.9294 6
    endloop
  endfacet
  facet normal 0.997872 -0.0652057 3.62688e-19
    outer loop
      vertex 88.3 -8.5 8
      vertex 88.3145 -8.2781 6
      vertex 88.3145 -8.2781 8
    endloop
  endfacet
  facet normal 0.997872 -0.0652057 3.62688e-19
    outer loop
      vertex 88.3145 -8.2781 6
      vertex 88.3 -8.5 8
      vertex 88.3 -8.5 6
    endloop
  endfacet
  facet normal 0.659319 -0.751863 0
    outer loop
      vertex 88.7979 -7.29792 6
      vertex 88.9651 -7.1513 8
      vertex 88.7979 -7.29792 8
    endloop
  endfacet
  facet normal 0.659319 -0.751863 0
    outer loop
      vertex 88.9651 -7.1513 8
      vertex 88.7979 -7.29792 6
      vertex 88.9651 -7.1513 6
    endloop
  endfacet
  facet normal -0.555551 -0.831483 0
    outer loop
      vertex 90.85 -7.02776 6
      vertex 91.0349 -7.1513 8
      vertex 90.85 -7.02776 8
    endloop
  endfacet
  facet normal -0.555551 -0.831483 -0
    outer loop
      vertex 91.0349 -7.1513 8
      vertex 90.85 -7.02776 6
      vertex 91.0349 -7.1513 6
    endloop
  endfacet
  facet normal 0.896789 -0.442459 -3.58108e-18
    outer loop
      vertex 88.4294 -7.84944 8
      vertex 88.5278 -7.65 6
      vertex 88.5278 -7.65 8
    endloop
  endfacet
  facet normal 0.896789 -0.442459 -3.58108e-18
    outer loop
      vertex 88.5278 -7.65 6
      vertex 88.4294 -7.84944 8
      vertex 88.4294 -7.84944 6
    endloop
  endfacet
  facet normal 0.321363 -0.946956 0
    outer loop
      vertex 89.3494 -6.9294 6
      vertex 89.56 -6.85793 8
      vertex 89.3494 -6.9294 8
    endloop
  endfacet
  facet normal 0.321363 -0.946956 0
    outer loop
      vertex 89.56 -6.85793 8
      vertex 89.3494 -6.9294 6
      vertex 89.56 -6.85793 6
    endloop
  endfacet
  facet normal -0.751888 -0.659291 -7.15591e-19
    outer loop
      vertex 91.3487 -7.46511 6
      vertex 91.2021 -7.29792 8
      vertex 91.2021 -7.29792 6
    endloop
  endfacet
  facet normal -0.751888 -0.659291 -7.15591e-19
    outer loop
      vertex 91.2021 -7.29792 8
      vertex 91.3487 -7.46511 6
      vertex 91.3487 -7.46511 8
    endloop
  endfacet
  facet normal -0.98077 0.195165 -6.03019e-19
    outer loop
      vertex 91.6421 -40.94 6
      vertex 91.6855 -40.7219 8
      vertex 91.6855 -40.7219 6
    endloop
  endfacet
  facet normal -0.98077 0.195165 -6.03019e-19
    outer loop
      vertex 91.6855 -40.7219 8
      vertex 91.6421 -40.94 6
      vertex 91.6421 -40.94 8
    endloop
  endfacet
  facet normal -0.997872 0.0652057 -1.95586e-20
    outer loop
      vertex 91.6855 -40.7219 6
      vertex 91.7 -40.5 8
      vertex 91.7 -40.5 6
    endloop
  endfacet
  facet normal -0.997872 0.0652057 -1.95586e-20
    outer loop
      vertex 91.7 -40.5 8
      vertex 91.6855 -40.7219 6
      vertex 91.6855 -40.7219 8
    endloop
  endfacet
  facet normal 0.44253 0.896754 -0
    outer loop
      vertex 89.3494 -42.0706 6
      vertex 89.15 -41.9722 8
      vertex 89.3494 -42.0706 8
    endloop
  endfacet
  facet normal 0.44253 0.896754 0
    outer loop
      vertex 89.15 -41.9722 8
      vertex 89.3494 -42.0706 6
      vertex 89.15 -41.9722 6
    endloop
  endfacet
  facet normal -0.555426 0.831566 0
    outer loop
      vertex 91.0349 -41.8487 6
      vertex 90.85 -41.9722 8
      vertex 91.0349 -41.8487 8
    endloop
  endfacet
  facet normal -0.555426 0.831566 0
    outer loop
      vertex 90.85 -41.9722 8
      vertex 91.0349 -41.8487 6
      vertex 90.85 -41.9722 6
    endloop
  endfacet
  facet normal 0.659268 0.751908 -0
    outer loop
      vertex 88.9651 -41.8487 6
      vertex 88.7979 -41.7021 8
      vertex 88.9651 -41.8487 8
    endloop
  endfacet
  facet normal 0.659268 0.751908 0
    outer loop
      vertex 88.7979 -41.7021 8
      vertex 88.9651 -41.8487 6
      vertex 88.7979 -41.7021 6
    endloop
  endfacet
  facet normal -0.321484 -0.946915 0
    outer loop
      vertex 90.44 -38.8579 6
      vertex 90.6506 -38.9294 8
      vertex 90.44 -38.8579 8
    endloop
  endfacet
  facet normal -0.321484 -0.946915 -0
    outer loop
      vertex 90.6506 -38.9294 8
      vertex 90.44 -38.8579 6
      vertex 90.6506 -38.9294 6
    endloop
  endfacet
  facet normal -0.831566 -0.555426 1.20304e-18
    outer loop
      vertex 91.4722 -39.65 6
      vertex 91.3487 -39.4651 8
      vertex 91.3487 -39.4651 6
    endloop
  endfacet
  facet normal -0.831566 -0.555426 1.20304e-18
    outer loop
      vertex 91.3487 -39.4651 8
      vertex 91.4722 -39.65 6
      vertex 91.4722 -39.65 8
    endloop
  endfacet
  facet normal -0.946915 -0.321484 -1.76917e-18
    outer loop
      vertex 91.6421 -40.06 6
      vertex 91.5706 -39.8494 8
      vertex 91.5706 -39.8494 6
    endloop
  endfacet
  facet normal -0.946915 -0.321484 -1.76917e-18
    outer loop
      vertex 91.5706 -39.8494 8
      vertex 91.6421 -40.06 6
      vertex 91.6421 -40.06 8
    endloop
  endfacet
  facet normal -0.321484 0.946915 0
    outer loop
      vertex 90.6506 -42.0706 6
      vertex 90.44 -42.1421 8
      vertex 90.6506 -42.0706 8
    endloop
  endfacet
  facet normal -0.321484 0.946915 0
    outer loop
      vertex 90.44 -42.1421 8
      vertex 90.6506 -42.0706 6
      vertex 90.44 -42.1421 6
    endloop
  endfacet
  facet normal -0.195165 0.98077 0
    outer loop
      vertex 90.44 -42.1421 6
      vertex 90.2219 -42.1855 8
      vertex 90.44 -42.1421 8
    endloop
  endfacet
  facet normal -0.195165 0.98077 0
    outer loop
      vertex 90.2219 -42.1855 8
      vertex 90.44 -42.1421 6
      vertex 90.2219 -42.1855 6
    endloop
  endfacet
  facet normal 0.555426 0.831566 -0
    outer loop
      vertex 89.15 -41.9722 6
      vertex 88.9651 -41.8487 8
      vertex 89.15 -41.9722 8
    endloop
  endfacet
  facet normal 0.555426 0.831566 0
    outer loop
      vertex 88.9651 -41.8487 8
      vertex 89.15 -41.9722 6
      vertex 88.9651 -41.8487 6
    endloop
  endfacet
  facet normal -0.896754 -0.44253 4.22484e-19
    outer loop
      vertex 91.5706 -39.8494 6
      vertex 91.4722 -39.65 8
      vertex 91.4722 -39.65 6
    endloop
  endfacet
  facet normal -0.896754 -0.44253 4.22484e-19
    outer loop
      vertex 91.4722 -39.65 8
      vertex 91.5706 -39.8494 6
      vertex 91.5706 -39.8494 8
    endloop
  endfacet
  facet normal -0.659268 0.751908 0
    outer loop
      vertex 91.2021 -41.7021 6
      vertex 91.0349 -41.8487 8
      vertex 91.2021 -41.7021 8
    endloop
  endfacet
  facet normal -0.659268 0.751908 0
    outer loop
      vertex 91.0349 -41.8487 8
      vertex 91.2021 -41.7021 6
      vertex 91.0349 -41.8487 6
    endloop
  endfacet
  facet normal -0.555426 -0.831566 0
    outer loop
      vertex 90.85 -39.0278 6
      vertex 91.0349 -39.1513 8
      vertex 90.85 -39.0278 8
    endloop
  endfacet
  facet normal -0.555426 -0.831566 -0
    outer loop
      vertex 91.0349 -39.1513 8
      vertex 90.85 -39.0278 6
      vertex 91.0349 -39.1513 6
    endloop
  endfacet
  facet normal -0.44253 0.896754 0
    outer loop
      vertex 90.85 -41.9722 6
      vertex 90.6506 -42.0706 8
      vertex 90.85 -41.9722 8
    endloop
  endfacet
  facet normal -0.44253 0.896754 0
    outer loop
      vertex 90.6506 -42.0706 8
      vertex 90.85 -41.9722 6
      vertex 90.6506 -42.0706 6
    endloop
  endfacet
  facet normal 0.659268 -0.751908 0
    outer loop
      vertex 88.7979 -39.2979 6
      vertex 88.9651 -39.1513 8
      vertex 88.7979 -39.2979 8
    endloop
  endfacet
  facet normal 0.659268 -0.751908 0
    outer loop
      vertex 88.9651 -39.1513 8
      vertex 88.7979 -39.2979 6
      vertex 88.9651 -39.1513 6
    endloop
  endfacet
  facet normal 0.751908 -0.659268 -3.57676e-18
    outer loop
      vertex 88.6513 -39.4651 8
      vertex 88.7979 -39.2979 6
      vertex 88.7979 -39.2979 8
    endloop
  endfacet
  facet normal 0.751908 -0.659268 -3.57676e-18
    outer loop
      vertex 88.7979 -39.2979 6
      vertex 88.6513 -39.4651 8
      vertex 88.6513 -39.4651 6
    endloop
  endfacet
  facet normal 0.831566 -0.555426 -1.20304e-18
    outer loop
      vertex 88.5278 -39.65 8
      vertex 88.6513 -39.4651 6
      vertex 88.6513 -39.4651 8
    endloop
  endfacet
  facet normal 0.831566 -0.555426 -1.20304e-18
    outer loop
      vertex 88.6513 -39.4651 6
      vertex 88.5278 -39.65 8
      vertex 88.5278 -39.65 6
    endloop
  endfacet
  facet normal -0.831566 0.555426 -1.20304e-18
    outer loop
      vertex 91.3487 -41.5349 6
      vertex 91.4722 -41.35 8
      vertex 91.4722 -41.35 6
    endloop
  endfacet
  facet normal -0.831566 0.555426 -1.20304e-18
    outer loop
      vertex 91.4722 -41.35 8
      vertex 91.3487 -41.5349 6
      vertex 91.3487 -41.5349 8
    endloop
  endfacet
  facet normal -0.195165 -0.98077 0
    outer loop
      vertex 90.2219 -38.8145 6
      vertex 90.44 -38.8579 8
      vertex 90.2219 -38.8145 8
    endloop
  endfacet
  facet normal -0.195165 -0.98077 -0
    outer loop
      vertex 90.44 -38.8579 8
      vertex 90.2219 -38.8145 6
      vertex 90.44 -38.8579 6
    endloop
  endfacet
  facet normal -0.98077 -0.195165 6.03019e-19
    outer loop
      vertex 91.6855 -40.2781 6
      vertex 91.6421 -40.06 8
      vertex 91.6421 -40.06 6
    endloop
  endfacet
  facet normal -0.98077 -0.195165 6.03019e-19
    outer loop
      vertex 91.6421 -40.06 8
      vertex 91.6855 -40.2781 6
      vertex 91.6855 -40.2781 8
    endloop
  endfacet
  facet normal 0.946915 -0.321484 1.76917e-18
    outer loop
      vertex 88.3579 -40.06 8
      vertex 88.4294 -39.8494 6
      vertex 88.4294 -39.8494 8
    endloop
  endfacet
  facet normal 0.946915 -0.321484 1.76917e-18
    outer loop
      vertex 88.4294 -39.8494 6
      vertex 88.3579 -40.06 8
      vertex 88.3579 -40.06 6
    endloop
  endfacet
  facet normal -0.44253 -0.896754 0
    outer loop
      vertex 90.6506 -38.9294 6
      vertex 90.85 -39.0278 8
      vertex 90.6506 -38.9294 8
    endloop
  endfacet
  facet normal -0.44253 -0.896754 -0
    outer loop
      vertex 90.85 -39.0278 8
      vertex 90.6506 -38.9294 6
      vertex 90.85 -39.0278 6
    endloop
  endfacet
  facet normal -0.0652057 0.997872 0
    outer loop
      vertex 90.2219 -42.1855 6
      vertex 90 -42.2 8
      vertex 90.2219 -42.1855 8
    endloop
  endfacet
  facet normal -0.0652057 0.997872 0
    outer loop
      vertex 90 -42.2 8
      vertex 90.2219 -42.1855 6
      vertex 90 -42.2 6
    endloop
  endfacet
  facet normal 0.321484 0.946915 -0
    outer loop
      vertex 89.56 -42.1421 6
      vertex 89.3494 -42.0706 8
      vertex 89.56 -42.1421 8
    endloop
  endfacet
  facet normal 0.321484 0.946915 0
    outer loop
      vertex 89.3494 -42.0706 8
      vertex 89.56 -42.1421 6
      vertex 89.3494 -42.0706 6
    endloop
  endfacet
  facet normal 0.195165 0.98077 -0
    outer loop
      vertex 89.7781 -42.1855 6
      vertex 89.56 -42.1421 8
      vertex 89.7781 -42.1855 8
    endloop
  endfacet
  facet normal 0.195165 0.98077 0
    outer loop
      vertex 89.56 -42.1421 8
      vertex 89.7781 -42.1855 6
      vertex 89.56 -42.1421 6
    endloop
  endfacet
  facet normal -0.896754 0.44253 -4.22484e-19
    outer loop
      vertex 91.4722 -41.35 6
      vertex 91.5706 -41.1506 8
      vertex 91.5706 -41.1506 6
    endloop
  endfacet
  facet normal -0.896754 0.44253 -4.22484e-19
    outer loop
      vertex 91.5706 -41.1506 8
      vertex 91.4722 -41.35 6
      vertex 91.4722 -41.35 8
    endloop
  endfacet
  facet normal -0.997872 -0.0652057 1.95586e-20
    outer loop
      vertex 91.7 -40.5 6
      vertex 91.6855 -40.2781 8
      vertex 91.6855 -40.2781 6
    endloop
  endfacet
  facet normal -0.997872 -0.0652057 1.95586e-20
    outer loop
      vertex 91.6855 -40.2781 8
      vertex 91.7 -40.5 6
      vertex 91.7 -40.5 8
    endloop
  endfacet
  facet normal -0.0652057 -0.997872 0
    outer loop
      vertex 90 -38.8 6
      vertex 90.2219 -38.8145 8
      vertex 90 -38.8 8
    endloop
  endfacet
  facet normal -0.0652057 -0.997872 -0
    outer loop
      vertex 90.2219 -38.8145 8
      vertex 90 -38.8 6
      vertex 90.2219 -38.8145 6
    endloop
  endfacet
  facet normal -0.751908 0.659268 -3.57676e-18
    outer loop
      vertex 91.2021 -41.7021 6
      vertex 91.3487 -41.5349 8
      vertex 91.3487 -41.5349 6
    endloop
  endfacet
  facet normal -0.751908 0.659268 -3.57676e-18
    outer loop
      vertex 91.3487 -41.5349 8
      vertex 91.2021 -41.7021 6
      vertex 91.2021 -41.7021 8
    endloop
  endfacet
  facet normal 0.997872 -0.0652057 -1.95586e-20
    outer loop
      vertex 88.3 -40.5 8
      vertex 88.3145 -40.2781 6
      vertex 88.3145 -40.2781 8
    endloop
  endfacet
  facet normal 0.997872 -0.0652057 -1.95586e-20
    outer loop
      vertex 88.3145 -40.2781 6
      vertex 88.3 -40.5 8
      vertex 88.3 -40.5 6
    endloop
  endfacet
  facet normal -0.751908 -0.659268 3.57676e-18
    outer loop
      vertex 91.3487 -39.4651 6
      vertex 91.2021 -39.2979 8
      vertex 91.2021 -39.2979 6
    endloop
  endfacet
  facet normal -0.751908 -0.659268 3.57676e-18
    outer loop
      vertex 91.2021 -39.2979 8
      vertex 91.3487 -39.4651 6
      vertex 91.3487 -39.4651 8
    endloop
  endfacet
  facet normal 0.751908 0.659268 3.57676e-18
    outer loop
      vertex 88.7979 -41.7021 8
      vertex 88.6513 -41.5349 6
      vertex 88.6513 -41.5349 8
    endloop
  endfacet
  facet normal 0.751908 0.659268 3.57676e-18
    outer loop
      vertex 88.6513 -41.5349 6
      vertex 88.7979 -41.7021 8
      vertex 88.7979 -41.7021 6
    endloop
  endfacet
  facet normal 0.831566 0.555426 1.20304e-18
    outer loop
      vertex 88.6513 -41.5349 8
      vertex 88.5278 -41.35 6
      vertex 88.5278 -41.35 8
    endloop
  endfacet
  facet normal 0.831566 0.555426 1.20304e-18
    outer loop
      vertex 88.5278 -41.35 6
      vertex 88.6513 -41.5349 8
      vertex 88.6513 -41.5349 6
    endloop
  endfacet
  facet normal 0.0652057 0.997872 -0
    outer loop
      vertex 90 -42.2 6
      vertex 89.7781 -42.1855 8
      vertex 90 -42.2 8
    endloop
  endfacet
  facet normal 0.0652057 0.997872 0
    outer loop
      vertex 89.7781 -42.1855 8
      vertex 90 -42.2 6
      vertex 89.7781 -42.1855 6
    endloop
  endfacet
  facet normal 0.98077 -0.195165 -6.03019e-19
    outer loop
      vertex 88.3145 -40.2781 8
      vertex 88.3579 -40.06 6
      vertex 88.3579 -40.06 8
    endloop
  endfacet
  facet normal 0.98077 -0.195165 -6.03019e-19
    outer loop
      vertex 88.3579 -40.06 6
      vertex 88.3145 -40.2781 8
      vertex 88.3145 -40.2781 6
    endloop
  endfacet
  facet normal 0.321484 -0.946915 0
    outer loop
      vertex 89.3494 -38.9294 6
      vertex 89.56 -38.8579 8
      vertex 89.3494 -38.9294 8
    endloop
  endfacet
  facet normal 0.321484 -0.946915 0
    outer loop
      vertex 89.56 -38.8579 8
      vertex 89.3494 -38.9294 6
      vertex 89.56 -38.8579 6
    endloop
  endfacet
  facet normal -0.946915 0.321484 1.76917e-18
    outer loop
      vertex 91.5706 -41.1506 6
      vertex 91.6421 -40.94 8
      vertex 91.6421 -40.94 6
    endloop
  endfacet
  facet normal -0.946915 0.321484 1.76917e-18
    outer loop
      vertex 91.6421 -40.94 8
      vertex 91.5706 -41.1506 6
      vertex 91.5706 -41.1506 8
    endloop
  endfacet
  facet normal 0.44253 -0.896754 0
    outer loop
      vertex 89.15 -39.0278 6
      vertex 89.3494 -38.9294 8
      vertex 89.15 -39.0278 8
    endloop
  endfacet
  facet normal 0.44253 -0.896754 0
    outer loop
      vertex 89.3494 -38.9294 8
      vertex 89.15 -39.0278 6
      vertex 89.3494 -38.9294 6
    endloop
  endfacet
  facet normal 0.555426 -0.831566 0
    outer loop
      vertex 88.9651 -39.1513 6
      vertex 89.15 -39.0278 8
      vertex 88.9651 -39.1513 8
    endloop
  endfacet
  facet normal 0.555426 -0.831566 0
    outer loop
      vertex 89.15 -39.0278 8
      vertex 88.9651 -39.1513 6
      vertex 89.15 -39.0278 6
    endloop
  endfacet
  facet normal 0.0652057 -0.997872 0
    outer loop
      vertex 89.7781 -38.8145 6
      vertex 90 -38.8 8
      vertex 89.7781 -38.8145 8
    endloop
  endfacet
  facet normal 0.0652057 -0.997872 0
    outer loop
      vertex 90 -38.8 8
      vertex 89.7781 -38.8145 6
      vertex 90 -38.8 6
    endloop
  endfacet
  facet normal 0.195165 -0.98077 0
    outer loop
      vertex 89.56 -38.8579 6
      vertex 89.7781 -38.8145 8
      vertex 89.56 -38.8579 8
    endloop
  endfacet
  facet normal 0.195165 -0.98077 0
    outer loop
      vertex 89.7781 -38.8145 8
      vertex 89.56 -38.8579 6
      vertex 89.7781 -38.8145 6
    endloop
  endfacet
  facet normal 0.896754 0.44253 4.22484e-19
    outer loop
      vertex 88.5278 -41.35 8
      vertex 88.4294 -41.1506 6
      vertex 88.4294 -41.1506 8
    endloop
  endfacet
  facet normal 0.896754 0.44253 4.22484e-19
    outer loop
      vertex 88.4294 -41.1506 6
      vertex 88.5278 -41.35 8
      vertex 88.5278 -41.35 6
    endloop
  endfacet
  facet normal 0.896754 -0.44253 -4.22484e-19
    outer loop
      vertex 88.4294 -39.8494 8
      vertex 88.5278 -39.65 6
      vertex 88.5278 -39.65 8
    endloop
  endfacet
  facet normal 0.896754 -0.44253 -4.22484e-19
    outer loop
      vertex 88.5278 -39.65 6
      vertex 88.4294 -39.8494 8
      vertex 88.4294 -39.8494 6
    endloop
  endfacet
  facet normal 0.997872 0.0652057 1.95586e-20
    outer loop
      vertex 88.3145 -40.7219 8
      vertex 88.3 -40.5 6
      vertex 88.3 -40.5 8
    endloop
  endfacet
  facet normal 0.997872 0.0652057 1.95586e-20
    outer loop
      vertex 88.3 -40.5 6
      vertex 88.3145 -40.7219 8
      vertex 88.3145 -40.7219 6
    endloop
  endfacet
  facet normal 0.98077 0.195165 6.03019e-19
    outer loop
      vertex 88.3579 -40.94 8
      vertex 88.3145 -40.7219 6
      vertex 88.3145 -40.7219 8
    endloop
  endfacet
  facet normal 0.98077 0.195165 6.03019e-19
    outer loop
      vertex 88.3145 -40.7219 6
      vertex 88.3579 -40.94 8
      vertex 88.3579 -40.94 6
    endloop
  endfacet
  facet normal 0.946915 0.321484 -1.76917e-18
    outer loop
      vertex 88.4294 -41.1506 8
      vertex 88.3579 -40.94 6
      vertex 88.3579 -40.94 8
    endloop
  endfacet
  facet normal 0.946915 0.321484 -1.76917e-18
    outer loop
      vertex 88.3579 -40.94 6
      vertex 88.4294 -41.1506 8
      vertex 88.4294 -41.1506 6
    endloop
  endfacet
  facet normal -0.659268 -0.751908 0
    outer loop
      vertex 91.0349 -39.1513 6
      vertex 91.2021 -39.2979 8
      vertex 91.0349 -39.1513 8
    endloop
  endfacet
  facet normal -0.659268 -0.751908 -0
    outer loop
      vertex 91.2021 -39.2979 8
      vertex 91.0349 -39.1513 6
      vertex 91.2021 -39.2979 6
    endloop
  endfacet
  facet normal -0.981113 0.193434 1.74211e-18
    outer loop
      vertex 123.642 -8.93999 6
      vertex 123.685 -8.72189 8
      vertex 123.685 -8.72189 6
    endloop
  endfacet
  facet normal -0.981113 0.193434 1.74211e-18
    outer loop
      vertex 123.685 -8.72189 8
      vertex 123.642 -8.93999 6
      vertex 123.642 -8.93999 8
    endloop
  endfacet
  facet normal -0.997723 0.0674471 3.47699e-20
    outer loop
      vertex 123.685 -8.72189 6
      vertex 123.7 -8.5 8
      vertex 123.7 -8.5 6
    endloop
  endfacet
  facet normal -0.997723 0.0674471 3.47699e-20
    outer loop
      vertex 123.7 -8.5 8
      vertex 123.685 -8.72189 6
      vertex 123.685 -8.72189 8
    endloop
  endfacet
  facet normal 0.4431 0.896472 -0
    outer loop
      vertex 121.349 -10.0706 6
      vertex 121.15 -9.97224 8
      vertex 121.349 -10.0706 8
    endloop
  endfacet
  facet normal 0.4431 0.896472 0
    outer loop
      vertex 121.15 -9.97224 8
      vertex 121.349 -10.0706 6
      vertex 121.15 -9.97224 6
    endloop
  endfacet
  facet normal -0.555343 0.831621 0
    outer loop
      vertex 123.035 -9.8487 6
      vertex 122.85 -9.97224 8
      vertex 123.035 -9.8487 8
    endloop
  endfacet
  facet normal -0.555343 0.831621 0
    outer loop
      vertex 122.85 -9.97224 8
      vertex 123.035 -9.8487 6
      vertex 122.85 -9.97224 6
    endloop
  endfacet
  facet normal 0.659765 0.751472 -0
    outer loop
      vertex 120.965 -9.8487 6
      vertex 120.798 -9.70208 8
      vertex 120.965 -9.8487 8
    endloop
  endfacet
  facet normal 0.659765 0.751472 0
    outer loop
      vertex 120.798 -9.70208 8
      vertex 120.965 -9.8487 6
      vertex 120.798 -9.70208 6
    endloop
  endfacet
  facet normal -0.320816 -0.947141 0
    outer loop
      vertex 122.44 -6.85793 6
      vertex 122.651 -6.9294 8
      vertex 122.44 -6.85793 8
    endloop
  endfacet
  facet normal -0.320816 -0.947141 -0
    outer loop
      vertex 122.651 -6.9294 8
      vertex 122.44 -6.85793 6
      vertex 122.651 -6.9294 6
    endloop
  endfacet
  facet normal -0.83259 -0.553889 6.2054e-20
    outer loop
      vertex 123.472 -7.65 6
      vertex 123.349 -7.46511 8
      vertex 123.349 -7.46511 6
    endloop
  endfacet
  facet normal -0.83259 -0.553889 6.2054e-20
    outer loop
      vertex 123.349 -7.46511 8
      vertex 123.472 -7.65 6
      vertex 123.472 -7.65 8
    endloop
  endfacet
  facet normal -0.947584 -0.319506 -5.99223e-19
    outer loop
      vertex 123.642 -8.06001 6
      vertex 123.571 -7.84944 8
      vertex 123.571 -7.84944 6
    endloop
  endfacet
  facet normal -0.947584 -0.319506 -5.99223e-19
    outer loop
      vertex 123.571 -7.84944 8
      vertex 123.642 -8.06001 6
      vertex 123.642 -8.06001 8
    endloop
  endfacet
  facet normal -0.320937 0.947101 0
    outer loop
      vertex 122.651 -10.0706 6
      vertex 122.44 -10.1421 8
      vertex 122.651 -10.0706 8
    endloop
  endfacet
  facet normal -0.320937 0.947101 0
    outer loop
      vertex 122.44 -10.1421 8
      vertex 122.651 -10.0706 6
      vertex 122.44 -10.1421 6
    endloop
  endfacet
  facet normal -0.195251 0.980753 0
    outer loop
      vertex 122.44 -10.1421 6
      vertex 122.222 -10.1855 8
      vertex 122.44 -10.1421 8
    endloop
  endfacet
  facet normal -0.195251 0.980753 0
    outer loop
      vertex 122.222 -10.1855 8
      vertex 122.44 -10.1421 6
      vertex 122.222 -10.1855 6
    endloop
  endfacet
  facet normal 0.555343 0.831621 -0
    outer loop
      vertex 121.15 -9.97224 6
      vertex 120.965 -9.8487 8
      vertex 121.15 -9.97224 8
    endloop
  endfacet
  facet normal 0.555343 0.831621 0
    outer loop
      vertex 120.965 -9.8487 8
      vertex 121.15 -9.97224 6
      vertex 120.965 -9.8487 6
    endloop
  endfacet
  facet normal -0.895717 -0.444625 -4.30428e-19
    outer loop
      vertex 123.571 -7.84944 6
      vertex 123.472 -7.65 8
      vertex 123.472 -7.65 6
    endloop
  endfacet
  facet normal -0.895717 -0.444625 -4.30428e-19
    outer loop
      vertex 123.472 -7.65 8
      vertex 123.571 -7.84944 6
      vertex 123.571 -7.84944 8
    endloop
  endfacet
  facet normal -0.659765 0.751472 0
    outer loop
      vertex 123.202 -9.70208 6
      vertex 123.035 -9.8487 8
      vertex 123.202 -9.70208 8
    endloop
  endfacet
  facet normal -0.659765 0.751472 0
    outer loop
      vertex 123.035 -9.8487 8
      vertex 123.202 -9.70208 6
      vertex 123.035 -9.8487 6
    endloop
  endfacet
  facet normal -0.555343 -0.831621 0
    outer loop
      vertex 122.85 -7.02776 6
      vertex 123.035 -7.1513 8
      vertex 122.85 -7.02776 8
    endloop
  endfacet
  facet normal -0.555343 -0.831621 -0
    outer loop
      vertex 123.035 -7.1513 8
      vertex 122.85 -7.02776 6
      vertex 123.035 -7.1513 6
    endloop
  endfacet
  facet normal -0.4431 0.896472 0
    outer loop
      vertex 122.85 -9.97224 6
      vertex 122.651 -10.0706 8
      vertex 122.85 -9.97224 8
    endloop
  endfacet
  facet normal -0.4431 0.896472 0
    outer loop
      vertex 122.651 -10.0706 8
      vertex 122.85 -9.97224 6
      vertex 122.651 -10.0706 6
    endloop
  endfacet
  facet normal 0.659765 -0.751472 0
    outer loop
      vertex 120.798 -7.29792 6
      vertex 120.965 -7.1513 8
      vertex 120.798 -7.29792 8
    endloop
  endfacet
  facet normal 0.659765 -0.751472 0
    outer loop
      vertex 120.965 -7.1513 8
      vertex 120.798 -7.29792 6
      vertex 120.965 -7.1513 6
    endloop
  endfacet
  facet normal 0.750997 -0.660306 -1.39001e-18
    outer loop
      vertex 120.651 -7.46511 8
      vertex 120.798 -7.29792 6
      vertex 120.798 -7.29792 8
    endloop
  endfacet
  facet normal 0.750997 -0.660306 -1.39001e-18
    outer loop
      vertex 120.798 -7.29792 6
      vertex 120.651 -7.46511 8
      vertex 120.651 -7.46511 6
    endloop
  endfacet
  facet normal 0.83259 -0.553889 -6.2054e-20
    outer loop
      vertex 120.528 -7.65 8
      vertex 120.651 -7.46511 6
      vertex 120.651 -7.46511 8
    endloop
  endfacet
  facet normal 0.83259 -0.553889 -6.2054e-20
    outer loop
      vertex 120.651 -7.46511 6
      vertex 120.528 -7.65 8
      vertex 120.528 -7.65 6
    endloop
  endfacet
  facet normal -0.83259 0.553889 3.75008e-18
    outer loop
      vertex 123.349 -9.53489 6
      vertex 123.472 -9.35 8
      vertex 123.472 -9.35 6
    endloop
  endfacet
  facet normal -0.83259 0.553889 3.75008e-18
    outer loop
      vertex 123.472 -9.35 8
      vertex 123.349 -9.53489 6
      vertex 123.349 -9.53489 8
    endloop
  endfacet
  facet normal -0.195208 -0.980762 0
    outer loop
      vertex 122.222 -6.81454 6
      vertex 122.44 -6.85793 8
      vertex 122.222 -6.81454 8
    endloop
  endfacet
  facet normal -0.195208 -0.980762 -0
    outer loop
      vertex 122.44 -6.85793 8
      vertex 122.222 -6.81454 6
      vertex 122.44 -6.85793 6
    endloop
  endfacet
  facet normal -0.981112 -0.193442 -1.25561e-18
    outer loop
      vertex 123.685 -8.2781 6
      vertex 123.642 -8.06001 8
      vertex 123.642 -8.06001 6
    endloop
  endfacet
  facet normal -0.981112 -0.193442 -1.25561e-18
    outer loop
      vertex 123.642 -8.06001 8
      vertex 123.685 -8.2781 6
      vertex 123.685 -8.2781 8
    endloop
  endfacet
  facet normal 0.947584 -0.319506 5.99223e-19
    outer loop
      vertex 120.358 -8.06001 8
      vertex 120.429 -7.84944 6
      vertex 120.429 -7.84944 8
    endloop
  endfacet
  facet normal 0.947584 -0.319506 5.99223e-19
    outer loop
      vertex 120.429 -7.84944 6
      vertex 120.358 -8.06001 8
      vertex 120.358 -8.06001 6
    endloop
  endfacet
  facet normal -0.4431 -0.896472 0
    outer loop
      vertex 122.651 -6.9294 6
      vertex 122.85 -7.02776 8
      vertex 122.651 -6.9294 8
    endloop
  endfacet
  facet normal -0.4431 -0.896472 -0
    outer loop
      vertex 122.85 -7.02776 8
      vertex 122.651 -6.9294 6
      vertex 122.85 -7.02776 6
    endloop
  endfacet
  facet normal -0.0651764 0.997874 0
    outer loop
      vertex 122.222 -10.1855 6
      vertex 122 -10.2 8
      vertex 122.222 -10.1855 8
    endloop
  endfacet
  facet normal -0.0651764 0.997874 0
    outer loop
      vertex 122 -10.2 8
      vertex 122.222 -10.1855 6
      vertex 122 -10.2 6
    endloop
  endfacet
  facet normal 0.320937 0.947101 -0
    outer loop
      vertex 121.56 -10.1421 6
      vertex 121.349 -10.0706 8
      vertex 121.56 -10.1421 8
    endloop
  endfacet
  facet normal 0.320937 0.947101 0
    outer loop
      vertex 121.349 -10.0706 8
      vertex 121.56 -10.1421 6
      vertex 121.349 -10.0706 6
    endloop
  endfacet
  facet normal 0.195251 0.980753 -0
    outer loop
      vertex 121.778 -10.1855 6
      vertex 121.56 -10.1421 8
      vertex 121.778 -10.1855 8
    endloop
  endfacet
  facet normal 0.195251 0.980753 0
    outer loop
      vertex 121.56 -10.1421 8
      vertex 121.778 -10.1855 6
      vertex 121.56 -10.1421 6
    endloop
  endfacet
  facet normal -0.895717 0.444625 -2.24965e-18
    outer loop
      vertex 123.472 -9.35 6
      vertex 123.571 -9.15056 8
      vertex 123.571 -9.15056 6
    endloop
  endfacet
  facet normal -0.895717 0.444625 -2.24965e-18
    outer loop
      vertex 123.571 -9.15056 8
      vertex 123.472 -9.35 6
      vertex 123.472 -9.35 8
    endloop
  endfacet
  facet normal -0.997723 -0.0674441 -8.54857e-21
    outer loop
      vertex 123.7 -8.5 6
      vertex 123.685 -8.2781 8
      vertex 123.685 -8.2781 6
    endloop
  endfacet
  facet normal -0.997723 -0.0674441 -8.54857e-21
    outer loop
      vertex 123.685 -8.2781 8
      vertex 123.7 -8.5 6
      vertex 123.7 -8.5 8
    endloop
  endfacet
  facet normal -0.0653555 -0.997862 0
    outer loop
      vertex 122 -6.8 6
      vertex 122.222 -6.81454 8
      vertex 122 -6.8 8
    endloop
  endfacet
  facet normal -0.0653555 -0.997862 -0
    outer loop
      vertex 122.222 -6.81454 8
      vertex 122 -6.8 6
      vertex 122.222 -6.81454 6
    endloop
  endfacet
  facet normal -0.750997 0.660306 -1.39001e-18
    outer loop
      vertex 123.202 -9.70208 6
      vertex 123.349 -9.53489 8
      vertex 123.349 -9.53489 6
    endloop
  endfacet
  facet normal -0.750997 0.660306 -1.39001e-18
    outer loop
      vertex 123.349 -9.53489 8
      vertex 123.202 -9.70208 6
      vertex 123.202 -9.70208 8
    endloop
  endfacet
  facet normal 0.997723 -0.0674441 8.54857e-21
    outer loop
      vertex 120.3 -8.5 8
      vertex 120.315 -8.2781 6
      vertex 120.315 -8.2781 8
    endloop
  endfacet
  facet normal 0.997723 -0.0674441 8.54857e-21
    outer loop
      vertex 120.315 -8.2781 6
      vertex 120.3 -8.5 8
      vertex 120.3 -8.5 6
    endloop
  endfacet
  facet normal -0.750997 -0.660306 1.39001e-18
    outer loop
      vertex 123.349 -7.46511 6
      vertex 123.202 -7.29792 8
      vertex 123.202 -7.29792 6
    endloop
  endfacet
  facet normal -0.750997 -0.660306 1.39001e-18
    outer loop
      vertex 123.202 -7.29792 8
      vertex 123.349 -7.46511 6
      vertex 123.349 -7.46511 8
    endloop
  endfacet
  facet normal 0.750997 0.660306 1.39001e-18
    outer loop
      vertex 120.798 -9.70208 8
      vertex 120.651 -9.53489 6
      vertex 120.651 -9.53489 8
    endloop
  endfacet
  facet normal 0.750997 0.660306 1.39001e-18
    outer loop
      vertex 120.651 -9.53489 6
      vertex 120.798 -9.70208 8
      vertex 120.798 -9.70208 6
    endloop
  endfacet
  facet normal 0.83259 0.553889 -3.75008e-18
    outer loop
      vertex 120.651 -9.53489 8
      vertex 120.528 -9.35 6
      vertex 120.528 -9.35 8
    endloop
  endfacet
  facet normal 0.83259 0.553889 -3.75008e-18
    outer loop
      vertex 120.528 -9.35 6
      vertex 120.651 -9.53489 8
      vertex 120.651 -9.53489 6
    endloop
  endfacet
  facet normal 0.0651764 0.997874 -0
    outer loop
      vertex 122 -10.2 6
      vertex 121.778 -10.1855 8
      vertex 122 -10.2 8
    endloop
  endfacet
  facet normal 0.0651764 0.997874 0
    outer loop
      vertex 121.778 -10.1855 8
      vertex 122 -10.2 6
      vertex 121.778 -10.1855 6
    endloop
  endfacet
  facet normal 0.981112 -0.193442 1.25561e-18
    outer loop
      vertex 120.315 -8.2781 8
      vertex 120.358 -8.06001 6
      vertex 120.358 -8.06001 8
    endloop
  endfacet
  facet normal 0.981112 -0.193442 1.25561e-18
    outer loop
      vertex 120.358 -8.06001 6
      vertex 120.315 -8.2781 8
      vertex 120.315 -8.2781 6
    endloop
  endfacet
  facet normal 0.320816 -0.947141 0
    outer loop
      vertex 121.349 -6.9294 6
      vertex 121.56 -6.85793 8
      vertex 121.349 -6.9294 8
    endloop
  endfacet
  facet normal 0.320816 -0.947141 0
    outer loop
      vertex 121.56 -6.85793 8
      vertex 121.349 -6.9294 6
      vertex 121.56 -6.85793 6
    endloop
  endfacet
  facet normal -0.947584 0.319506 -1.93006e-18
    outer loop
      vertex 123.571 -9.15056 6
      vertex 123.642 -8.93999 8
      vertex 123.642 -8.93999 6
    endloop
  endfacet
  facet normal -0.947584 0.319506 -1.93006e-18
    outer loop
      vertex 123.642 -8.93999 8
      vertex 123.571 -9.15056 6
      vertex 123.571 -9.15056 8
    endloop
  endfacet
  facet normal 0.4431 -0.896472 0
    outer loop
      vertex 121.15 -7.02776 6
      vertex 121.349 -6.9294 8
      vertex 121.15 -7.02776 8
    endloop
  endfacet
  facet normal 0.4431 -0.896472 0
    outer loop
      vertex 121.349 -6.9294 8
      vertex 121.15 -7.02776 6
      vertex 121.349 -6.9294 6
    endloop
  endfacet
  facet normal 0.555343 -0.831621 0
    outer loop
      vertex 120.965 -7.1513 6
      vertex 121.15 -7.02776 8
      vertex 120.965 -7.1513 8
    endloop
  endfacet
  facet normal 0.555343 -0.831621 0
    outer loop
      vertex 121.15 -7.02776 8
      vertex 120.965 -7.1513 6
      vertex 121.15 -7.02776 6
    endloop
  endfacet
  facet normal 0.0653555 -0.997862 0
    outer loop
      vertex 121.778 -6.81454 6
      vertex 122 -6.8 8
      vertex 121.778 -6.81454 8
    endloop
  endfacet
  facet normal 0.0653555 -0.997862 0
    outer loop
      vertex 122 -6.8 8
      vertex 121.778 -6.81454 6
      vertex 122 -6.8 6
    endloop
  endfacet
  facet normal 0.195208 -0.980762 0
    outer loop
      vertex 121.56 -6.85793 6
      vertex 121.778 -6.81454 8
      vertex 121.56 -6.85793 8
    endloop
  endfacet
  facet normal 0.195208 -0.980762 0
    outer loop
      vertex 121.778 -6.81454 8
      vertex 121.56 -6.85793 6
      vertex 121.778 -6.81454 6
    endloop
  endfacet
  facet normal 0.895717 0.444625 2.24965e-18
    outer loop
      vertex 120.528 -9.35 8
      vertex 120.429 -9.15056 6
      vertex 120.429 -9.15056 8
    endloop
  endfacet
  facet normal 0.895717 0.444625 2.24965e-18
    outer loop
      vertex 120.429 -9.15056 6
      vertex 120.528 -9.35 8
      vertex 120.528 -9.35 6
    endloop
  endfacet
  facet normal 0.895717 -0.444625 4.30428e-19
    outer loop
      vertex 120.429 -7.84944 8
      vertex 120.528 -7.65 6
      vertex 120.528 -7.65 8
    endloop
  endfacet
  facet normal 0.895717 -0.444625 4.30428e-19
    outer loop
      vertex 120.528 -7.65 6
      vertex 120.429 -7.84944 8
      vertex 120.429 -7.84944 6
    endloop
  endfacet
  facet normal 0.997723 0.0674471 -3.47699e-20
    outer loop
      vertex 120.315 -8.72189 8
      vertex 120.3 -8.5 6
      vertex 120.3 -8.5 8
    endloop
  endfacet
  facet normal 0.997723 0.0674471 -3.47699e-20
    outer loop
      vertex 120.3 -8.5 6
      vertex 120.315 -8.72189 8
      vertex 120.315 -8.72189 6
    endloop
  endfacet
  facet normal 0.981113 0.193434 -1.74211e-18
    outer loop
      vertex 120.358 -8.93999 8
      vertex 120.315 -8.72189 6
      vertex 120.315 -8.72189 8
    endloop
  endfacet
  facet normal 0.981113 0.193434 -1.74211e-18
    outer loop
      vertex 120.315 -8.72189 6
      vertex 120.358 -8.93999 8
      vertex 120.358 -8.93999 6
    endloop
  endfacet
  facet normal 0.947584 0.319506 1.93006e-18
    outer loop
      vertex 120.429 -9.15056 8
      vertex 120.358 -8.93999 6
      vertex 120.358 -8.93999 8
    endloop
  endfacet
  facet normal 0.947584 0.319506 1.93006e-18
    outer loop
      vertex 120.358 -8.93999 6
      vertex 120.429 -9.15056 8
      vertex 120.429 -9.15056 6
    endloop
  endfacet
  facet normal -0.659765 -0.751472 0
    outer loop
      vertex 123.035 -7.1513 6
      vertex 123.202 -7.29792 8
      vertex 123.035 -7.1513 8
    endloop
  endfacet
  facet normal -0.659765 -0.751472 -0
    outer loop
      vertex 123.202 -7.29792 8
      vertex 123.035 -7.1513 6
      vertex 123.202 -7.29792 6
    endloop
  endfacet
  facet normal -0.981113 0.193434 1.74211e-18
    outer loop
      vertex 123.642 -40.94 6
      vertex 123.685 -40.7219 8
      vertex 123.685 -40.7219 6
    endloop
  endfacet
  facet normal -0.981113 0.193434 1.74211e-18
    outer loop
      vertex 123.685 -40.7219 8
      vertex 123.642 -40.94 6
      vertex 123.642 -40.94 8
    endloop
  endfacet
  facet normal -0.997723 0.0674441 -4.2044e-19
    outer loop
      vertex 123.685 -40.7219 6
      vertex 123.7 -40.5 8
      vertex 123.7 -40.5 6
    endloop
  endfacet
  facet normal -0.997723 0.0674441 -4.2044e-19
    outer loop
      vertex 123.7 -40.5 8
      vertex 123.685 -40.7219 6
      vertex 123.685 -40.7219 8
    endloop
  endfacet
  facet normal 0.443245 0.8964 -0
    outer loop
      vertex 121.349 -42.0706 6
      vertex 121.15 -41.9722 8
      vertex 121.349 -42.0706 8
    endloop
  endfacet
  facet normal 0.443245 0.8964 0
    outer loop
      vertex 121.15 -41.9722 8
      vertex 121.349 -42.0706 6
      vertex 121.15 -41.9722 6
    endloop
  endfacet
  facet normal -0.555219 0.831704 0
    outer loop
      vertex 123.035 -41.8487 6
      vertex 122.85 -41.9722 8
      vertex 123.035 -41.8487 8
    endloop
  endfacet
  facet normal -0.555219 0.831704 0
    outer loop
      vertex 122.85 -41.9722 8
      vertex 123.035 -41.8487 6
      vertex 122.85 -41.9722 6
    endloop
  endfacet
  facet normal 0.659714 0.751516 -0
    outer loop
      vertex 120.965 -41.8487 6
      vertex 120.798 -41.7021 8
      vertex 120.965 -41.8487 8
    endloop
  endfacet
  facet normal 0.659714 0.751516 0
    outer loop
      vertex 120.798 -41.7021 8
      vertex 120.965 -41.8487 6
      vertex 120.798 -41.7021 6
    endloop
  endfacet
  facet normal -0.320937 -0.947101 0
    outer loop
      vertex 122.44 -38.8579 6
      vertex 122.651 -38.9294 8
      vertex 122.44 -38.8579 8
    endloop
  endfacet
  facet normal -0.320937 -0.947101 -0
    outer loop
      vertex 122.651 -38.9294 8
      vertex 122.44 -38.8579 6
      vertex 122.651 -38.9294 6
    endloop
  endfacet
  facet normal -0.832604 -0.553869 2.65174e-18
    outer loop
      vertex 123.472 -39.65 6
      vertex 123.349 -39.4651 8
      vertex 123.349 -39.4651 6
    endloop
  endfacet
  facet normal -0.832604 -0.553869 2.65174e-18
    outer loop
      vertex 123.349 -39.4651 8
      vertex 123.472 -39.65 6
      vertex 123.472 -39.65 8
    endloop
  endfacet
  facet normal -0.947598 -0.319466 -1.08546e-18
    outer loop
      vertex 123.642 -40.06 6
      vertex 123.571 -39.8494 8
      vertex 123.571 -39.8494 6
    endloop
  endfacet
  facet normal -0.947598 -0.319466 -1.08546e-18
    outer loop
      vertex 123.571 -39.8494 8
      vertex 123.642 -40.06 6
      vertex 123.642 -40.06 8
    endloop
  endfacet
  facet normal -0.320937 0.947101 0
    outer loop
      vertex 122.651 -42.0706 6
      vertex 122.44 -42.1421 8
      vertex 122.651 -42.0706 8
    endloop
  endfacet
  facet normal -0.320937 0.947101 0
    outer loop
      vertex 122.44 -42.1421 8
      vertex 122.651 -42.0706 6
      vertex 122.44 -42.1421 6
    endloop
  endfacet
  facet normal -0.195251 0.980753 0
    outer loop
      vertex 122.44 -42.1421 6
      vertex 122.222 -42.1855 8
      vertex 122.44 -42.1421 8
    endloop
  endfacet
  facet normal -0.195251 0.980753 0
    outer loop
      vertex 122.222 -42.1855 8
      vertex 122.44 -42.1421 6
      vertex 122.222 -42.1855 6
    endloop
  endfacet
  facet normal 0.555219 0.831704 -0
    outer loop
      vertex 121.15 -41.9722 6
      vertex 120.965 -41.8487 8
      vertex 121.15 -41.9722 8
    endloop
  endfacet
  facet normal 0.555219 0.831704 0
    outer loop
      vertex 120.965 -41.8487 8
      vertex 121.15 -41.9722 6
      vertex 120.965 -41.8487 6
    endloop
  endfacet
  facet normal -0.895681 -0.444696 -3.70903e-18
    outer loop
      vertex 123.571 -39.8494 6
      vertex 123.472 -39.65 8
      vertex 123.472 -39.65 6
    endloop
  endfacet
  facet normal -0.895681 -0.444696 -3.70903e-18
    outer loop
      vertex 123.472 -39.65 8
      vertex 123.571 -39.8494 6
      vertex 123.571 -39.8494 8
    endloop
  endfacet
  facet normal -0.659714 0.751516 0
    outer loop
      vertex 123.202 -41.7021 6
      vertex 123.035 -41.8487 8
      vertex 123.202 -41.7021 8
    endloop
  endfacet
  facet normal -0.659714 0.751516 0
    outer loop
      vertex 123.035 -41.8487 8
      vertex 123.202 -41.7021 6
      vertex 123.035 -41.8487 6
    endloop
  endfacet
  facet normal -0.555219 -0.831704 0
    outer loop
      vertex 122.85 -39.0278 6
      vertex 123.035 -39.1513 8
      vertex 122.85 -39.0278 8
    endloop
  endfacet
  facet normal -0.555219 -0.831704 -0
    outer loop
      vertex 123.035 -39.1513 8
      vertex 122.85 -39.0278 6
      vertex 123.035 -39.1513 6
    endloop
  endfacet
  facet normal -0.443245 0.8964 0
    outer loop
      vertex 122.85 -41.9722 6
      vertex 122.651 -42.0706 8
      vertex 122.85 -41.9722 8
    endloop
  endfacet
  facet normal -0.443245 0.8964 0
    outer loop
      vertex 122.651 -42.0706 8
      vertex 122.85 -41.9722 6
      vertex 122.651 -42.0706 6
    endloop
  endfacet
  facet normal 0.659714 -0.751516 0
    outer loop
      vertex 120.798 -39.2979 6
      vertex 120.965 -39.1513 8
      vertex 120.798 -39.2979 8
    endloop
  endfacet
  facet normal 0.659714 -0.751516 0
    outer loop
      vertex 120.965 -39.1513 8
      vertex 120.798 -39.2979 6
      vertex 120.965 -39.1513 6
    endloop
  endfacet
  facet normal 0.751016 -0.660284 6.052e-19
    outer loop
      vertex 120.651 -39.4651 8
      vertex 120.798 -39.2979 6
      vertex 120.798 -39.2979 8
    endloop
  endfacet
  facet normal 0.751016 -0.660284 6.052e-19
    outer loop
      vertex 120.798 -39.2979 6
      vertex 120.651 -39.4651 8
      vertex 120.651 -39.4651 6
    endloop
  endfacet
  facet normal 0.832604 -0.553869 -2.65174e-18
    outer loop
      vertex 120.528 -39.65 8
      vertex 120.651 -39.4651 6
      vertex 120.651 -39.4651 8
    endloop
  endfacet
  facet normal 0.832604 -0.553869 -2.65174e-18
    outer loop
      vertex 120.651 -39.4651 6
      vertex 120.528 -39.65 8
      vertex 120.528 -39.65 6
    endloop
  endfacet
  facet normal -0.832604 0.553869 -2.65174e-18
    outer loop
      vertex 123.349 -41.5349 6
      vertex 123.472 -41.35 8
      vertex 123.472 -41.35 6
    endloop
  endfacet
  facet normal -0.832604 0.553869 -2.65174e-18
    outer loop
      vertex 123.472 -41.35 8
      vertex 123.349 -41.5349 6
      vertex 123.349 -41.5349 8
    endloop
  endfacet
  facet normal -0.195251 -0.980753 0
    outer loop
      vertex 122.222 -38.8145 6
      vertex 122.44 -38.8579 8
      vertex 122.222 -38.8145 8
    endloop
  endfacet
  facet normal -0.195251 -0.980753 -0
    outer loop
      vertex 122.44 -38.8579 8
      vertex 122.222 -38.8145 6
      vertex 122.44 -38.8579 6
    endloop
  endfacet
  facet normal -0.981113 -0.193434 -1.74211e-18
    outer loop
      vertex 123.685 -40.2781 6
      vertex 123.642 -40.06 8
      vertex 123.642 -40.06 6
    endloop
  endfacet
  facet normal -0.981113 -0.193434 -1.74211e-18
    outer loop
      vertex 123.642 -40.06 8
      vertex 123.685 -40.2781 6
      vertex 123.685 -40.2781 8
    endloop
  endfacet
  facet normal 0.947598 -0.319466 1.08546e-18
    outer loop
      vertex 120.358 -40.06 8
      vertex 120.429 -39.8494 6
      vertex 120.429 -39.8494 8
    endloop
  endfacet
  facet normal 0.947598 -0.319466 1.08546e-18
    outer loop
      vertex 120.429 -39.8494 6
      vertex 120.358 -40.06 8
      vertex 120.358 -40.06 6
    endloop
  endfacet
  facet normal -0.443245 -0.8964 0
    outer loop
      vertex 122.651 -38.9294 6
      vertex 122.85 -39.0278 8
      vertex 122.651 -38.9294 8
    endloop
  endfacet
  facet normal -0.443245 -0.8964 -0
    outer loop
      vertex 122.85 -39.0278 8
      vertex 122.651 -38.9294 6
      vertex 122.85 -39.0278 6
    endloop
  endfacet
  facet normal -0.0651764 0.997874 0
    outer loop
      vertex 122.222 -42.1855 6
      vertex 122 -42.2 8
      vertex 122.222 -42.1855 8
    endloop
  endfacet
  facet normal -0.0651764 0.997874 0
    outer loop
      vertex 122 -42.2 8
      vertex 122.222 -42.1855 6
      vertex 122 -42.2 6
    endloop
  endfacet
  facet normal 0.320937 0.947101 -0
    outer loop
      vertex 121.56 -42.1421 6
      vertex 121.349 -42.0706 8
      vertex 121.56 -42.1421 8
    endloop
  endfacet
  facet normal 0.320937 0.947101 0
    outer loop
      vertex 121.349 -42.0706 8
      vertex 121.56 -42.1421 6
      vertex 121.349 -42.0706 6
    endloop
  endfacet
  facet normal 0.195251 0.980753 -0
    outer loop
      vertex 121.778 -42.1855 6
      vertex 121.56 -42.1421 8
      vertex 121.778 -42.1855 8
    endloop
  endfacet
  facet normal 0.195251 0.980753 0
    outer loop
      vertex 121.56 -42.1421 8
      vertex 121.778 -42.1855 6
      vertex 121.56 -42.1421 6
    endloop
  endfacet
  facet normal -0.895681 0.444696 3.70903e-18
    outer loop
      vertex 123.472 -41.35 6
      vertex 123.571 -41.1506 8
      vertex 123.571 -41.1506 6
    endloop
  endfacet
  facet normal -0.895681 0.444696 3.70903e-18
    outer loop
      vertex 123.571 -41.1506 8
      vertex 123.472 -41.35 6
      vertex 123.472 -41.35 8
    endloop
  endfacet
  facet normal -0.997723 -0.0674441 4.2044e-19
    outer loop
      vertex 123.7 -40.5 6
      vertex 123.685 -40.2781 8
      vertex 123.685 -40.2781 6
    endloop
  endfacet
  facet normal -0.997723 -0.0674441 4.2044e-19
    outer loop
      vertex 123.685 -40.2781 8
      vertex 123.7 -40.5 6
      vertex 123.7 -40.5 8
    endloop
  endfacet
  facet normal -0.0651764 -0.997874 0
    outer loop
      vertex 122 -38.8 6
      vertex 122.222 -38.8145 8
      vertex 122 -38.8 8
    endloop
  endfacet
  facet normal -0.0651764 -0.997874 -0
    outer loop
      vertex 122.222 -38.8145 8
      vertex 122 -38.8 6
      vertex 122.222 -38.8145 6
    endloop
  endfacet
  facet normal -0.751016 0.660284 6.052e-19
    outer loop
      vertex 123.202 -41.7021 6
      vertex 123.349 -41.5349 8
      vertex 123.349 -41.5349 6
    endloop
  endfacet
  facet normal -0.751016 0.660284 6.052e-19
    outer loop
      vertex 123.349 -41.5349 8
      vertex 123.202 -41.7021 6
      vertex 123.202 -41.7021 8
    endloop
  endfacet
  facet normal 0.997723 -0.0674441 -4.2044e-19
    outer loop
      vertex 120.3 -40.5 8
      vertex 120.315 -40.2781 6
      vertex 120.315 -40.2781 8
    endloop
  endfacet
  facet normal 0.997723 -0.0674441 -4.2044e-19
    outer loop
      vertex 120.315 -40.2781 6
      vertex 120.3 -40.5 8
      vertex 120.3 -40.5 6
    endloop
  endfacet
  facet normal -0.751016 -0.660284 -6.052e-19
    outer loop
      vertex 123.349 -39.4651 6
      vertex 123.202 -39.2979 8
      vertex 123.202 -39.2979 6
    endloop
  endfacet
  facet normal -0.751016 -0.660284 -6.052e-19
    outer loop
      vertex 123.202 -39.2979 8
      vertex 123.349 -39.4651 6
      vertex 123.349 -39.4651 8
    endloop
  endfacet
  facet normal 0.751016 0.660284 -6.052e-19
    outer loop
      vertex 120.798 -41.7021 8
      vertex 120.651 -41.5349 6
      vertex 120.651 -41.5349 8
    endloop
  endfacet
  facet normal 0.751016 0.660284 -6.052e-19
    outer loop
      vertex 120.651 -41.5349 6
      vertex 120.798 -41.7021 8
      vertex 120.798 -41.7021 6
    endloop
  endfacet
  facet normal 0.832604 0.553869 2.65174e-18
    outer loop
      vertex 120.651 -41.5349 8
      vertex 120.528 -41.35 6
      vertex 120.528 -41.35 8
    endloop
  endfacet
  facet normal 0.832604 0.553869 2.65174e-18
    outer loop
      vertex 120.528 -41.35 6
      vertex 120.651 -41.5349 8
      vertex 120.651 -41.5349 6
    endloop
  endfacet
  facet normal 0.0651764 0.997874 -0
    outer loop
      vertex 122 -42.2 6
      vertex 121.778 -42.1855 8
      vertex 122 -42.2 8
    endloop
  endfacet
  facet normal 0.0651764 0.997874 0
    outer loop
      vertex 121.778 -42.1855 8
      vertex 122 -42.2 6
      vertex 121.778 -42.1855 6
    endloop
  endfacet
  facet normal 0.981113 -0.193434 1.74211e-18
    outer loop
      vertex 120.315 -40.2781 8
      vertex 120.358 -40.06 6
      vertex 120.358 -40.06 8
    endloop
  endfacet
  facet normal 0.981113 -0.193434 1.74211e-18
    outer loop
      vertex 120.358 -40.06 6
      vertex 120.315 -40.2781 8
      vertex 120.315 -40.2781 6
    endloop
  endfacet
  facet normal 0.320937 -0.947101 0
    outer loop
      vertex 121.349 -38.9294 6
      vertex 121.56 -38.8579 8
      vertex 121.349 -38.9294 8
    endloop
  endfacet
  facet normal 0.320937 -0.947101 0
    outer loop
      vertex 121.56 -38.8579 8
      vertex 121.349 -38.9294 6
      vertex 121.56 -38.8579 6
    endloop
  endfacet
  facet normal -0.947598 0.319466 1.08546e-18
    outer loop
      vertex 123.571 -41.1506 6
      vertex 123.642 -40.94 8
      vertex 123.642 -40.94 6
    endloop
  endfacet
  facet normal -0.947598 0.319466 1.08546e-18
    outer loop
      vertex 123.642 -40.94 8
      vertex 123.571 -41.1506 6
      vertex 123.571 -41.1506 8
    endloop
  endfacet
  facet normal 0.443245 -0.8964 0
    outer loop
      vertex 121.15 -39.0278 6
      vertex 121.349 -38.9294 8
      vertex 121.15 -39.0278 8
    endloop
  endfacet
  facet normal 0.443245 -0.8964 0
    outer loop
      vertex 121.349 -38.9294 8
      vertex 121.15 -39.0278 6
      vertex 121.349 -38.9294 6
    endloop
  endfacet
  facet normal 0.555219 -0.831704 0
    outer loop
      vertex 120.965 -39.1513 6
      vertex 121.15 -39.0278 8
      vertex 120.965 -39.1513 8
    endloop
  endfacet
  facet normal 0.555219 -0.831704 0
    outer loop
      vertex 121.15 -39.0278 8
      vertex 120.965 -39.1513 6
      vertex 121.15 -39.0278 6
    endloop
  endfacet
  facet normal 0.195251 -0.980753 0
    outer loop
      vertex 121.56 -38.8579 6
      vertex 121.778 -38.8145 8
      vertex 121.56 -38.8579 8
    endloop
  endfacet
  facet normal 0.195251 -0.980753 0
    outer loop
      vertex 121.778 -38.8145 8
      vertex 121.56 -38.8579 6
      vertex 121.778 -38.8145 6
    endloop
  endfacet
  facet normal 0.895681 0.444696 -3.70903e-18
    outer loop
      vertex 120.528 -41.35 8
      vertex 120.429 -41.1506 6
      vertex 120.429 -41.1506 8
    endloop
  endfacet
  facet normal 0.895681 0.444696 -3.70903e-18
    outer loop
      vertex 120.429 -41.1506 6
      vertex 120.528 -41.35 8
      vertex 120.528 -41.35 6
    endloop
  endfacet
  facet normal 0.0651764 -0.997874 0
    outer loop
      vertex 121.778 -38.8145 6
      vertex 122 -38.8 8
      vertex 121.778 -38.8145 8
    endloop
  endfacet
  facet normal 0.0651764 -0.997874 0
    outer loop
      vertex 122 -38.8 8
      vertex 121.778 -38.8145 6
      vertex 122 -38.8 6
    endloop
  endfacet
  facet normal 0.895681 -0.444696 3.70903e-18
    outer loop
      vertex 120.429 -39.8494 8
      vertex 120.528 -39.65 6
      vertex 120.528 -39.65 8
    endloop
  endfacet
  facet normal 0.895681 -0.444696 3.70903e-18
    outer loop
      vertex 120.528 -39.65 6
      vertex 120.429 -39.8494 8
      vertex 120.429 -39.8494 6
    endloop
  endfacet
  facet normal 0.997723 0.0674441 4.2044e-19
    outer loop
      vertex 120.315 -40.7219 8
      vertex 120.3 -40.5 6
      vertex 120.3 -40.5 8
    endloop
  endfacet
  facet normal 0.997723 0.0674441 4.2044e-19
    outer loop
      vertex 120.3 -40.5 6
      vertex 120.315 -40.7219 8
      vertex 120.315 -40.7219 6
    endloop
  endfacet
  facet normal 0.981113 0.193434 -1.74211e-18
    outer loop
      vertex 120.358 -40.94 8
      vertex 120.315 -40.7219 6
      vertex 120.315 -40.7219 8
    endloop
  endfacet
  facet normal 0.981113 0.193434 -1.74211e-18
    outer loop
      vertex 120.315 -40.7219 6
      vertex 120.358 -40.94 8
      vertex 120.358 -40.94 6
    endloop
  endfacet
  facet normal 0.947598 0.319466 -1.08546e-18
    outer loop
      vertex 120.429 -41.1506 8
      vertex 120.358 -40.94 6
      vertex 120.358 -40.94 8
    endloop
  endfacet
  facet normal 0.947598 0.319466 -1.08546e-18
    outer loop
      vertex 120.358 -40.94 6
      vertex 120.429 -41.1506 8
      vertex 120.429 -41.1506 6
    endloop
  endfacet
  facet normal -0.659714 -0.751516 0
    outer loop
      vertex 123.035 -39.1513 6
      vertex 123.202 -39.2979 8
      vertex 123.035 -39.1513 8
    endloop
  endfacet
  facet normal -0.659714 -0.751516 -0
    outer loop
      vertex 123.202 -39.2979 8
      vertex 123.035 -39.1513 6
      vertex 123.202 -39.2979 6
    endloop
  endfacet
  facet normal 0 0 -1
    outer loop
      vertex 74 -15 4
      vertex 76 -7 4
      vertex 76 -15 4
    endloop
  endfacet
  facet normal -0 0 -1
    outer loop
      vertex 76 -7 4
      vertex 74 -15 4
      vertex 74 -7 4
    endloop
  endfacet
  facet normal 0 1 -0
    outer loop
      vertex 76 -15 -0.5
      vertex 75.4 -15 0
      vertex 76 -15 0
    endloop
  endfacet
  facet normal 0 1 0
    outer loop
      vertex 75.4 -15 0
      vertex 76 -15 -0.5
      vertex 75.4 -15 -0.5
    endloop
  endfacet
  facet normal 0 1 0
    outer loop
      vertex 75.4 -15 0
      vertex 76 -15 4
      vertex 76 -15 0
    endloop
  endfacet
  facet normal 0 1 0
    outer loop
      vertex 76 -15 4
      vertex 75.4 -15 0
      vertex 74 -15 4
    endloop
  endfacet
  facet normal 0 1 0
    outer loop
      vertex 74 -15 4
      vertex 75.4 -15 0
      vertex 74 -15 0
    endloop
  endfacet
  facet normal 0 -1 0
    outer loop
      vertex 75.4 -7 0
      vertex 74 -7 4
      vertex 74 -7 0
    endloop
  endfacet
  facet normal 0 -1 0
    outer loop
      vertex 74 -7 4
      vertex 75.4 -7 0
      vertex 76 -7 4
    endloop
  endfacet
  facet normal 0 -1 0
    outer loop
      vertex 75.4 -7 0
      vertex 76 -7 0
      vertex 76 -7 4
    endloop
  endfacet
  facet normal 0 -1 0
    outer loop
      vertex 75.4 -7 -0.5
      vertex 76 -7 0
      vertex 75.4 -7 0
    endloop
  endfacet
  facet normal 0 -1 -0
    outer loop
      vertex 76 -7 0
      vertex 75.4 -7 -0.5
      vertex 76 -7 -0.5
    endloop
  endfacet
  facet normal 0 0 -1
    outer loop
      vertex 136 -15 4
      vertex 138 -7 4
      vertex 138 -15 4
    endloop
  endfacet
  facet normal -0 0 -1
    outer loop
      vertex 138 -7 4
      vertex 136 -15 4
      vertex 136 -7 4
    endloop
  endfacet
  facet normal 0 1 0
    outer loop
      vertex 136.6 -15 0
      vertex 138 -15 4
      vertex 138 -15 0
    endloop
  endfacet
  facet normal 0 1 0
    outer loop
      vertex 138 -15 4
      vertex 136.6 -15 0
      vertex 136 -15 4
    endloop
  endfacet
  facet normal 0 1 0
    outer loop
      vertex 136 -15 -0.5
      vertex 136.6 -15 0
      vertex 136.6 -15 -0.5
    endloop
  endfacet
  facet normal 0 1 0
    outer loop
      vertex 136.6 -15 0
      vertex 136 -15 -0.5
      vertex 136 -15 4
    endloop
  endfacet
  facet normal 0 -1 0
    outer loop
      vertex 136 -7 4
      vertex 136.6 -7 0
      vertex 138 -7 4
    endloop
  endfacet
  facet normal 0 -1 0
    outer loop
      vertex 136 -7 -0.5
      vertex 136.6 -7 0
      vertex 136 -7 4
    endloop
  endfacet
  facet normal 0 -1 -0
    outer loop
      vertex 136.6 -7 0
      vertex 136 -7 -0.5
      vertex 136.6 -7 -0.5
    endloop
  endfacet
  facet normal 0 -1 -0
    outer loop
      vertex 138 -7 4
      vertex 136.6 -7 0
      vertex 138 -7 0
    endloop
  endfacet
  facet normal 0 0 -1
    outer loop
      vertex 74 -27 4
      vertex 76 -19 4
      vertex 76 -27 4
    endloop
  endfacet
  facet normal -0 0 -1
    outer loop
      vertex 76 -19 4
      vertex 74 -27 4
      vertex 74 -19 4
    endloop
  endfacet
  facet normal 0 1 -0
    outer loop
      vertex 76 -27 -0.5
      vertex 75.4 -27 0
      vertex 76 -27 0
    endloop
  endfacet
  facet normal 0 1 0
    outer loop
      vertex 75.4 -27 0
      vertex 76 -27 -0.5
      vertex 75.4 -27 -0.5
    endloop
  endfacet
  facet normal 0 1 0
    outer loop
      vertex 75.4 -27 0
      vertex 76 -27 4
      vertex 76 -27 0
    endloop
  endfacet
  facet normal 0 1 0
    outer loop
      vertex 76 -27 4
      vertex 75.4 -27 0
      vertex 74 -27 4
    endloop
  endfacet
  facet normal 0 1 0
    outer loop
      vertex 74 -27 4
      vertex 75.4 -27 0
      vertex 74 -27 0
    endloop
  endfacet
  facet normal 0 -1 0
    outer loop
      vertex 75.4 -19 0
      vertex 74 -19 4
      vertex 74 -19 0
    endloop
  endfacet
  facet normal 0 -1 0
    outer loop
      vertex 74 -19 4
      vertex 75.4 -19 0
      vertex 76 -19 4
    endloop
  endfacet
  facet normal 0 -1 0
    outer loop
      vertex 75.4 -19 0
      vertex 76 -19 0
      vertex 76 -19 4
    endloop
  endfacet
  facet normal 0 -1 0
    outer loop
      vertex 75.4 -19 -0.5
      vertex 76 -19 0
      vertex 75.4 -19 0
    endloop
  endfacet
  facet normal 0 -1 -0
    outer loop
      vertex 76 -19 0
      vertex 75.4 -19 -0.5
      vertex 76 -19 -0.5
    endloop
  endfacet
  facet normal 0 0 -1
    outer loop
      vertex 136 -27 4
      vertex 138 -19 4
      vertex 138 -27 4
    endloop
  endfacet
  facet normal -0 0 -1
    outer loop
      vertex 138 -19 4
      vertex 136 -27 4
      vertex 136 -19 4
    endloop
  endfacet
  facet normal 0 1 0
    outer loop
      vertex 136.6 -27 0
      vertex 138 -27 4
      vertex 138 -27 0
    endloop
  endfacet
  facet normal 0 1 0
    outer loop
      vertex 138 -27 4
      vertex 136.6 -27 0
      vertex 136 -27 4
    endloop
  endfacet
  facet normal 0 1 0
    outer loop
      vertex 136 -27 -0.5
      vertex 136.6 -27 0
      vertex 136.6 -27 -0.5
    endloop
  endfacet
  facet normal 0 1 0
    outer loop
      vertex 136.6 -27 0
      vertex 136 -27 -0.5
      vertex 136 -27 4
    endloop
  endfacet
  facet normal 0 -1 0
    outer loop
      vertex 136 -19 4
      vertex 136.6 -19 0
      vertex 138 -19 4
    endloop
  endfacet
  facet normal 0 -1 0
    outer loop
      vertex 136 -19 -0.5
      vertex 136.6 -19 0
      vertex 136 -19 4
    endloop
  endfacet
  facet normal 0 -1 -0
    outer loop
      vertex 136.6 -19 0
      vertex 136 -19 -0.5
      vertex 136.6 -19 -0.5
    endloop
  endfacet
  facet normal 0 -1 -0
    outer loop
      vertex 138 -19 4
      vertex 136.6 -19 0
      vertex 138 -19 0
    endloop
  endfacet
  facet normal 0 0 -1
    outer loop
      vertex 74 -39 4
      vertex 76 -31 4
      vertex 76 -39 4
    endloop
  endfacet
  facet normal -0 0 -1
    outer loop
      vertex 76 -31 4
      vertex 74 -39 4
      vertex 74 -31 4
    endloop
  endfacet
  facet normal 0 1 -0
    outer loop
      vertex 76 -39 -0.5
      vertex 75.4 -39 0
      vertex 76 -39 0
    endloop
  endfacet
  facet normal 0 1 0
    outer loop
      vertex 75.4 -39 0
      vertex 76 -39 -0.5
      vertex 75.4 -39 -0.5
    endloop
  endfacet
  facet normal 0 1 0
    outer loop
      vertex 75.4 -39 0
      vertex 76 -39 4
      vertex 76 -39 0
    endloop
  endfacet
  facet normal 0 1 0
    outer loop
      vertex 76 -39 4
      vertex 75.4 -39 0
      vertex 74 -39 4
    endloop
  endfacet
  facet normal 0 1 0
    outer loop
      vertex 74 -39 4
      vertex 75.4 -39 0
      vertex 74 -39 0
    endloop
  endfacet
  facet normal 0 -1 0
    outer loop
      vertex 75.4 -31 0
      vertex 74 -31 4
      vertex 74 -31 0
    endloop
  endfacet
  facet normal 0 -1 0
    outer loop
      vertex 74 -31 4
      vertex 75.4 -31 0
      vertex 76 -31 4
    endloop
  endfacet
  facet normal 0 -1 0
    outer loop
      vertex 75.4 -31 0
      vertex 76 -31 0
      vertex 76 -31 4
    endloop
  endfacet
  facet normal 0 -1 0
    outer loop
      vertex 75.4 -31 -0.5
      vertex 76 -31 0
      vertex 75.4 -31 0
    endloop
  endfacet
  facet normal 0 -1 -0
    outer loop
      vertex 76 -31 0
      vertex 75.4 -31 -0.5
      vertex 76 -31 -0.5
    endloop
  endfacet
  facet normal 0 0 -1
    outer loop
      vertex 136 -39 4
      vertex 138 -31 4
      vertex 138 -39 4
    endloop
  endfacet
  facet normal -0 0 -1
    outer loop
      vertex 138 -31 4
      vertex 136 -39 4
      vertex 136 -31 4
    endloop
  endfacet
  facet normal 0 1 0
    outer loop
      vertex 136.6 -39 0
      vertex 138 -39 4
      vertex 138 -39 0
    endloop
  endfacet
  facet normal 0 1 0
    outer loop
      vertex 138 -39 4
      vertex 136.6 -39 0
      vertex 136 -39 4
    endloop
  endfacet
  facet normal 0 1 0
    outer loop
      vertex 136 -39 -0.5
      vertex 136.6 -39 0
      vertex 136.6 -39 -0.5
    endloop
  endfacet
  facet normal 0 1 0
    outer loop
      vertex 136.6 -39 0
      vertex 136 -39 -0.5
      vertex 136 -39 4
    endloop
  endfacet
  facet normal 0 -1 0
    outer loop
      vertex 136 -31 4
      vertex 136.6 -31 0
      vertex 138 -31 4
    endloop
  endfacet
  facet normal 0 -1 0
    outer loop
      vertex 136 -31 -0.5
      vertex 136.6 -31 0
      vertex 136 -31 4
    endloop
  endfacet
  facet normal 0 -1 -0
    outer loop
      vertex 136.6 -31 0
      vertex 136 -31 -0.5
      vertex 136.6 -31 -0.5
    endloop
  endfacet
  facet normal 0 -1 -0
    outer loop
      vertex 138 -31 4
      vertex 136.6 -31 0
      vertex 138 -31 0
    endloop
  endfacet
  facet normal -1 0 0
    outer loop
      vertex 136 -39 -0.5
      vertex 136 -47 -0.5
      vertex 136 -39 4
    endloop
  endfacet
  facet normal -1 0 0
    outer loop
      vertex 136 -27 -0.5
      vertex 136 -31 -0.5
      vertex 136 -27 4
    endloop
  endfacet
  facet normal -1 0 0
    outer loop
      vertex 136 -15 -0.5
      vertex 136 -19 -0.5
      vertex 136 -15 4
    endloop
  endfacet
  facet normal -1 0 0
    outer loop
      vertex 136 -7 4
      vertex 136 -2 -0.5
      vertex 136 -7 -0.5
    endloop
  endfacet
  facet normal -1 0 0
    outer loop
      vertex 136 -2 -0.5
      vertex 136 -7 4
      vertex 136 -2 6
    endloop
  endfacet
  facet normal -1 0 0
    outer loop
      vertex 136 -15 4
      vertex 136 -2 6
      vertex 136 -7 4
    endloop
  endfacet
  facet normal -1 0 0
    outer loop
      vertex 136 -19 4
      vertex 136 -15 4
      vertex 136 -19 -0.5
    endloop
  endfacet
  facet normal -1 0 0
    outer loop
      vertex 136 -19 4
      vertex 136 -2 6
      vertex 136 -15 4
    endloop
  endfacet
  facet normal -1 0 0
    outer loop
      vertex 136 -27 4
      vertex 136 -2 6
      vertex 136 -19 4
    endloop
  endfacet
  facet normal -1 0 0
    outer loop
      vertex 136 -31 4
      vertex 136 -27 4
      vertex 136 -31 -0.5
    endloop
  endfacet
  facet normal -1 0 0
    outer loop
      vertex 136 -47 6
      vertex 136 -27 4
      vertex 136 -31 4
    endloop
  endfacet
  facet normal -1 0 0
    outer loop
      vertex 136 -47 6
      vertex 136 -31 4
      vertex 136 -39 4
    endloop
  endfacet
  facet normal -1 0 0
    outer loop
      vertex 136 -27 4
      vertex 136 -47 6
      vertex 136 -2 6
    endloop
  endfacet
  facet normal -1 0 0
    outer loop
      vertex 136 -47 6
      vertex 136 -39 4
      vertex 136 -47 -0.5
    endloop
  endfacet
  facet normal 0 0 -1
    outer loop
      vertex 95.0423 -10.2196 6
      vertex 91.6855 -8.72189 6
      vertex 91.7 -8.5 6
    endloop
  endfacet
  facet normal 0 0 -1
    outer loop
      vertex 93.2721 -11.7721 6
      vertex 91.6421 -8.93999 6
      vertex 91.6855 -8.72189 6
    endloop
  endfacet
  facet normal 0 0 -1
    outer loop
      vertex 93.2721 -11.7721 6
      vertex 91.5706 -9.15056 6
      vertex 91.6421 -8.93999 6
    endloop
  endfacet
  facet normal 0 0 -1
    outer loop
      vertex 93.2721 -11.7721 6
      vertex 91.4722 -9.35 6
      vertex 91.5706 -9.15056 6
    endloop
  endfacet
  facet normal 0 0 -1
    outer loop
      vertex 93.2721 -11.7721 6
      vertex 91.3487 -9.53489 6
      vertex 91.4722 -9.35 6
    endloop
  endfacet
  facet normal 0 0 -1
    outer loop
      vertex 93.2721 -11.7721 6
      vertex 91.2021 -9.70208 6
      vertex 91.3487 -9.53489 6
    endloop
  endfacet
  facet normal 0 0 -1
    outer loop
      vertex 93.2721 -11.7721 6
      vertex 91.0349 -9.8487 6
      vertex 91.2021 -9.70208 6
    endloop
  endfacet
  facet normal 0 0 -1
    outer loop
      vertex 93.2721 -11.7721 6
      vertex 90.85 -9.97224 6
      vertex 91.0349 -9.8487 6
    endloop
  endfacet
  facet normal 0 0 -1
    outer loop
      vertex 93.2721 -11.7721 6
      vertex 90.6506 -10.0706 6
      vertex 90.85 -9.97224 6
    endloop
  endfacet
  facet normal 0 0 -1
    outer loop
      vertex 91.7196 -13.5423 6
      vertex 90.44 -10.1421 6
      vertex 90.6506 -10.0706 6
    endloop
  endfacet
  facet normal 0 0 -1
    outer loop
      vertex 89.56 -10.1421 6
      vertex 91.7196 -13.5423 6
      vertex 90.4115 -15.5 6
    endloop
  endfacet
  facet normal 0 0 -1
    outer loop
      vertex 91.7196 -13.5423 6
      vertex 90.2219 -10.1855 6
      vertex 90.44 -10.1421 6
    endloop
  endfacet
  facet normal 0 0 -1
    outer loop
      vertex 91.7196 -13.5423 6
      vertex 90 -10.2 6
      vertex 90.2219 -10.1855 6
    endloop
  endfacet
  facet normal 0 0 -1
    outer loop
      vertex 91.7196 -13.5423 6
      vertex 89.7781 -10.1855 6
      vertex 90 -10.2 6
    endloop
  endfacet
  facet normal 0 0 -1
    outer loop
      vertex 91.7196 -13.5423 6
      vertex 89.56 -10.1421 6
      vertex 89.7781 -10.1855 6
    endloop
  endfacet
  facet normal 0 0 -1
    outer loop
      vertex 88.7979 -9.70208 6
      vertex 90.4115 -15.5 6
      vertex 89.3702 -17.6117 6
    endloop
  endfacet
  facet normal 0 0 -1
    outer loop
      vertex 90.4115 -15.5 6
      vertex 89.3494 -10.0706 6
      vertex 89.56 -10.1421 6
    endloop
  endfacet
  facet normal 0 0 -1
    outer loop
      vertex 90.4115 -15.5 6
      vertex 89.15 -9.97224 6
      vertex 89.3494 -10.0706 6
    endloop
  endfacet
  facet normal 0 0 -1
    outer loop
      vertex 90.4115 -15.5 6
      vertex 88.9651 -9.8487 6
      vertex 89.15 -9.97224 6
    endloop
  endfacet
  facet normal 0 0 -1
    outer loop
      vertex 90.4115 -15.5 6
      vertex 88.7979 -9.70208 6
      vertex 88.9651 -9.8487 6
    endloop
  endfacet
  facet normal 0 0 -1
    outer loop
      vertex 89.3702 -17.6117 6
      vertex 88.6513 -9.53489 6
      vertex 88.7979 -9.70208 6
    endloop
  endfacet
  facet normal 0 0 -1
    outer loop
      vertex 88.4294 -9.15056 6
      vertex 89.3702 -17.6117 6
      vertex 88.6133 -19.8413 6
    endloop
  endfacet
  facet normal 0 0 -1
    outer loop
      vertex 89.3702 -17.6117 6
      vertex 88.5278 -9.35 6
      vertex 88.6513 -9.53489 6
    endloop
  endfacet
  facet normal 0 0 -1
    outer loop
      vertex 89.3702 -17.6117 6
      vertex 88.4294 -9.15056 6
      vertex 88.5278 -9.35 6
    endloop
  endfacet
  facet normal 0 0 -1
    outer loop
      vertex 76 -2 6
      vertex 88.4294 -9.15056 6
      vertex 88.6133 -19.8413 6
    endloop
  endfacet
  facet normal 0 0 -1
    outer loop
      vertex 88.4294 -9.15056 6
      vertex 76 -2 6
      vertex 88.3579 -8.93999 6
    endloop
  endfacet
  facet normal 0 0 -1
    outer loop
      vertex 88.3579 -8.93999 6
      vertex 76 -2 6
      vertex 88.3145 -8.72189 6
    endloop
  endfacet
  facet normal 0 0 -1
    outer loop
      vertex 76 -2 6
      vertex 88.6133 -19.8413 6
      vertex 88.154 -22.1505 6
    endloop
  endfacet
  facet normal 0 0 -1
    outer loop
      vertex 91.5706 -39.8494 6
      vertex 95.0423 -38.7804 6
      vertex 91.6421 -40.06 6
    endloop
  endfacet
  facet normal -0 0 -1
    outer loop
      vertex 95.0423 -38.7804 6
      vertex 91.5706 -39.8494 6
      vertex 93.2721 -37.2279 6
    endloop
  endfacet
  facet normal 0 0 -1
    outer loop
      vertex 91.4722 -39.65 6
      vertex 93.2721 -37.2279 6
      vertex 91.5706 -39.8494 6
    endloop
  endfacet
  facet normal 0 0 -1
    outer loop
      vertex 91.3487 -39.4651 6
      vertex 93.2721 -37.2279 6
      vertex 91.4722 -39.65 6
    endloop
  endfacet
  facet normal 0 0 -1
    outer loop
      vertex 91.2021 -39.2979 6
      vertex 93.2721 -37.2279 6
      vertex 91.3487 -39.4651 6
    endloop
  endfacet
  facet normal 0 0 -1
    outer loop
      vertex 91.0349 -39.1513 6
      vertex 93.2721 -37.2279 6
      vertex 91.2021 -39.2979 6
    endloop
  endfacet
  facet normal 0 0 -1
    outer loop
      vertex 90.85 -39.0278 6
      vertex 93.2721 -37.2279 6
      vertex 91.0349 -39.1513 6
    endloop
  endfacet
  facet normal 0 0 -1
    outer loop
      vertex 90.6506 -38.9294 6
      vertex 93.2721 -37.2279 6
      vertex 90.85 -39.0278 6
    endloop
  endfacet
  facet normal -0 0 -1
    outer loop
      vertex 93.2721 -37.2279 6
      vertex 90.6506 -38.9294 6
      vertex 91.7196 -35.4577 6
    endloop
  endfacet
  facet normal 0 0 -1
    outer loop
      vertex 90.44 -38.8579 6
      vertex 91.7196 -35.4577 6
      vertex 90.6506 -38.9294 6
    endloop
  endfacet
  facet normal 0 0 -1
    outer loop
      vertex 90.2219 -38.8145 6
      vertex 91.7196 -35.4577 6
      vertex 90.44 -38.8579 6
    endloop
  endfacet
  facet normal 0 0 -1
    outer loop
      vertex 90 -38.8 6
      vertex 91.7196 -35.4577 6
      vertex 90.2219 -38.8145 6
    endloop
  endfacet
  facet normal 0 0 -1
    outer loop
      vertex 89.7781 -38.8145 6
      vertex 91.7196 -35.4577 6
      vertex 90 -38.8 6
    endloop
  endfacet
  facet normal 0 0 -1
    outer loop
      vertex 89.56 -38.8579 6
      vertex 91.7196 -35.4577 6
      vertex 89.7781 -38.8145 6
    endloop
  endfacet
  facet normal -0 0 -1
    outer loop
      vertex 91.7196 -35.4577 6
      vertex 89.56 -38.8579 6
      vertex 90.4115 -33.5 6
    endloop
  endfacet
  facet normal 0 0 -1
    outer loop
      vertex 89.3494 -38.9294 6
      vertex 90.4115 -33.5 6
      vertex 89.56 -38.8579 6
    endloop
  endfacet
  facet normal 0 0 -1
    outer loop
      vertex 89.15 -39.0278 6
      vertex 90.4115 -33.5 6
      vertex 89.3494 -38.9294 6
    endloop
  endfacet
  facet normal 0 0 -1
    outer loop
      vertex 88.9651 -39.1513 6
      vertex 90.4115 -33.5 6
      vertex 89.15 -39.0278 6
    endloop
  endfacet
  facet normal 0 0 -1
    outer loop
      vertex 88.7979 -39.2979 6
      vertex 90.4115 -33.5 6
      vertex 88.9651 -39.1513 6
    endloop
  endfacet
  facet normal -0 0 -1
    outer loop
      vertex 90.4115 -33.5 6
      vertex 88.7979 -39.2979 6
      vertex 89.3702 -31.3883 6
    endloop
  endfacet
  facet normal 0 0 -1
    outer loop
      vertex 88.6513 -39.4651 6
      vertex 89.3702 -31.3883 6
      vertex 88.7979 -39.2979 6
    endloop
  endfacet
  facet normal 0 0 -1
    outer loop
      vertex 88.5278 -39.65 6
      vertex 89.3702 -31.3883 6
      vertex 88.6513 -39.4651 6
    endloop
  endfacet
  facet normal 0 0 -1
    outer loop
      vertex 88.4294 -39.8494 6
      vertex 89.3702 -31.3883 6
      vertex 88.5278 -39.65 6
    endloop
  endfacet
  facet normal -0 0 -1
    outer loop
      vertex 89.3702 -31.3883 6
      vertex 88.4294 -39.8494 6
      vertex 88.6133 -29.1587 6
    endloop
  endfacet
  facet normal 0 0 -1
    outer loop
      vertex 76 -47 6
      vertex 88.4294 -39.8494 6
      vertex 88.3579 -40.06 6
    endloop
  endfacet
  facet normal 0 0 -1
    outer loop
      vertex 76 -47 6
      vertex 88.3579 -40.06 6
      vertex 88.3145 -40.2781 6
    endloop
  endfacet
  facet normal 0 0 -1
    outer loop
      vertex 76 -47 6
      vertex 88.3145 -40.2781 6
      vertex 88.3 -40.5 6
    endloop
  endfacet
  facet normal -0 0 -1
    outer loop
      vertex 88.4294 -39.8494 6
      vertex 76 -47 6
      vertex 88.6133 -29.1587 6
    endloop
  endfacet
  facet normal 0 0 -1
    outer loop
      vertex 136 -2 6
      vertex 123.685 -8.72189 6
      vertex 123.7 -8.5 6
    endloop
  endfacet
  facet normal 0 0 -1
    outer loop
      vertex 136 -2 6
      vertex 123.642 -8.93999 6
      vertex 123.685 -8.72189 6
    endloop
  endfacet
  facet normal 0 -0 -1
    outer loop
      vertex 123.571 -9.15056 6
      vertex 136 -2 6
      vertex 123.387 -19.8413 6
    endloop
  endfacet
  facet normal 0 0 -1
    outer loop
      vertex 136 -2 6
      vertex 123.571 -9.15056 6
      vertex 123.642 -8.93999 6
    endloop
  endfacet
  facet normal 0 0 -1
    outer loop
      vertex 122.63 -17.6117 6
      vertex 123.571 -9.15056 6
      vertex 123.387 -19.8413 6
    endloop
  endfacet
  facet normal 0 0 -1
    outer loop
      vertex 123.571 -9.15056 6
      vertex 122.63 -17.6117 6
      vertex 123.472 -9.35 6
    endloop
  endfacet
  facet normal 0 0 -1
    outer loop
      vertex 123.472 -9.35 6
      vertex 122.63 -17.6117 6
      vertex 123.349 -9.53489 6
    endloop
  endfacet
  facet normal 0 0 -1
    outer loop
      vertex 123.349 -9.53489 6
      vertex 122.63 -17.6117 6
      vertex 123.202 -9.70208 6
    endloop
  endfacet
  facet normal 0 0 -1
    outer loop
      vertex 121.588 -15.5 6
      vertex 123.202 -9.70208 6
      vertex 122.63 -17.6117 6
    endloop
  endfacet
  facet normal 0 0 -1
    outer loop
      vertex 123.202 -9.70208 6
      vertex 121.588 -15.5 6
      vertex 123.035 -9.8487 6
    endloop
  endfacet
  facet normal 0 0 -1
    outer loop
      vertex 123.035 -9.8487 6
      vertex 121.588 -15.5 6
      vertex 122.85 -9.97224 6
    endloop
  endfacet
  facet normal 0 0 -1
    outer loop
      vertex 122.85 -9.97224 6
      vertex 121.588 -15.5 6
      vertex 122.651 -10.0706 6
    endloop
  endfacet
  facet normal 0 0 -1
    outer loop
      vertex 122.651 -10.0706 6
      vertex 121.588 -15.5 6
      vertex 122.44 -10.1421 6
    endloop
  endfacet
  facet normal 0 0 -1
    outer loop
      vertex 120.28 -13.5423 6
      vertex 122.44 -10.1421 6
      vertex 121.588 -15.5 6
    endloop
  endfacet
  facet normal 0 0 -1
    outer loop
      vertex 122.44 -10.1421 6
      vertex 120.28 -13.5423 6
      vertex 122.222 -10.1855 6
    endloop
  endfacet
  facet normal 0 0 -1
    outer loop
      vertex 122.222 -10.1855 6
      vertex 120.28 -13.5423 6
      vertex 122 -10.2 6
    endloop
  endfacet
  facet normal -0 0 -1
    outer loop
      vertex 122 -10.2 6
      vertex 120.28 -13.5423 6
      vertex 121.778 -10.1855 6
    endloop
  endfacet
  facet normal -0 0 -1
    outer loop
      vertex 121.778 -10.1855 6
      vertex 120.28 -13.5423 6
      vertex 121.56 -10.1421 6
    endloop
  endfacet
  facet normal -0 0 -1
    outer loop
      vertex 121.56 -10.1421 6
      vertex 120.28 -13.5423 6
      vertex 121.349 -10.0706 6
    endloop
  endfacet
  facet normal 0 0 -1
    outer loop
      vertex 118.728 -11.7721 6
      vertex 121.349 -10.0706 6
      vertex 120.28 -13.5423 6
    endloop
  endfacet
  facet normal -0 0 -1
    outer loop
      vertex 121.349 -10.0706 6
      vertex 118.728 -11.7721 6
      vertex 121.15 -9.97224 6
    endloop
  endfacet
  facet normal -0 0 -1
    outer loop
      vertex 121.15 -9.97224 6
      vertex 118.728 -11.7721 6
      vertex 120.965 -9.8487 6
    endloop
  endfacet
  facet normal -0 0 -1
    outer loop
      vertex 120.965 -9.8487 6
      vertex 118.728 -11.7721 6
      vertex 120.798 -9.70208 6
    endloop
  endfacet
  facet normal -0 0 -1
    outer loop
      vertex 120.798 -9.70208 6
      vertex 118.728 -11.7721 6
      vertex 120.651 -9.53489 6
    endloop
  endfacet
  facet normal -0 0 -1
    outer loop
      vertex 120.651 -9.53489 6
      vertex 118.728 -11.7721 6
      vertex 120.528 -9.35 6
    endloop
  endfacet
  facet normal -0 0 -1
    outer loop
      vertex 120.528 -9.35 6
      vertex 118.728 -11.7721 6
      vertex 120.429 -9.15056 6
    endloop
  endfacet
  facet normal -0 0 -1
    outer loop
      vertex 120.429 -9.15056 6
      vertex 116.958 -10.2196 6
      vertex 120.358 -8.93999 6
    endloop
  endfacet
  facet normal 0 0 -1
    outer loop
      vertex 116.958 -10.2196 6
      vertex 120.429 -9.15056 6
      vertex 118.728 -11.7721 6
    endloop
  endfacet
  facet normal 0 0 -1
    outer loop
      vertex 136 -47 6
      vertex 124 -24.5 6
      vertex 136 -2 6
    endloop
  endfacet
  facet normal 0 0 -1
    outer loop
      vertex 136 -47 6
      vertex 123.846 -26.8495 6
      vertex 124 -24.5 6
    endloop
  endfacet
  facet normal 0 0 -1
    outer loop
      vertex 123.685 -40.2781 6
      vertex 136 -47 6
      vertex 123.7 -40.5 6
    endloop
  endfacet
  facet normal 0 0 -1
    outer loop
      vertex 136 -47 6
      vertex 123.685 -40.7219 6
      vertex 123.7 -40.5 6
    endloop
  endfacet
  facet normal 0 0 -1
    outer loop
      vertex 136 -47 6
      vertex 123.642 -40.94 6
      vertex 123.685 -40.7219 6
    endloop
  endfacet
  facet normal 0 0 -1
    outer loop
      vertex 136 -47 6
      vertex 123.571 -41.1506 6
      vertex 123.642 -40.94 6
    endloop
  endfacet
  facet normal 0 0 -1
    outer loop
      vertex 136 -47 6
      vertex 123.472 -41.35 6
      vertex 123.571 -41.1506 6
    endloop
  endfacet
  facet normal 0 0 -1
    outer loop
      vertex 136 -47 6
      vertex 123.349 -41.5349 6
      vertex 123.472 -41.35 6
    endloop
  endfacet
  facet normal 0 0 -1
    outer loop
      vertex 136 -47 6
      vertex 123.202 -41.7021 6
      vertex 123.349 -41.5349 6
    endloop
  endfacet
  facet normal 0 0 -1
    outer loop
      vertex 136 -47 6
      vertex 123.035 -41.8487 6
      vertex 123.202 -41.7021 6
    endloop
  endfacet
  facet normal 0 0 -1
    outer loop
      vertex 136 -47 6
      vertex 122.85 -41.9722 6
      vertex 123.035 -41.8487 6
    endloop
  endfacet
  facet normal 0 0 -1
    outer loop
      vertex 136 -47 6
      vertex 122.651 -42.0706 6
      vertex 122.85 -41.9722 6
    endloop
  endfacet
  facet normal 0 0 -1
    outer loop
      vertex 136 -47 6
      vertex 122.44 -42.1421 6
      vertex 122.651 -42.0706 6
    endloop
  endfacet
  facet normal 0 0 -1
    outer loop
      vertex 136 -47 6
      vertex 122.222 -42.1855 6
      vertex 122.44 -42.1421 6
    endloop
  endfacet
  facet normal 0 0 -1
    outer loop
      vertex 136 -47 6
      vertex 122 -42.2 6
      vertex 122.222 -42.1855 6
    endloop
  endfacet
  facet normal 0 0 -1
    outer loop
      vertex 136 -47 6
      vertex 121.778 -42.1855 6
      vertex 122 -42.2 6
    endloop
  endfacet
  facet normal 0 0 -1
    outer loop
      vertex 108.349 -42.346 6
      vertex 121.778 -42.1855 6
      vertex 136 -47 6
    endloop
  endfacet
  facet normal 0 0 -1
    outer loop
      vertex 121.349 -38.9294 6
      vertex 118.728 -37.2279 6
      vertex 120.28 -35.4577 6
    endloop
  endfacet
  facet normal 0 0 -1
    outer loop
      vertex 116.958 -38.7804 6
      vertex 120.3 -40.5 6
      vertex 120.315 -40.7219 6
    endloop
  endfacet
  facet normal 0 0 -1
    outer loop
      vertex 116.958 -38.7804 6
      vertex 120.315 -40.7219 6
      vertex 120.358 -40.94 6
    endloop
  endfacet
  facet normal 0 0 -1
    outer loop
      vertex 115 -40.0885 6
      vertex 120.358 -40.94 6
      vertex 120.429 -41.1506 6
    endloop
  endfacet
  facet normal 0 0 -1
    outer loop
      vertex 120.315 -40.2781 6
      vertex 116.958 -38.7804 6
      vertex 118.728 -37.2279 6
    endloop
  endfacet
  facet normal 0 0 -1
    outer loop
      vertex 115 -40.0885 6
      vertex 120.429 -41.1506 6
      vertex 120.528 -41.35 6
    endloop
  endfacet
  facet normal 0 0 -1
    outer loop
      vertex 115 -40.0885 6
      vertex 120.528 -41.35 6
      vertex 120.651 -41.5349 6
    endloop
  endfacet
  facet normal 0 0 -1
    outer loop
      vertex 115 -40.0885 6
      vertex 120.651 -41.5349 6
      vertex 120.798 -41.7021 6
    endloop
  endfacet
  facet normal 0 0 -1
    outer loop
      vertex 112.888 -41.1298 6
      vertex 120.798 -41.7021 6
      vertex 120.965 -41.8487 6
    endloop
  endfacet
  facet normal 0 0 -1
    outer loop
      vertex 120.358 -40.94 6
      vertex 115 -40.0885 6
      vertex 116.958 -38.7804 6
    endloop
  endfacet
  facet normal 0 0 -1
    outer loop
      vertex 112.888 -41.1298 6
      vertex 120.965 -41.8487 6
      vertex 121.15 -41.9722 6
    endloop
  endfacet
  facet normal 0 0 -1
    outer loop
      vertex 112.888 -41.1298 6
      vertex 121.15 -41.9722 6
      vertex 121.349 -42.0706 6
    endloop
  endfacet
  facet normal 0 0 -1
    outer loop
      vertex 110.659 -41.8867 6
      vertex 121.349 -42.0706 6
      vertex 121.56 -42.1421 6
    endloop
  endfacet
  facet normal -0 0 -1
    outer loop
      vertex 121.778 -42.1855 6
      vertex 108.349 -42.346 6
      vertex 121.56 -42.1421 6
    endloop
  endfacet
  facet normal 0 0 -1
    outer loop
      vertex 120.798 -41.7021 6
      vertex 112.888 -41.1298 6
      vertex 115 -40.0885 6
    endloop
  endfacet
  facet normal 0 0 -1
    outer loop
      vertex 121.349 -42.0706 6
      vertex 110.659 -41.8867 6
      vertex 112.888 -41.1298 6
    endloop
  endfacet
  facet normal -0 0 -1
    outer loop
      vertex 121.56 -42.1421 6
      vertex 108.349 -42.346 6
      vertex 110.659 -41.8867 6
    endloop
  endfacet
  facet normal 0 0 -1
    outer loop
      vertex 136 -47 6
      vertex 106 -42.5 6
      vertex 108.349 -42.346 6
    endloop
  endfacet
  facet normal 0 0 -1
    outer loop
      vertex 76 -47 6
      vertex 106 -42.5 6
      vertex 136 -47 6
    endloop
  endfacet
  facet normal 0 0 -1
    outer loop
      vertex 91.6421 -40.06 6
      vertex 95.0423 -38.7804 6
      vertex 91.6855 -40.2781 6
    endloop
  endfacet
  facet normal 0 0 -1
    outer loop
      vertex 91.6855 -40.2781 6
      vertex 95.0423 -38.7804 6
      vertex 91.7 -40.5 6
    endloop
  endfacet
  facet normal 0 0 -1
    outer loop
      vertex 91.6421 -40.94 6
      vertex 95.0423 -38.7804 6
      vertex 97 -40.0885 6
    endloop
  endfacet
  facet normal 0 0 -1
    outer loop
      vertex 91.2021 -41.7021 6
      vertex 97 -40.0885 6
      vertex 99.1117 -41.1298 6
    endloop
  endfacet
  facet normal 0 0 -1
    outer loop
      vertex 90.6506 -42.0706 6
      vertex 99.1117 -41.1298 6
      vertex 101.341 -41.8867 6
    endloop
  endfacet
  facet normal 0 0 -1
    outer loop
      vertex 90.44 -42.1421 6
      vertex 101.341 -41.8867 6
      vertex 103.651 -42.346 6
    endloop
  endfacet
  facet normal 0 0 -1
    outer loop
      vertex 95.0423 -38.7804 6
      vertex 91.6855 -40.7219 6
      vertex 91.7 -40.5 6
    endloop
  endfacet
  facet normal -0 0 -1
    outer loop
      vertex 106 -42.5 6
      vertex 76 -47 6
      vertex 103.651 -42.346 6
    endloop
  endfacet
  facet normal 0 0 -1
    outer loop
      vertex 95.0423 -38.7804 6
      vertex 91.6421 -40.94 6
      vertex 91.6855 -40.7219 6
    endloop
  endfacet
  facet normal 0 0 -1
    outer loop
      vertex 97 -40.0885 6
      vertex 91.5706 -41.1506 6
      vertex 91.6421 -40.94 6
    endloop
  endfacet
  facet normal 0 0 -1
    outer loop
      vertex 97 -40.0885 6
      vertex 91.4722 -41.35 6
      vertex 91.5706 -41.1506 6
    endloop
  endfacet
  facet normal 0 0 -1
    outer loop
      vertex 97 -40.0885 6
      vertex 91.3487 -41.5349 6
      vertex 91.4722 -41.35 6
    endloop
  endfacet
  facet normal 0 0 -1
    outer loop
      vertex 97 -40.0885 6
      vertex 91.2021 -41.7021 6
      vertex 91.3487 -41.5349 6
    endloop
  endfacet
  facet normal 0 0 -1
    outer loop
      vertex 99.1117 -41.1298 6
      vertex 91.0349 -41.8487 6
      vertex 91.2021 -41.7021 6
    endloop
  endfacet
  facet normal 0 0 -1
    outer loop
      vertex 99.1117 -41.1298 6
      vertex 90.85 -41.9722 6
      vertex 91.0349 -41.8487 6
    endloop
  endfacet
  facet normal 0 0 -1
    outer loop
      vertex 99.1117 -41.1298 6
      vertex 90.6506 -42.0706 6
      vertex 90.85 -41.9722 6
    endloop
  endfacet
  facet normal 0 0 -1
    outer loop
      vertex 101.341 -41.8867 6
      vertex 90.44 -42.1421 6
      vertex 90.6506 -42.0706 6
    endloop
  endfacet
  facet normal 0 -0 -1
    outer loop
      vertex 90.2219 -42.1855 6
      vertex 103.651 -42.346 6
      vertex 76 -47 6
    endloop
  endfacet
  facet normal 0 0 -1
    outer loop
      vertex 103.651 -42.346 6
      vertex 90.2219 -42.1855 6
      vertex 90.44 -42.1421 6
    endloop
  endfacet
  facet normal 0 0 -1
    outer loop
      vertex 90.2219 -42.1855 6
      vertex 76 -47 6
      vertex 90 -42.2 6
    endloop
  endfacet
  facet normal -0 0 -1
    outer loop
      vertex 88.6133 -29.1587 6
      vertex 76 -47 6
      vertex 88.154 -26.8495 6
    endloop
  endfacet
  facet normal -0 0 -1
    outer loop
      vertex 88.154 -26.8495 6
      vertex 76 -47 6
      vertex 88 -24.5 6
    endloop
  endfacet
  facet normal -0 0 -1
    outer loop
      vertex 88.3145 -40.7219 6
      vertex 76 -47 6
      vertex 88.3 -40.5 6
    endloop
  endfacet
  facet normal -0 0 -1
    outer loop
      vertex 88.3579 -40.94 6
      vertex 76 -47 6
      vertex 88.3145 -40.7219 6
    endloop
  endfacet
  facet normal -0 0 -1
    outer loop
      vertex 88.4294 -41.1506 6
      vertex 76 -47 6
      vertex 88.3579 -40.94 6
    endloop
  endfacet
  facet normal -0 0 -1
    outer loop
      vertex 88.5278 -41.35 6
      vertex 76 -47 6
      vertex 88.4294 -41.1506 6
    endloop
  endfacet
  facet normal -0 0 -1
    outer loop
      vertex 88.6513 -41.5349 6
      vertex 76 -47 6
      vertex 88.5278 -41.35 6
    endloop
  endfacet
  facet normal -0 0 -1
    outer loop
      vertex 88.7979 -41.7021 6
      vertex 76 -47 6
      vertex 88.6513 -41.5349 6
    endloop
  endfacet
  facet normal -0 0 -1
    outer loop
      vertex 88.9651 -41.8487 6
      vertex 76 -47 6
      vertex 88.7979 -41.7021 6
    endloop
  endfacet
  facet normal -0 0 -1
    outer loop
      vertex 89.15 -41.9722 6
      vertex 76 -47 6
      vertex 88.9651 -41.8487 6
    endloop
  endfacet
  facet normal -0 0 -1
    outer loop
      vertex 89.3494 -42.0706 6
      vertex 76 -47 6
      vertex 89.15 -41.9722 6
    endloop
  endfacet
  facet normal -0 0 -1
    outer loop
      vertex 89.56 -42.1421 6
      vertex 76 -47 6
      vertex 89.3494 -42.0706 6
    endloop
  endfacet
  facet normal -0 0 -1
    outer loop
      vertex 89.7781 -42.1855 6
      vertex 76 -47 6
      vertex 89.56 -42.1421 6
    endloop
  endfacet
  facet normal -0 0 -1
    outer loop
      vertex 90 -42.2 6
      vertex 76 -47 6
      vertex 89.7781 -42.1855 6
    endloop
  endfacet
  facet normal 0 0 -1
    outer loop
      vertex 123.846 -22.1505 6
      vertex 136 -2 6
      vertex 124 -24.5 6
    endloop
  endfacet
  facet normal 0 0 -1
    outer loop
      vertex 123.387 -19.8413 6
      vertex 136 -2 6
      vertex 123.846 -22.1505 6
    endloop
  endfacet
  facet normal 0 0 -1
    outer loop
      vertex 123.685 -8.2781 6
      vertex 136 -2 6
      vertex 123.7 -8.5 6
    endloop
  endfacet
  facet normal 0 0 -1
    outer loop
      vertex 123.642 -8.06001 6
      vertex 136 -2 6
      vertex 123.685 -8.2781 6
    endloop
  endfacet
  facet normal 0 0 -1
    outer loop
      vertex 123.571 -7.84944 6
      vertex 136 -2 6
      vertex 123.642 -8.06001 6
    endloop
  endfacet
  facet normal 0 0 -1
    outer loop
      vertex 123.472 -7.65 6
      vertex 136 -2 6
      vertex 123.571 -7.84944 6
    endloop
  endfacet
  facet normal 0 0 -1
    outer loop
      vertex 123.349 -7.46511 6
      vertex 136 -2 6
      vertex 123.472 -7.65 6
    endloop
  endfacet
  facet normal 0 0 -1
    outer loop
      vertex 123.202 -7.29792 6
      vertex 136 -2 6
      vertex 123.349 -7.46511 6
    endloop
  endfacet
  facet normal 0 0 -1
    outer loop
      vertex 123.035 -7.1513 6
      vertex 136 -2 6
      vertex 123.202 -7.29792 6
    endloop
  endfacet
  facet normal 0 0 -1
    outer loop
      vertex 122.85 -7.02776 6
      vertex 136 -2 6
      vertex 123.035 -7.1513 6
    endloop
  endfacet
  facet normal 0 0 -1
    outer loop
      vertex 122.651 -6.9294 6
      vertex 136 -2 6
      vertex 122.85 -7.02776 6
    endloop
  endfacet
  facet normal 0 0 -1
    outer loop
      vertex 122.44 -6.85793 6
      vertex 136 -2 6
      vertex 122.651 -6.9294 6
    endloop
  endfacet
  facet normal 0 0 -1
    outer loop
      vertex 122.222 -6.81454 6
      vertex 136 -2 6
      vertex 122.44 -6.85793 6
    endloop
  endfacet
  facet normal 0 0 -1
    outer loop
      vertex 122 -6.8 6
      vertex 136 -2 6
      vertex 122.222 -6.81454 6
    endloop
  endfacet
  facet normal 0 0 -1
    outer loop
      vertex 121.778 -6.81454 6
      vertex 136 -2 6
      vertex 122 -6.8 6
    endloop
  endfacet
  facet normal 0 0 -1
    outer loop
      vertex 108.349 -6.65399 6
      vertex 121.778 -6.81454 6
      vertex 121.56 -6.85793 6
    endloop
  endfacet
  facet normal -0 0 -1
    outer loop
      vertex 120.358 -8.93999 6
      vertex 116.958 -10.2196 6
      vertex 120.315 -8.72189 6
    endloop
  endfacet
  facet normal -0 0 -1
    outer loop
      vertex 120.315 -8.72189 6
      vertex 116.958 -10.2196 6
      vertex 120.3 -8.5 6
    endloop
  endfacet
  facet normal -0 0 -1
    outer loop
      vertex 120.3 -8.5 6
      vertex 116.958 -10.2196 6
      vertex 120.315 -8.2781 6
    endloop
  endfacet
  facet normal -0 0 -1
    outer loop
      vertex 120.315 -8.2781 6
      vertex 116.958 -10.2196 6
      vertex 120.358 -8.06001 6
    endloop
  endfacet
  facet normal 0 0 -1
    outer loop
      vertex 115 -8.91154 6
      vertex 120.358 -8.06001 6
      vertex 116.958 -10.2196 6
    endloop
  endfacet
  facet normal -0 0 -1
    outer loop
      vertex 120.358 -8.06001 6
      vertex 115 -8.91154 6
      vertex 120.429 -7.84944 6
    endloop
  endfacet
  facet normal -0 0 -1
    outer loop
      vertex 120.429 -7.84944 6
      vertex 115 -8.91154 6
      vertex 120.528 -7.65 6
    endloop
  endfacet
  facet normal -0 0 -1
    outer loop
      vertex 120.528 -7.65 6
      vertex 115 -8.91154 6
      vertex 120.651 -7.46511 6
    endloop
  endfacet
  facet normal -0 0 -1
    outer loop
      vertex 120.651 -7.46511 6
      vertex 115 -8.91154 6
      vertex 120.798 -7.29792 6
    endloop
  endfacet
  facet normal 0 0 -1
    outer loop
      vertex 112.888 -7.87017 6
      vertex 120.798 -7.29792 6
      vertex 115 -8.91154 6
    endloop
  endfacet
  facet normal -0 0 -1
    outer loop
      vertex 120.798 -7.29792 6
      vertex 112.888 -7.87017 6
      vertex 120.965 -7.1513 6
    endloop
  endfacet
  facet normal -0 0 -1
    outer loop
      vertex 120.965 -7.1513 6
      vertex 112.888 -7.87017 6
      vertex 121.15 -7.02776 6
    endloop
  endfacet
  facet normal -0 0 -1
    outer loop
      vertex 121.15 -7.02776 6
      vertex 112.888 -7.87017 6
      vertex 121.349 -6.9294 6
    endloop
  endfacet
  facet normal 0 0 -1
    outer loop
      vertex 110.659 -7.11333 6
      vertex 121.349 -6.9294 6
      vertex 112.888 -7.87017 6
    endloop
  endfacet
  facet normal -0 0 -1
    outer loop
      vertex 121.349 -6.9294 6
      vertex 110.659 -7.11333 6
      vertex 121.56 -6.85793 6
    endloop
  endfacet
  facet normal 0 0 -1
    outer loop
      vertex 108.349 -6.65399 6
      vertex 121.56 -6.85793 6
      vertex 110.659 -7.11333 6
    endloop
  endfacet
  facet normal 0 0 -1
    outer loop
      vertex 121.778 -6.81454 6
      vertex 108.349 -6.65399 6
      vertex 136 -2 6
    endloop
  endfacet
  facet normal 0 0 -1
    outer loop
      vertex 106 -6.5 6
      vertex 136 -2 6
      vertex 108.349 -6.65399 6
    endloop
  endfacet
  facet normal 0 0 -1
    outer loop
      vertex 76 -2 6
      vertex 106 -6.5 6
      vertex 103.651 -6.65399 6
    endloop
  endfacet
  facet normal 0 0 -1
    outer loop
      vertex 90.6506 -10.0706 6
      vertex 93.2721 -11.7721 6
      vertex 91.7196 -13.5423 6
    endloop
  endfacet
  facet normal 0 0 -1
    outer loop
      vertex 91.6855 -8.72189 6
      vertex 95.0423 -10.2196 6
      vertex 93.2721 -11.7721 6
    endloop
  endfacet
  facet normal 0 0 -1
    outer loop
      vertex 91.6855 -8.2781 6
      vertex 95.0423 -10.2196 6
      vertex 91.7 -8.5 6
    endloop
  endfacet
  facet normal 0 0 -1
    outer loop
      vertex 91.6421 -8.06001 6
      vertex 95.0423 -10.2196 6
      vertex 91.6855 -8.2781 6
    endloop
  endfacet
  facet normal 0 0 -1
    outer loop
      vertex 95.0423 -10.2196 6
      vertex 91.6421 -8.06001 6
      vertex 97 -8.91154 6
    endloop
  endfacet
  facet normal 0 0 -1
    outer loop
      vertex 91.5706 -7.84944 6
      vertex 97 -8.91154 6
      vertex 91.6421 -8.06001 6
    endloop
  endfacet
  facet normal 0 0 -1
    outer loop
      vertex 91.4722 -7.65 6
      vertex 97 -8.91154 6
      vertex 91.5706 -7.84944 6
    endloop
  endfacet
  facet normal 0 0 -1
    outer loop
      vertex 91.3487 -7.46511 6
      vertex 97 -8.91154 6
      vertex 91.4722 -7.65 6
    endloop
  endfacet
  facet normal 0 0 -1
    outer loop
      vertex 91.2021 -7.29792 6
      vertex 97 -8.91154 6
      vertex 91.3487 -7.46511 6
    endloop
  endfacet
  facet normal 0 0 -1
    outer loop
      vertex 97 -8.91154 6
      vertex 91.2021 -7.29792 6
      vertex 99.1117 -7.87017 6
    endloop
  endfacet
  facet normal 0 0 -1
    outer loop
      vertex 91.0349 -7.1513 6
      vertex 99.1117 -7.87017 6
      vertex 91.2021 -7.29792 6
    endloop
  endfacet
  facet normal 0 0 -1
    outer loop
      vertex 90.85 -7.02776 6
      vertex 99.1117 -7.87017 6
      vertex 91.0349 -7.1513 6
    endloop
  endfacet
  facet normal 0 0 -1
    outer loop
      vertex 90.6506 -6.9294 6
      vertex 99.1117 -7.87017 6
      vertex 90.85 -7.02776 6
    endloop
  endfacet
  facet normal 0 0 -1
    outer loop
      vertex 99.1117 -7.87017 6
      vertex 90.6506 -6.9294 6
      vertex 101.341 -7.11333 6
    endloop
  endfacet
  facet normal 0 0 -1
    outer loop
      vertex 90.44 -6.85793 6
      vertex 101.341 -7.11333 6
      vertex 90.6506 -6.9294 6
    endloop
  endfacet
  facet normal 0 0 -1
    outer loop
      vertex 101.341 -7.11333 6
      vertex 90.44 -6.85793 6
      vertex 103.651 -6.65399 6
    endloop
  endfacet
  facet normal 0 0 -1
    outer loop
      vertex 90.2219 -6.81454 6
      vertex 103.651 -6.65399 6
      vertex 90.44 -6.85793 6
    endloop
  endfacet
  facet normal -0 0 -1
    outer loop
      vertex 103.651 -6.65399 6
      vertex 90.2219 -6.81454 6
      vertex 76 -2 6
    endloop
  endfacet
  facet normal 0 0 -1
    outer loop
      vertex 76 -2 6
      vertex 90.2219 -6.81454 6
      vertex 90 -6.8 6
    endloop
  endfacet
  facet normal 0 0 -1
    outer loop
      vertex 76 -2 6
      vertex 90 -6.8 6
      vertex 89.7781 -6.81454 6
    endloop
  endfacet
  facet normal 0 0 -1
    outer loop
      vertex 76 -2 6
      vertex 88.154 -22.1505 6
      vertex 88 -24.5 6
    endloop
  endfacet
  facet normal 0 0 -1
    outer loop
      vertex 76 -2 6
      vertex 88 -24.5 6
      vertex 76 -47 6
    endloop
  endfacet
  facet normal 0 0 -1
    outer loop
      vertex 88.3145 -8.72189 6
      vertex 76 -2 6
      vertex 88.3 -8.5 6
    endloop
  endfacet
  facet normal 0 0 -1
    outer loop
      vertex 88.3 -8.5 6
      vertex 76 -2 6
      vertex 88.3145 -8.2781 6
    endloop
  endfacet
  facet normal 0 0 -1
    outer loop
      vertex 106 -6.5 6
      vertex 76 -2 6
      vertex 136 -2 6
    endloop
  endfacet
  facet normal 0 0 -1
    outer loop
      vertex 89.56 -6.85793 6
      vertex 76 -2 6
      vertex 89.7781 -6.81454 6
    endloop
  endfacet
  facet normal 0 0 -1
    outer loop
      vertex 89.3494 -6.9294 6
      vertex 76 -2 6
      vertex 89.56 -6.85793 6
    endloop
  endfacet
  facet normal 0 0 -1
    outer loop
      vertex 89.15 -7.02776 6
      vertex 76 -2 6
      vertex 89.3494 -6.9294 6
    endloop
  endfacet
  facet normal 0 0 -1
    outer loop
      vertex 88.9651 -7.1513 6
      vertex 76 -2 6
      vertex 89.15 -7.02776 6
    endloop
  endfacet
  facet normal 0 0 -1
    outer loop
      vertex 88.7979 -7.29792 6
      vertex 76 -2 6
      vertex 88.9651 -7.1513 6
    endloop
  endfacet
  facet normal 0 0 -1
    outer loop
      vertex 88.6513 -7.46511 6
      vertex 76 -2 6
      vertex 88.7979 -7.29792 6
    endloop
  endfacet
  facet normal 0 0 -1
    outer loop
      vertex 88.5278 -7.65 6
      vertex 76 -2 6
      vertex 88.6513 -7.46511 6
    endloop
  endfacet
  facet normal 0 0 -1
    outer loop
      vertex 88.4294 -7.84944 6
      vertex 76 -2 6
      vertex 88.5278 -7.65 6
    endloop
  endfacet
  facet normal 0 0 -1
    outer loop
      vertex 88.3579 -8.06001 6
      vertex 76 -2 6
      vertex 88.4294 -7.84944 6
    endloop
  endfacet
  facet normal 0 0 -1
    outer loop
      vertex 88.3145 -8.2781 6
      vertex 76 -2 6
      vertex 88.3579 -8.06001 6
    endloop
  endfacet
  facet normal 0 0 -1
    outer loop
      vertex 123.642 -40.06 6
      vertex 136 -47 6
      vertex 123.685 -40.2781 6
    endloop
  endfacet
  facet normal 0 0 -1
    outer loop
      vertex 123.571 -39.8494 6
      vertex 136 -47 6
      vertex 123.642 -40.06 6
    endloop
  endfacet
  facet normal 0 0 -1
    outer loop
      vertex 136 -47 6
      vertex 123.571 -39.8494 6
      vertex 123.387 -29.1587 6
    endloop
  endfacet
  facet normal 0 0 -1
    outer loop
      vertex 122.63 -31.3883 6
      vertex 123.571 -39.8494 6
      vertex 123.472 -39.65 6
    endloop
  endfacet
  facet normal 0 0 -1
    outer loop
      vertex 136 -47 6
      vertex 123.387 -29.1587 6
      vertex 123.846 -26.8495 6
    endloop
  endfacet
  facet normal 0 0 -1
    outer loop
      vertex 122.63 -31.3883 6
      vertex 123.472 -39.65 6
      vertex 123.349 -39.4651 6
    endloop
  endfacet
  facet normal 0 0 -1
    outer loop
      vertex 122.63 -31.3883 6
      vertex 123.349 -39.4651 6
      vertex 123.202 -39.2979 6
    endloop
  endfacet
  facet normal 0 0 -1
    outer loop
      vertex 121.588 -33.5 6
      vertex 123.202 -39.2979 6
      vertex 123.035 -39.1513 6
    endloop
  endfacet
  facet normal 0 0 -1
    outer loop
      vertex 121.588 -33.5 6
      vertex 123.035 -39.1513 6
      vertex 122.85 -39.0278 6
    endloop
  endfacet
  facet normal 0 0 -1
    outer loop
      vertex 121.588 -33.5 6
      vertex 122.85 -39.0278 6
      vertex 122.651 -38.9294 6
    endloop
  endfacet
  facet normal 0 0 -1
    outer loop
      vertex 123.571 -39.8494 6
      vertex 122.63 -31.3883 6
      vertex 123.387 -29.1587 6
    endloop
  endfacet
  facet normal 0 0 -1
    outer loop
      vertex 121.588 -33.5 6
      vertex 122.651 -38.9294 6
      vertex 122.44 -38.8579 6
    endloop
  endfacet
  facet normal 0 0 -1
    outer loop
      vertex 120.28 -35.4577 6
      vertex 122.44 -38.8579 6
      vertex 122.222 -38.8145 6
    endloop
  endfacet
  facet normal 0 0 -1
    outer loop
      vertex 120.28 -35.4577 6
      vertex 122.222 -38.8145 6
      vertex 122 -38.8 6
    endloop
  endfacet
  facet normal 0 0 -1
    outer loop
      vertex 120.28 -35.4577 6
      vertex 122 -38.8 6
      vertex 121.778 -38.8145 6
    endloop
  endfacet
  facet normal 0 0 -1
    outer loop
      vertex 123.202 -39.2979 6
      vertex 121.588 -33.5 6
      vertex 122.63 -31.3883 6
    endloop
  endfacet
  facet normal 0 0 -1
    outer loop
      vertex 120.28 -35.4577 6
      vertex 121.778 -38.8145 6
      vertex 121.56 -38.8579 6
    endloop
  endfacet
  facet normal 0 0 -1
    outer loop
      vertex 120.28 -35.4577 6
      vertex 121.56 -38.8579 6
      vertex 121.349 -38.9294 6
    endloop
  endfacet
  facet normal 0 0 -1
    outer loop
      vertex 118.728 -37.2279 6
      vertex 121.349 -38.9294 6
      vertex 121.15 -39.0278 6
    endloop
  endfacet
  facet normal 0 0 -1
    outer loop
      vertex 118.728 -37.2279 6
      vertex 121.15 -39.0278 6
      vertex 120.965 -39.1513 6
    endloop
  endfacet
  facet normal 0 0 -1
    outer loop
      vertex 118.728 -37.2279 6
      vertex 120.965 -39.1513 6
      vertex 120.798 -39.2979 6
    endloop
  endfacet
  facet normal 0 0 -1
    outer loop
      vertex 118.728 -37.2279 6
      vertex 120.798 -39.2979 6
      vertex 120.651 -39.4651 6
    endloop
  endfacet
  facet normal 0 0 -1
    outer loop
      vertex 118.728 -37.2279 6
      vertex 120.651 -39.4651 6
      vertex 120.528 -39.65 6
    endloop
  endfacet
  facet normal 0 0 -1
    outer loop
      vertex 118.728 -37.2279 6
      vertex 120.528 -39.65 6
      vertex 120.429 -39.8494 6
    endloop
  endfacet
  facet normal 0 0 -1
    outer loop
      vertex 118.728 -37.2279 6
      vertex 120.429 -39.8494 6
      vertex 120.358 -40.06 6
    endloop
  endfacet
  facet normal 0 0 -1
    outer loop
      vertex 118.728 -37.2279 6
      vertex 120.358 -40.06 6
      vertex 120.315 -40.2781 6
    endloop
  endfacet
  facet normal 0 0 -1
    outer loop
      vertex 122.44 -38.8579 6
      vertex 120.28 -35.4577 6
      vertex 121.588 -33.5 6
    endloop
  endfacet
  facet normal 0 0 -1
    outer loop
      vertex 116.958 -38.7804 6
      vertex 120.315 -40.2781 6
      vertex 120.3 -40.5 6
    endloop
  endfacet
  facet normal 1 0 0
    outer loop
      vertex 76 -2 6
      vertex 76 -7 4
      vertex 76 -2 0
    endloop
  endfacet
  facet normal 1 0 0
    outer loop
      vertex 76 -2 6
      vertex 76 -15 4
      vertex 76 -7 4
    endloop
  endfacet
  facet normal 1 0 0
    outer loop
      vertex 76 -15 4
      vertex 76 -19 4
      vertex 76 -15 0
    endloop
  endfacet
  facet normal 1 0 0
    outer loop
      vertex 76 -2 6
      vertex 76 -19 4
      vertex 76 -15 4
    endloop
  endfacet
  facet normal 1 0 0
    outer loop
      vertex 76 -2 6
      vertex 76 -27 4
      vertex 76 -19 4
    endloop
  endfacet
  facet normal 1 0 0
    outer loop
      vertex 76 -27 4
      vertex 76 -31 4
      vertex 76 -27 0
    endloop
  endfacet
  facet normal 1 -0 0
    outer loop
      vertex 76 -47 6
      vertex 76 -27 4
      vertex 76 -2 6
    endloop
  endfacet
  facet normal 1 0 0
    outer loop
      vertex 76 -27 4
      vertex 76 -47 6
      vertex 76 -31 4
    endloop
  endfacet
  facet normal 1 0 0
    outer loop
      vertex 76 -31 4
      vertex 76 -47 6
      vertex 76 -39 4
    endloop
  endfacet
  facet normal 1 0 0
    outer loop
      vertex 76 -47 0
      vertex 76 -39 4
      vertex 76 -47 6
    endloop
  endfacet
  facet normal 1 0 0
    outer loop
      vertex 76 -39 4
      vertex 76 -47 0
      vertex 76 -39 0
    endloop
  endfacet
  facet normal 1 0 0
    outer loop
      vertex 76 -2 0
      vertex 76 -7 4
      vertex 76 -7 0
    endloop
  endfacet
  facet normal 1 0 0
    outer loop
      vertex 76 -15 0
      vertex 76 -19 4
      vertex 76 -19 0
    endloop
  endfacet
  facet normal 1 0 0
    outer loop
      vertex 76 -27 0
      vertex 76 -31 4
      vertex 76 -31 0
    endloop
  endfacet
  facet normal 0 0 0
    outer loop
      vertex 76 -47 6
      vertex 76 -47 -0.5
      vertex 76 -47 0
    endloop
  endfacet
  facet normal 0 1 -0
    outer loop
      vertex 136 -47 -0.5
      vertex 76 -47 6
      vertex 136 -47 6
    endloop
  endfacet
  facet normal 0 1 0
    outer loop
      vertex 76 -47 6
      vertex 136 -47 -0.5
      vertex 76 -47 -0.5
    endloop
  endfacet
  facet normal 0 -1 0
    outer loop
      vertex 76 -2 0
      vertex 136 -2 6
      vertex 76 -2 6
    endloop
  endfacet
  facet normal 0 -1 -0
    outer loop
      vertex 136 -2 6
      vertex 76 -2 0
      vertex 136 -2 0
    endloop
  endfacet
  facet normal 0 0 0
    outer loop
      vertex 136 -2 6
      vertex 136 -2 0
      vertex 136 -2 -0.5
    endloop
  endfacet
  facet normal -0.980812 0.194956 3.42781e-18
    outer loop
      vertex 123.387 -29.1587 6
      vertex 123.846 -26.8495 8
      vertex 123.846 -26.8495 6
    endloop
  endfacet
  facet normal -0.980812 0.194956 3.42781e-18
    outer loop
      vertex 123.846 -26.8495 8
      vertex 123.387 -29.1587 6
      vertex 123.387 -29.1587 8
    endloop
  endfacet
  facet normal -0.997859 0.0654055 2.81934e-18
    outer loop
      vertex 123.846 -26.8495 6
      vertex 124 -24.5 8
      vertex 124 -24.5 6
    endloop
  endfacet
  facet normal -0.997859 0.0654055 2.81934e-18
    outer loop
      vertex 124 -24.5 8
      vertex 123.846 -26.8495 6
      vertex 123.846 -26.8495 8
    endloop
  endfacet
  facet normal -0.94691 0.321498 3.6037e-18
    outer loop
      vertex 122.63 -31.3883 6
      vertex 123.387 -29.1587 8
      vertex 123.387 -29.1587 6
    endloop
  endfacet
  facet normal -0.94691 0.321498 3.6037e-18
    outer loop
      vertex 123.387 -29.1587 8
      vertex 122.63 -31.3883 6
      vertex 122.63 -31.3883 8
    endloop
  endfacet
  facet normal 0.195014 0.980801 -0
    outer loop
      vertex 103.651 -42.346 6
      vertex 101.341 -41.8867 8
      vertex 103.651 -42.346 8
    endloop
  endfacet
  facet normal 0.195014 0.980801 0
    outer loop
      vertex 101.341 -41.8867 8
      vertex 103.651 -42.346 6
      vertex 101.341 -41.8867 6
    endloop
  endfacet
  facet normal 0.980788 -0.195079 1.88063e-18
    outer loop
      vertex 88.154 -22.1505 8
      vertex 88.6133 -19.8413 6
      vertex 88.6133 -19.8413 8
    endloop
  endfacet
  facet normal 0.980788 -0.195079 1.88063e-18
    outer loop
      vertex 88.6133 -19.8413 6
      vertex 88.154 -22.1505 8
      vertex 88.154 -22.1505 6
    endloop
  endfacet
  facet normal 0.946923 0.32146 -1.02139e-17
    outer loop
      vertex 89.3702 -31.3883 8
      vertex 88.6133 -29.1587 6
      vertex 88.6133 -29.1587 8
    endloop
  endfacet
  facet normal 0.946923 0.32146 -1.02139e-17
    outer loop
      vertex 88.6133 -29.1587 6
      vertex 89.3702 -31.3883 8
      vertex 89.3702 -31.3883 6
    endloop
  endfacet
  facet normal 0.831468 0.555572 -4.23286e-17
    outer loop
      vertex 91.7196 -35.4577 8
      vertex 90.4115 -33.5 6
      vertex 90.4115 -33.5 8
    endloop
  endfacet
  facet normal 0.831468 0.555572 -4.23286e-17
    outer loop
      vertex 90.4115 -33.5 6
      vertex 91.7196 -35.4577 8
      vertex 91.7196 -35.4577 6
    endloop
  endfacet
  facet normal 0.555572 0.831468 -0
    outer loop
      vertex 97 -40.0885 6
      vertex 95.0423 -38.7804 8
      vertex 97 -40.0885 8
    endloop
  endfacet
  facet normal 0.555572 0.831468 0
    outer loop
      vertex 95.0423 -38.7804 8
      vertex 97 -40.0885 6
      vertex 95.0423 -38.7804 6
    endloop
  endfacet
  facet normal 0.659364 0.751824 -0
    outer loop
      vertex 95.0423 -38.7804 6
      vertex 93.2721 -37.2279 8
      vertex 95.0423 -38.7804 8
    endloop
  endfacet
  facet normal 0.659364 0.751824 0
    outer loop
      vertex 93.2721 -37.2279 8
      vertex 95.0423 -38.7804 6
      vertex 93.2721 -37.2279 6
    endloop
  endfacet
  facet normal -0.831488 0.555543 -3.27209e-17
    outer loop
      vertex 120.28 -35.4577 6
      vertex 121.588 -33.5 8
      vertex 121.588 -33.5 6
    endloop
  endfacet
  facet normal -0.831488 0.555543 -3.27209e-17
    outer loop
      vertex 121.588 -33.5 8
      vertex 120.28 -35.4577 6
      vertex 120.28 -35.4577 8
    endloop
  endfacet
  facet normal 0.321498 0.94691 -0
    outer loop
      vertex 101.341 -41.8867 6
      vertex 99.1117 -41.1298 8
      vertex 101.341 -41.8867 8
    endloop
  endfacet
  facet normal 0.321498 0.94691 0
    outer loop
      vertex 99.1117 -41.1298 8
      vertex 101.341 -41.8867 6
      vertex 99.1117 -41.1298 6
    endloop
  endfacet
  facet normal -0.0654194 0.997858 0
    outer loop
      vertex 108.349 -42.346 6
      vertex 106 -42.5 8
      vertex 108.349 -42.346 8
    endloop
  endfacet
  facet normal -0.0654194 0.997858 0
    outer loop
      vertex 106 -42.5 8
      vertex 108.349 -42.346 6
      vertex 106 -42.5 6
    endloop
  endfacet
  facet normal -0.0654151 -0.997858 0
    outer loop
      vertex 106 -6.5 6
      vertex 108.349 -6.65399 8
      vertex 106 -6.5 8
    endloop
  endfacet
  facet normal -0.0654151 -0.997858 -0
    outer loop
      vertex 108.349 -6.65399 8
      vertex 106 -6.5 6
      vertex 108.349 -6.65399 6
    endloop
  endfacet
  facet normal -0.442236 -0.896899 0
    outer loop
      vertex 112.888 -7.87017 6
      vertex 115 -8.91154 8
      vertex 112.888 -7.87017 8
    endloop
  endfacet
  facet normal -0.442236 -0.896899 -0
    outer loop
      vertex 115 -8.91154 8
      vertex 112.888 -7.87017 6
      vertex 115 -8.91154 6
    endloop
  endfacet
  facet normal -0.896767 0.442502 2.64339e-17
    outer loop
      vertex 121.588 -33.5 6
      vertex 122.63 -31.3883 8
      vertex 122.63 -31.3883 6
    endloop
  endfacet
  facet normal -0.896767 0.442502 2.64339e-17
    outer loop
      vertex 122.63 -31.3883 8
      vertex 121.588 -33.5 6
      vertex 121.588 -33.5 8
    endloop
  endfacet
  facet normal -0.442212 0.89691 0
    outer loop
      vertex 115 -40.0885 6
      vertex 112.888 -41.1298 8
      vertex 115 -40.0885 8
    endloop
  endfacet
  facet normal -0.442212 0.89691 0
    outer loop
      vertex 112.888 -41.1298 8
      vertex 115 -40.0885 6
      vertex 112.888 -41.1298 6
    endloop
  endfacet
  facet normal -0.980812 -0.194956 -3.42781e-18
    outer loop
      vertex 123.846 -22.1505 6
      vertex 123.387 -19.8413 8
      vertex 123.387 -19.8413 6
    endloop
  endfacet
  facet normal -0.980812 -0.194956 -3.42781e-18
    outer loop
      vertex 123.387 -19.8413 8
      vertex 123.846 -22.1505 6
      vertex 123.846 -22.1505 8
    endloop
  endfacet
  facet normal -0.751929 -0.659244 -1.74583e-17
    outer loop
      vertex 120.28 -13.5423 6
      vertex 118.728 -11.7721 8
      vertex 118.728 -11.7721 6
    endloop
  endfacet
  facet normal -0.751929 -0.659244 -1.74583e-17
    outer loop
      vertex 118.728 -11.7721 8
      vertex 120.28 -13.5423 6
      vertex 120.28 -13.5423 8
    endloop
  endfacet
  facet normal 0.751824 -0.659364 -1.25146e-17
    outer loop
      vertex 91.7196 -13.5423 8
      vertex 93.2721 -11.7721 6
      vertex 93.2721 -11.7721 8
    endloop
  endfacet
  facet normal 0.751824 -0.659364 -1.25146e-17
    outer loop
      vertex 93.2721 -11.7721 6
      vertex 91.7196 -13.5423 8
      vertex 91.7196 -13.5423 6
    endloop
  endfacet
  facet normal 0.0654194 0.997858 -0
    outer loop
      vertex 106 -42.5 6
      vertex 103.651 -42.346 8
      vertex 106 -42.5 8
    endloop
  endfacet
  facet normal 0.0654194 0.997858 0
    outer loop
      vertex 103.651 -42.346 8
      vertex 106 -42.5 6
      vertex 103.651 -42.346 6
    endloop
  endfacet
  facet normal -0.831488 -0.555543 -3.97079e-17
    outer loop
      vertex 121.588 -15.5 6
      vertex 120.28 -13.5423 8
      vertex 120.28 -13.5423 6
    endloop
  endfacet
  facet normal -0.831488 -0.555543 -3.97079e-17
    outer loop
      vertex 120.28 -13.5423 8
      vertex 121.588 -15.5 6
      vertex 121.588 -15.5 8
    endloop
  endfacet
  facet normal 0.896885 0.442263 4.37327e-17
    outer loop
      vertex 90.4115 -33.5 8
      vertex 89.3702 -31.3883 6
      vertex 89.3702 -31.3883 8
    endloop
  endfacet
  facet normal 0.896885 0.442263 4.37327e-17
    outer loop
      vertex 89.3702 -31.3883 6
      vertex 90.4115 -33.5 8
      vertex 90.4115 -33.5 6
    endloop
  endfacet
  facet normal 0.0654151 -0.997858 0
    outer loop
      vertex 103.651 -6.65399 6
      vertex 106 -6.5 8
      vertex 103.651 -6.65399 8
    endloop
  endfacet
  facet normal 0.0654151 -0.997858 0
    outer loop
      vertex 106 -6.5 8
      vertex 103.651 -6.65399 6
      vertex 106 -6.5 6
    endloop
  endfacet
  facet normal -0.659406 0.751787 0
    outer loop
      vertex 118.728 -37.2279 6
      vertex 116.958 -38.7804 8
      vertex 118.728 -37.2279 8
    endloop
  endfacet
  facet normal -0.659406 0.751787 0
    outer loop
      vertex 116.958 -38.7804 8
      vertex 118.728 -37.2279 6
      vertex 116.958 -38.7804 6
    endloop
  endfacet
  facet normal -0.19503 -0.980797 0
    outer loop
      vertex 108.349 -6.65399 6
      vertex 110.659 -7.11333 8
      vertex 108.349 -6.65399 8
    endloop
  endfacet
  facet normal -0.19503 -0.980797 -0
    outer loop
      vertex 110.659 -7.11333 8
      vertex 108.349 -6.65399 6
      vertex 110.659 -7.11333 6
    endloop
  endfacet
  facet normal -0.321514 -0.946905 0
    outer loop
      vertex 110.659 -7.11333 6
      vertex 112.888 -7.87017 8
      vertex 110.659 -7.11333 8
    endloop
  endfacet
  facet normal -0.321514 -0.946905 -0
    outer loop
      vertex 112.888 -7.87017 8
      vertex 110.659 -7.11333 6
      vertex 112.888 -7.87017 6
    endloop
  endfacet
  facet normal -0.555513 0.831508 0
    outer loop
      vertex 116.958 -38.7804 6
      vertex 115 -40.0885 8
      vertex 116.958 -38.7804 8
    endloop
  endfacet
  facet normal -0.555513 0.831508 0
    outer loop
      vertex 115 -40.0885 8
      vertex 116.958 -38.7804 6
      vertex 115 -40.0885 6
    endloop
  endfacet
  facet normal 0.19503 -0.980797 0
    outer loop
      vertex 101.341 -7.11333 6
      vertex 103.651 -6.65399 8
      vertex 101.341 -7.11333 8
    endloop
  endfacet
  facet normal 0.19503 -0.980797 0
    outer loop
      vertex 103.651 -6.65399 8
      vertex 101.341 -7.11333 6
      vertex 103.651 -6.65399 6
    endloop
  endfacet
  facet normal 0.997859 -0.0654055 2.81934e-18
    outer loop
      vertex 88 -24.5 8
      vertex 88.154 -22.1505 6
      vertex 88.154 -22.1505 8
    endloop
  endfacet
  facet normal 0.997859 -0.0654055 2.81934e-18
    outer loop
      vertex 88.154 -22.1505 6
      vertex 88 -24.5 8
      vertex 88 -24.5 6
    endloop
  endfacet
  facet normal -0.94691 -0.321498 -3.6037e-18
    outer loop
      vertex 123.387 -19.8413 6
      vertex 122.63 -17.6117 8
      vertex 122.63 -17.6117 6
    endloop
  endfacet
  facet normal -0.94691 -0.321498 -3.6037e-18
    outer loop
      vertex 122.63 -17.6117 8
      vertex 123.387 -19.8413 6
      vertex 123.387 -19.8413 8
    endloop
  endfacet
  facet normal -0.751929 0.659244 -2.1778e-17
    outer loop
      vertex 118.728 -37.2279 6
      vertex 120.28 -35.4577 8
      vertex 120.28 -35.4577 6
    endloop
  endfacet
  facet normal -0.751929 0.659244 -2.1778e-17
    outer loop
      vertex 120.28 -35.4577 8
      vertex 118.728 -37.2279 6
      vertex 118.728 -37.2279 8
    endloop
  endfacet
  facet normal -0.896767 -0.442502 -2.64339e-17
    outer loop
      vertex 122.63 -17.6117 6
      vertex 121.588 -15.5 8
      vertex 121.588 -15.5 6
    endloop
  endfacet
  facet normal -0.896767 -0.442502 -2.64339e-17
    outer loop
      vertex 121.588 -15.5 8
      vertex 122.63 -17.6117 6
      vertex 122.63 -17.6117 8
    endloop
  endfacet
  facet normal -0.555502 -0.831515 0
    outer loop
      vertex 115 -8.91154 6
      vertex 116.958 -10.2196 8
      vertex 115 -8.91154 8
    endloop
  endfacet
  facet normal -0.555502 -0.831515 -0
    outer loop
      vertex 116.958 -10.2196 8
      vertex 115 -8.91154 6
      vertex 116.958 -10.2196 6
    endloop
  endfacet
  facet normal 0.946923 -0.32146 1.02139e-17
    outer loop
      vertex 88.6133 -19.8413 8
      vertex 89.3702 -17.6117 6
      vertex 89.3702 -17.6117 8
    endloop
  endfacet
  facet normal 0.946923 -0.32146 1.02139e-17
    outer loop
      vertex 89.3702 -17.6117 6
      vertex 88.6133 -19.8413 8
      vertex 88.6133 -19.8413 6
    endloop
  endfacet
  facet normal -0.997859 -0.0654055 -2.81934e-18
    outer loop
      vertex 124 -24.5 6
      vertex 123.846 -22.1505 8
      vertex 123.846 -22.1505 6
    endloop
  endfacet
  facet normal -0.997859 -0.0654055 -2.81934e-18
    outer loop
      vertex 123.846 -22.1505 8
      vertex 124 -24.5 6
      vertex 124 -24.5 8
    endloop
  endfacet
  facet normal 0.442263 0.896885 -0
    outer loop
      vertex 99.1117 -41.1298 6
      vertex 97 -40.0885 8
      vertex 99.1117 -41.1298 8
    endloop
  endfacet
  facet normal 0.442263 0.896885 0
    outer loop
      vertex 97 -40.0885 8
      vertex 99.1117 -41.1298 6
      vertex 97 -40.0885 6
    endloop
  endfacet
  facet normal 0.896885 -0.442263 -4.37327e-17
    outer loop
      vertex 89.3702 -17.6117 8
      vertex 90.4115 -15.5 6
      vertex 90.4115 -15.5 8
    endloop
  endfacet
  facet normal 0.896885 -0.442263 -4.37327e-17
    outer loop
      vertex 90.4115 -15.5 6
      vertex 89.3702 -17.6117 8
      vertex 89.3702 -17.6117 6
    endloop
  endfacet
  facet normal 0.751824 0.659364 -4.21822e-17
    outer loop
      vertex 93.2721 -37.2279 8
      vertex 91.7196 -35.4577 6
      vertex 91.7196 -35.4577 8
    endloop
  endfacet
  facet normal 0.751824 0.659364 -4.21822e-17
    outer loop
      vertex 91.7196 -35.4577 6
      vertex 93.2721 -37.2279 8
      vertex 93.2721 -37.2279 6
    endloop
  endfacet
  facet normal 0.321476 -0.946918 0
    outer loop
      vertex 99.1117 -7.87017 6
      vertex 101.341 -7.11333 8
      vertex 99.1117 -7.87017 8
    endloop
  endfacet
  facet normal 0.321476 -0.946918 0
    outer loop
      vertex 101.341 -7.11333 8
      vertex 99.1117 -7.87017 6
      vertex 101.341 -7.11333 6
    endloop
  endfacet
  facet normal 0.997859 0.0654055 -2.81934e-18
    outer loop
      vertex 88.154 -26.8495 8
      vertex 88 -24.5 6
      vertex 88 -24.5 8
    endloop
  endfacet
  facet normal 0.997859 0.0654055 -2.81934e-18
    outer loop
      vertex 88 -24.5 6
      vertex 88.154 -26.8495 8
      vertex 88.154 -26.8495 6
    endloop
  endfacet
  facet normal 0.831468 -0.555572 2.04118e-17
    outer loop
      vertex 90.4115 -15.5 8
      vertex 91.7196 -13.5423 6
      vertex 91.7196 -13.5423 8
    endloop
  endfacet
  facet normal 0.831468 -0.555572 2.04118e-17
    outer loop
      vertex 91.7196 -13.5423 6
      vertex 90.4115 -15.5 8
      vertex 90.4115 -15.5 6
    endloop
  endfacet
  facet normal 0.55556 -0.831476 0
    outer loop
      vertex 95.0423 -10.2196 6
      vertex 97 -8.91154 8
      vertex 95.0423 -10.2196 8
    endloop
  endfacet
  facet normal 0.55556 -0.831476 0
    outer loop
      vertex 97 -8.91154 8
      vertex 95.0423 -10.2196 6
      vertex 97 -8.91154 6
    endloop
  endfacet
  facet normal -0.321537 0.946897 0
    outer loop
      vertex 112.888 -41.1298 6
      vertex 110.659 -41.8867 8
      vertex 112.888 -41.1298 8
    endloop
  endfacet
  facet normal -0.321537 0.946897 0
    outer loop
      vertex 110.659 -41.8867 8
      vertex 112.888 -41.1298 6
      vertex 110.659 -41.8867 6
    endloop
  endfacet
  facet normal 0.980788 0.195079 -1.88063e-18
    outer loop
      vertex 88.6133 -29.1587 8
      vertex 88.154 -26.8495 6
      vertex 88.154 -26.8495 8
    endloop
  endfacet
  facet normal 0.980788 0.195079 -1.88063e-18
    outer loop
      vertex 88.154 -26.8495 6
      vertex 88.6133 -29.1587 8
      vertex 88.6133 -29.1587 6
    endloop
  endfacet
  facet normal 0.442287 -0.896874 0
    outer loop
      vertex 97 -8.91154 6
      vertex 99.1117 -7.87017 8
      vertex 97 -8.91154 8
    endloop
  endfacet
  facet normal 0.442287 -0.896874 0
    outer loop
      vertex 99.1117 -7.87017 8
      vertex 97 -8.91154 6
      vertex 99.1117 -7.87017 6
    endloop
  endfacet
  facet normal -0.659406 -0.751787 0
    outer loop
      vertex 116.958 -10.2196 6
      vertex 118.728 -11.7721 8
      vertex 116.958 -10.2196 8
    endloop
  endfacet
  facet normal -0.659406 -0.751787 -0
    outer loop
      vertex 118.728 -11.7721 8
      vertex 116.958 -10.2196 6
      vertex 118.728 -11.7721 6
    endloop
  endfacet
  facet normal 0.659364 -0.751824 0
    outer loop
      vertex 93.2721 -11.7721 6
      vertex 95.0423 -10.2196 8
      vertex 93.2721 -11.7721 8
    endloop
  endfacet
  facet normal 0.659364 -0.751824 0
    outer loop
      vertex 95.0423 -10.2196 8
      vertex 93.2721 -11.7721 6
      vertex 95.0423 -10.2196 6
    endloop
  endfacet
  facet normal -0.195014 0.980801 0
    outer loop
      vertex 110.659 -41.8867 6
      vertex 108.349 -42.346 8
      vertex 110.659 -41.8867 8
    endloop
  endfacet
  facet normal -0.195014 0.980801 0
    outer loop
      vertex 108.349 -42.346 8
      vertex 110.659 -41.8867 6
      vertex 108.349 -42.346 6
    endloop
  endfacet
endsolid OpenSCAD_Model
