solid OpenSCAD_Model
  facet normal -1 0 0
    outer loop
      vertex 13.2 18.7 0
      vertex 13.2 30.7 1.8
      vertex 13.2 30.7 0
    endloop
  endfacet
  facet normal -1 -0 0
    outer loop
      vertex 13.2 30.7 1.8
      vertex 13.2 18.7 0
      vertex 13.2 18.7 1.8
    endloop
  endfacet
  facet normal 1 0 0
    outer loop
      vertex 7.2 21.2 1.8
      vertex 7.2 18.7 1.8
      vertex 7.2 21.2 0.9
    endloop
  endfacet
  facet normal 1 0 0
    outer loop
      vertex 7.2 25.4 0.9
      vertex 7.2 30.7 1.8
      vertex 7.2 25.4 1.8
    endloop
  endfacet
  facet normal 1 0 0
    outer loop
      vertex 7.2 30.7 1.8
      vertex 7.2 25.4 0.9
      vertex 7.2 30.7 0
    endloop
  endfacet
  facet normal 1 0 0
    outer loop
      vertex 7.2 18.7 0
      vertex 7.2 25.4 0.9
      vertex 7.2 21.2 0.9
    endloop
  endfacet
  facet normal 1 0 0
    outer loop
      vertex 7.2 25.4 0.9
      vertex 7.2 18.7 0
      vertex 7.2 30.7 0
    endloop
  endfacet
  facet normal 1 0 0
    outer loop
      vertex 7.2 18.7 0
      vertex 7.2 21.2 0.9
      vertex 7.2 18.7 1.8
    endloop
  endfacet
  facet normal 0 -1 0
    outer loop
      vertex 7.2 30.7 0
      vertex 13.2 30.7 1.8
      vertex 7.2 30.7 1.8
    endloop
  endfacet
  facet normal 0 -1 -0
    outer loop
      vertex 13.2 30.7 1.8
      vertex 7.2 30.7 0
      vertex 13.2 30.7 0
    endloop
  endfacet
  facet normal 0 1 -0
    outer loop
      vertex 13.2 18.7 0
      vertex 7.2 18.7 1.8
      vertex 13.2 18.7 1.8
    endloop
  endfacet
  facet normal 0 1 0
    outer loop
      vertex 7.2 18.7 1.8
      vertex 13.2 18.7 0
      vertex 7.2 18.7 0
    endloop
  endfacet
  facet normal -1 0 0
    outer loop
      vertex 23.2 18.7 0
      vertex 23.2 30.7 1.8
      vertex 23.2 30.7 0
    endloop
  endfacet
  facet normal -1 -0 0
    outer loop
      vertex 23.2 30.7 1.8
      vertex 23.2 18.7 0
      vertex 23.2 18.7 1.8
    endloop
  endfacet
  facet normal 1 -0 0
    outer loop
      vertex 17.2 18.7 1.8
      vertex 17.2 30.7 0
      vertex 17.2 30.7 1.8
    endloop
  endfacet
  facet normal 1 0 0
    outer loop
      vertex 17.2 30.7 0
      vertex 17.2 18.7 1.8
      vertex 17.2 18.7 0
    endloop
  endfacet
  facet normal 0 -1 0
    outer loop
      vertex 17.2 30.7 0
      vertex 23.2 30.7 1.8
      vertex 17.2 30.7 1.8
    endloop
  endfacet
  facet normal 0 -1 -0
    outer loop
      vertex 23.2 30.7 1.8
      vertex 17.2 30.7 0
      vertex 23.2 30.7 0
    endloop
  endfacet
  facet normal 0 1 -0
    outer loop
      vertex 23.2 18.7 0
      vertex 17.2 18.7 1.8
      vertex 23.2 18.7 1.8
    endloop
  endfacet
  facet normal 0 1 0
    outer loop
      vertex 17.2 18.7 1.8
      vertex 23.2 18.7 0
      vertex 17.2 18.7 0
    endloop
  endfacet
  facet normal -1 0 0
    outer loop
      vertex 33.2 18.7 0
      vertex 33.2 30.7 1.8
      vertex 33.2 30.7 0
    endloop
  endfacet
  facet normal -1 -0 0
    outer loop
      vertex 33.2 30.7 1.8
      vertex 33.2 18.7 0
      vertex 33.2 18.7 1.8
    endloop
  endfacet
  facet normal 1 -0 0
    outer loop
      vertex 27.2 18.7 1.8
      vertex 27.2 30.7 0
      vertex 27.2 30.7 1.8
    endloop
  endfacet
  facet normal 1 0 0
    outer loop
      vertex 27.2 30.7 0
      vertex 27.2 18.7 1.8
      vertex 27.2 18.7 0
    endloop
  endfacet
  facet normal 0 -1 0
    outer loop
      vertex 27.2 30.7 0
      vertex 33.2 30.7 1.8
      vertex 27.2 30.7 1.8
    endloop
  endfacet
  facet normal 0 -1 -0
    outer loop
      vertex 33.2 30.7 1.8
      vertex 27.2 30.7 0
      vertex 33.2 30.7 0
    endloop
  endfacet
  facet normal 0 1 -0
    outer loop
      vertex 33.2 18.7 0
      vertex 27.2 18.7 1.8
      vertex 33.2 18.7 1.8
    endloop
  endfacet
  facet normal 0 1 0
    outer loop
      vertex 27.2 18.7 1.8
      vertex 33.2 18.7 0
      vertex 27.2 18.7 0
    endloop
  endfacet
  facet normal -1 0 0
    outer loop
      vertex 43.2 18.7 0
      vertex 43.2 30.7 1.8
      vertex 43.2 30.7 0
    endloop
  endfacet
  facet normal -1 -0 0
    outer loop
      vertex 43.2 30.7 1.8
      vertex 43.2 18.7 0
      vertex 43.2 18.7 1.8
    endloop
  endfacet
  facet normal 1 -0 0
    outer loop
      vertex 37.2 18.7 1.8
      vertex 37.2 30.7 0
      vertex 37.2 30.7 1.8
    endloop
  endfacet
  facet normal 1 0 0
    outer loop
      vertex 37.2 30.7 0
      vertex 37.2 18.7 1.8
      vertex 37.2 18.7 0
    endloop
  endfacet
  facet normal 0 -1 0
    outer loop
      vertex 37.2 30.7 0
      vertex 43.2 30.7 1.8
      vertex 37.2 30.7 1.8
    endloop
  endfacet
  facet normal 0 -1 -0
    outer loop
      vertex 43.2 30.7 1.8
      vertex 37.2 30.7 0
      vertex 43.2 30.7 0
    endloop
  endfacet
  facet normal 0 1 -0
    outer loop
      vertex 43.2 18.7 0
      vertex 37.2 18.7 1.8
      vertex 43.2 18.7 1.8
    endloop
  endfacet
  facet normal 0 1 0
    outer loop
      vertex 37.2 18.7 1.8
      vertex 43.2 18.7 0
      vertex 37.2 18.7 0
    endloop
  endfacet
  facet normal -1 0 0
    outer loop
      vertex 53.2 18.7 0
      vertex 53.2 30.7 1.8
      vertex 53.2 30.7 0
    endloop
  endfacet
  facet normal -1 -0 0
    outer loop
      vertex 53.2 30.7 1.8
      vertex 53.2 18.7 0
      vertex 53.2 18.7 1.8
    endloop
  endfacet
  facet normal 1 -0 0
    outer loop
      vertex 47.2 18.7 1.8
      vertex 47.2 30.7 0
      vertex 47.2 30.7 1.8
    endloop
  endfacet
  facet normal 1 0 0
    outer loop
      vertex 47.2 30.7 0
      vertex 47.2 18.7 1.8
      vertex 47.2 18.7 0
    endloop
  endfacet
  facet normal 0 -1 0
    outer loop
      vertex 47.2 30.7 0
      vertex 53.2 30.7 1.8
      vertex 47.2 30.7 1.8
    endloop
  endfacet
  facet normal 0 -1 -0
    outer loop
      vertex 53.2 30.7 1.8
      vertex 47.2 30.7 0
      vertex 53.2 30.7 0
    endloop
  endfacet
  facet normal 0 1 -0
    outer loop
      vertex 53.2 18.7 0
      vertex 47.2 18.7 1.8
      vertex 53.2 18.7 1.8
    endloop
  endfacet
  facet normal 0 1 0
    outer loop
      vertex 47.2 18.7 1.8
      vertex 53.2 18.7 0
      vertex 47.2 18.7 0
    endloop
  endfacet
  facet normal 0.956968 -0.290193 5.29143e-19
    outer loop
      vertex 64.1336 2.16061 27.4
      vertex 64.3327 2.81718 0
      vertex 64.3327 2.81718 27.4
    endloop
  endfacet
  facet normal 0.956968 -0.290193 5.29143e-19
    outer loop
      vertex 64.3327 2.81718 0
      vertex 64.1336 2.16061 27.4
      vertex 64.1336 2.16061 0
    endloop
  endfacet
  facet normal -0.290193 0.956968 0
    outer loop
      vertex 2.81718 49.3327 0
      vertex 2.16061 49.1336 27.4
      vertex 2.81718 49.3327 27.4
    endloop
  endfacet
  facet normal -0.290193 0.956968 0
    outer loop
      vertex 2.16061 49.1336 27.4
      vertex 2.81718 49.3327 0
      vertex 2.16061 49.1336 0
    endloop
  endfacet
  facet normal -0.956943 0.290274 5.56933e-19
    outer loop
      vertex 0.0672512 46.5828 0
      vertex 0.266421 47.2394 27.4
      vertex 0.266421 47.2394 0
    endloop
  endfacet
  facet normal -0.956943 0.290274 5.56933e-19
    outer loop
      vertex 0.266421 47.2394 27.4
      vertex 0.0672512 46.5828 0
      vertex 0.0672512 46.5828 27.4
    endloop
  endfacet
  facet normal 1 0 0
    outer loop
      vertex 64.4 45.9 27.4
      vertex 64.4 40.4 9.3
      vertex 64.4 45.9 0
    endloop
  endfacet
  facet normal 1 0 0
    outer loop
      vertex 64.4 45.9 27.4
      vertex 64.4 36.2 9.3
      vertex 64.4 40.4 9.3
    endloop
  endfacet
  facet normal 1 -0 0
    outer loop
      vertex 64.4 3.5 27.4
      vertex 64.4 36.2 9.3
      vertex 64.4 45.9 27.4
    endloop
  endfacet
  facet normal 1 0 0
    outer loop
      vertex 64.4 3.5 0
      vertex 64.4 36.2 9.3
      vertex 64.4 3.5 27.4
    endloop
  endfacet
  facet normal 1 0 0
    outer loop
      vertex 64.4 36.2 9.3
      vertex 64.4 3.5 0
      vertex 64.4 36.2 0
    endloop
  endfacet
  facet normal 1 0 0
    outer loop
      vertex 64.4 45.9 0
      vertex 64.4 40.4 9.3
      vertex 64.4 40.4 0
    endloop
  endfacet
  facet normal -0.773003 -0.634403 1.75823e-19
    outer loop
      vertex 1.02513 1.02513 0
      vertex 0.589856 1.5555 27.4
      vertex 0.589856 1.5555 0
    endloop
  endfacet
  facet normal -0.773003 -0.634403 1.75823e-19
    outer loop
      vertex 0.589856 1.5555 27.4
      vertex 1.02513 1.02513 0
      vertex 1.02513 1.02513 27.4
    endloop
  endfacet
  facet normal -0.995185 -0.0980161 1.4581e-19
    outer loop
      vertex 0.0672512 2.81718 0
      vertex 0 3.5 27.4
      vertex 0 3.5 0
    endloop
  endfacet
  facet normal -0.995185 -0.0980161 1.4581e-19
    outer loop
      vertex 0 3.5 27.4
      vertex 0.0672512 2.81718 0
      vertex 0.0672512 2.81718 27.4
    endloop
  endfacet
  facet normal 0.098019 -0.995185 0
    outer loop
      vertex 60.9 0 0
      vertex 61.5828 0.0672512 27.4
      vertex 60.9 0 27.4
    endloop
  endfacet
  facet normal 0.098019 -0.995185 0
    outer loop
      vertex 61.5828 0.0672512 27.4
      vertex 60.9 0 0
      vertex 61.5828 0.0672512 0
    endloop
  endfacet
  facet normal 0.995178 -0.0980866 -2.87933e-20
    outer loop
      vertex 64.3327 2.81718 27.4
      vertex 64.4 3.5 0
      vertex 64.4 3.5 27.4
    endloop
  endfacet
  facet normal 0.995178 -0.0980866 -2.87933e-20
    outer loop
      vertex 64.4 3.5 0
      vertex 64.3327 2.81718 27.4
      vertex 64.3327 2.81718 0
    endloop
  endfacet
  facet normal 0.290181 0.956972 -0
    outer loop
      vertex 62.2394 49.1336 0
      vertex 61.5828 49.3327 27.4
      vertex 62.2394 49.1336 27.4
    endloop
  endfacet
  facet normal 0.290181 0.956972 0
    outer loop
      vertex 61.5828 49.3327 27.4
      vertex 62.2394 49.1336 0
      vertex 61.5828 49.3327 0
    endloop
  endfacet
  facet normal -0.881923 -0.471393 2.43022e-19
    outer loop
      vertex 0.589856 1.5555 0
      vertex 0.266421 2.16061 27.4
      vertex 0.266421 2.16061 0
    endloop
  endfacet
  facet normal -0.881923 -0.471393 2.43022e-19
    outer loop
      vertex 0.266421 2.16061 27.4
      vertex 0.589856 1.5555 0
      vertex 0.589856 1.5555 27.4
    endloop
  endfacet
  facet normal 0 1 -0
    outer loop
      vertex 31.2 49.4 6.9
      vertex 22.7 49.4 11.1
      vertex 31.2 49.4 11.1
    endloop
  endfacet
  facet normal 0 1 0
    outer loop
      vertex 22.7 49.4 11.1
      vertex 31.2 49.4 6.9
      vertex 22.7 49.4 6.9
    endloop
  endfacet
  facet normal 0 1 0
    outer loop
      vertex 31.2 49.4 11.1
      vertex 60.9 49.4 27.4
      vertex 49.2 49.4 11.1
    endloop
  endfacet
  facet normal 0 1 -0
    outer loop
      vertex 60.9 49.4 0
      vertex 49.2 49.4 11.1
      vertex 60.9 49.4 27.4
    endloop
  endfacet
  facet normal 0 1 0
    outer loop
      vertex 60.9 49.4 0
      vertex 31.2 49.4 6.9
      vertex 49.2 49.4 6.9
    endloop
  endfacet
  facet normal 0 1 0
    outer loop
      vertex 3.5 49.4 0
      vertex 31.2 49.4 6.9
      vertex 60.9 49.4 0
    endloop
  endfacet
  facet normal 0 1 0
    outer loop
      vertex 31.2 49.4 6.9
      vertex 3.5 49.4 0
      vertex 22.7 49.4 6.9
    endloop
  endfacet
  facet normal 0 1 0
    outer loop
      vertex 49.2 49.4 11.1
      vertex 60.9 49.4 0
      vertex 49.2 49.4 6.9
    endloop
  endfacet
  facet normal 0 1 0
    outer loop
      vertex 60.9 49.4 27.4
      vertex 31.2 49.4 11.1
      vertex 3.5 49.4 27.4
    endloop
  endfacet
  facet normal 0 1 -0
    outer loop
      vertex 22.7 49.4 11.1
      vertex 3.5 49.4 27.4
      vertex 31.2 49.4 11.1
    endloop
  endfacet
  facet normal 0 1 -0
    outer loop
      vertex 5.7 49.4 11.1
      vertex 3.5 49.4 27.4
      vertex 22.7 49.4 11.1
    endloop
  endfacet
  facet normal 0 1 0
    outer loop
      vertex 3.5 49.4 0
      vertex 5.7 49.4 11.1
      vertex 5.7 49.4 6.9
    endloop
  endfacet
  facet normal 0 1 0
    outer loop
      vertex 5.7 49.4 11.1
      vertex 3.5 49.4 0
      vertex 3.5 49.4 27.4
    endloop
  endfacet
  facet normal 0 1 0
    outer loop
      vertex 22.7 49.4 6.9
      vertex 3.5 49.4 0
      vertex 5.7 49.4 6.9
    endloop
  endfacet
  facet normal 0 -1 0
    outer loop
      vertex 3.5 0 6.9
      vertex 3.5 0 0
      vertex 32.2 0 6.9
    endloop
  endfacet
  facet normal 0 -1 0
    outer loop
      vertex 32.2 0 11.1
      vertex 3.5 0 27.4
      vertex 3.5 0 11.1
    endloop
  endfacet
  facet normal 0 -1 0
    outer loop
      vertex 3.5 0 27.4
      vertex 32.2 0 11.1
      vertex 60.9 0 27.4
    endloop
  endfacet
  facet normal 0 -1 0
    outer loop
      vertex 60.9 0 0
      vertex 32.2 0 11.1
      vertex 32.2 0 6.9
    endloop
  endfacet
  facet normal 0 -1 0
    outer loop
      vertex 32.2 0 11.1
      vertex 60.9 0 0
      vertex 60.9 0 27.4
    endloop
  endfacet
  facet normal 0 -1 0
    outer loop
      vertex 60.9 0 0
      vertex 32.2 0 6.9
      vertex 3.5 0 0
    endloop
  endfacet
  facet normal 0 -1 0
    outer loop
      vertex 3.5 0 6.9
      vertex 32.2 0 11.1
      vertex 3.5 0 11.1
    endloop
  endfacet
  facet normal 0 -1 -0
    outer loop
      vertex 32.2 0 11.1
      vertex 3.5 0 6.9
      vertex 32.2 0 6.9
    endloop
  endfacet
  facet normal 0.0980894 0.995178 -0
    outer loop
      vertex 61.5828 49.3327 0
      vertex 60.9 49.4 27.4
      vertex 61.5828 49.3327 27.4
    endloop
  endfacet
  facet normal 0.0980894 0.995178 0
    outer loop
      vertex 60.9 49.4 27.4
      vertex 61.5828 49.3327 0
      vertex 60.9 49.4 0
    endloop
  endfacet
  facet normal 0.773056 -0.634338 4.79991e-19
    outer loop
      vertex 63.3749 1.02513 27.4
      vertex 63.8101 1.5555 0
      vertex 63.8101 1.5555 27.4
    endloop
  endfacet
  facet normal 0.773056 -0.634338 4.79991e-19
    outer loop
      vertex 63.8101 1.5555 0
      vertex 63.3749 1.02513 27.4
      vertex 63.3749 1.02513 0
    endloop
  endfacet
  facet normal 0.634317 0.773073 -0
    outer loop
      vertex 63.3749 48.3749 0
      vertex 62.8445 48.8101 27.4
      vertex 63.3749 48.3749 27.4
    endloop
  endfacet
  facet normal 0.634317 0.773073 0
    outer loop
      vertex 62.8445 48.8101 27.4
      vertex 63.3749 48.3749 0
      vertex 62.8445 48.8101 0
    endloop
  endfacet
  facet normal -1 0 0
    outer loop
      vertex 0 40.4 14.9
      vertex 0 45.9 0
      vertex 0 40.4 0.9
    endloop
  endfacet
  facet normal -1 0 0
    outer loop
      vertex 0 45.9 0
      vertex 0 36.2 0.9
      vertex 0 40.4 0.9
    endloop
  endfacet
  facet normal -1 0 0
    outer loop
      vertex 0 36.2 0.9
      vertex 0 25.4 0.9
      vertex 0 36.2 14.9
    endloop
  endfacet
  facet normal -1 0 0
    outer loop
      vertex 0 45.9 0
      vertex 0 25.4 0.9
      vertex 0 36.2 0.9
    endloop
  endfacet
  facet normal -1 0 0
    outer loop
      vertex 0 45.9 0
      vertex 0 21.2 0.9
      vertex 0 25.4 0.9
    endloop
  endfacet
  facet normal -1 0 0
    outer loop
      vertex 0 21.2 0.9
      vertex 0 13.4 2.9
      vertex 0 21.2 14.9
    endloop
  endfacet
  facet normal -1 0 0
    outer loop
      vertex 0 3.5 0
      vertex 0 13.4 2.9
      vertex 0 21.2 0.9
    endloop
  endfacet
  facet normal -1 -0 0
    outer loop
      vertex 0 9.2 2.9
      vertex 0 3.5 0
      vertex 0 9.2 12.9
    endloop
  endfacet
  facet normal -1 -0 0
    outer loop
      vertex 0 13.4 2.9
      vertex 0 3.5 0
      vertex 0 9.2 2.9
    endloop
  endfacet
  facet normal -1 0 0
    outer loop
      vertex 0 3.5 0
      vertex 0 21.2 0.9
      vertex 0 45.9 0
    endloop
  endfacet
  facet normal -1 0 0
    outer loop
      vertex 0 45.9 0
      vertex 0 40.4 14.9
      vertex 0 45.9 27.4
    endloop
  endfacet
  facet normal -1 0 0
    outer loop
      vertex 0 36.2 14.9
      vertex 0 45.9 27.4
      vertex 0 40.4 14.9
    endloop
  endfacet
  facet normal -1 0 0
    outer loop
      vertex 0 25.4 14.9
      vertex 0 36.2 14.9
      vertex 0 25.4 0.9
    endloop
  endfacet
  facet normal -1 0 0
    outer loop
      vertex 0 25.4 14.9
      vertex 0 45.9 27.4
      vertex 0 36.2 14.9
    endloop
  endfacet
  facet normal -1 0 0
    outer loop
      vertex 0 3.5 27.4
      vertex 0 25.4 14.9
      vertex 0 21.2 14.9
    endloop
  endfacet
  facet normal -1 0 0
    outer loop
      vertex 0 13.4 12.9
      vertex 0 21.2 14.9
      vertex 0 13.4 2.9
    endloop
  endfacet
  facet normal -1 0 0
    outer loop
      vertex 0 3.5 27.4
      vertex 0 21.2 14.9
      vertex 0 13.4 12.9
    endloop
  endfacet
  facet normal -1 0 0
    outer loop
      vertex 0 3.5 27.4
      vertex 0 13.4 12.9
      vertex 0 9.2 12.9
    endloop
  endfacet
  facet normal -1 0 0
    outer loop
      vertex 0 25.4 14.9
      vertex 0 3.5 27.4
      vertex 0 45.9 27.4
    endloop
  endfacet
  facet normal -1 0 0
    outer loop
      vertex 0 3.5 27.4
      vertex 0 9.2 12.9
      vertex 0 3.5 0
    endloop
  endfacet
  facet normal -0.471467 0.881884 0
    outer loop
      vertex 2.16061 49.1336 0
      vertex 1.5555 48.8101 27.4
      vertex 2.16061 49.1336 27.4
    endloop
  endfacet
  facet normal -0.471467 0.881884 0
    outer loop
      vertex 1.5555 48.8101 27.4
      vertex 2.16061 49.1336 0
      vertex 1.5555 48.8101 0
    endloop
  endfacet
  facet normal -0.471393 -0.881923 0
    outer loop
      vertex 1.5555 0.589856 0
      vertex 2.16061 0.266421 27.4
      vertex 1.5555 0.589856 27.4
    endloop
  endfacet
  facet normal -0.471393 -0.881923 -0
    outer loop
      vertex 2.16061 0.266421 27.4
      vertex 1.5555 0.589856 0
      vertex 2.16061 0.266421 0
    endloop
  endfacet
  facet normal 0.634381 -0.77302 0
    outer loop
      vertex 62.8445 0.589856 0
      vertex 63.3749 1.02513 27.4
      vertex 62.8445 0.589856 27.4
    endloop
  endfacet
  facet normal 0.634381 -0.77302 0
    outer loop
      vertex 63.3749 1.02513 27.4
      vertex 62.8445 0.589856 0
      vertex 63.3749 1.02513 0
    endloop
  endfacet
  facet normal -0.88192 0.471399 -6.28969e-19
    outer loop
      vertex 0.266421 47.2394 0
      vertex 0.589856 47.8445 27.4
      vertex 0.589856 47.8445 0
    endloop
  endfacet
  facet normal -0.88192 0.471399 -6.28969e-19
    outer loop
      vertex 0.589856 47.8445 27.4
      vertex 0.266421 47.2394 0
      vertex 0.266421 47.2394 27.4
    endloop
  endfacet
  facet normal -0.290287 -0.95694 0
    outer loop
      vertex 2.16061 0.266421 0
      vertex 2.81718 0.0672512 27.4
      vertex 2.16061 0.266421 27.4
    endloop
  endfacet
  facet normal -0.290287 -0.95694 -0
    outer loop
      vertex 2.81718 0.0672512 27.4
      vertex 2.16061 0.266421 0
      vertex 2.81718 0.0672512 0
    endloop
  endfacet
  facet normal -0.0980866 0.995178 0
    outer loop
      vertex 3.5 49.4 0
      vertex 2.81718 49.3327 27.4
      vertex 3.5 49.4 27.4
    endloop
  endfacet
  facet normal -0.0980866 0.995178 0
    outer loop
      vertex 2.81718 49.3327 27.4
      vertex 3.5 49.4 0
      vertex 2.81718 49.3327 0
    endloop
  endfacet
  facet normal 0.471399 -0.88192 0
    outer loop
      vertex 62.2394 0.266421 0
      vertex 62.8445 0.589856 27.4
      vertex 62.2394 0.266421 27.4
    endloop
  endfacet
  facet normal 0.471399 -0.88192 0
    outer loop
      vertex 62.8445 0.589856 27.4
      vertex 62.2394 0.266421 0
      vertex 62.8445 0.589856 0
    endloop
  endfacet
  facet normal 0.995178 0.0980894 5.62245e-20
    outer loop
      vertex 64.4 45.9 27.4
      vertex 64.3327 46.5828 0
      vertex 64.3327 46.5828 27.4
    endloop
  endfacet
  facet normal 0.995178 0.0980894 5.62245e-20
    outer loop
      vertex 64.3327 46.5828 0
      vertex 64.4 45.9 27.4
      vertex 64.4 45.9 0
    endloop
  endfacet
  facet normal -0.634338 0.773056 0
    outer loop
      vertex 1.5555 48.8101 0
      vertex 1.02513 48.3749 27.4
      vertex 1.5555 48.8101 27.4
    endloop
  endfacet
  facet normal -0.634338 0.773056 0
    outer loop
      vertex 1.02513 48.3749 27.4
      vertex 1.5555 48.8101 0
      vertex 1.02513 48.3749 0
    endloop
  endfacet
  facet normal -0.0980161 -0.995185 2.45104e-19
    outer loop
      vertex 2.81718 0.0672512 27.4
      vertex 3.5 0 11.1
      vertex 3.5 0 27.4
    endloop
  endfacet
  facet normal -0.0980161 -0.995185 0
    outer loop
      vertex 2.81718 0.0672512 0
      vertex 3.5 0 11.1
      vertex 2.81718 0.0672512 27.4
    endloop
  endfacet
  facet normal -0.0980161 -0.995185 -0
    outer loop
      vertex 3.5 0 11.1
      vertex 2.81718 0.0672512 0
      vertex 3.5 0 6.9
    endloop
  endfacet
  facet normal -0.0980161 -0.995185 -0
    outer loop
      vertex 3.5 0 6.9
      vertex 2.81718 0.0672512 0
      vertex 3.5 0 0
    endloop
  endfacet
  facet normal 0.290274 -0.956943 0
    outer loop
      vertex 61.5828 0.0672512 0
      vertex 62.2394 0.266421 27.4
      vertex 61.5828 0.0672512 27.4
    endloop
  endfacet
  facet normal 0.290274 -0.956943 0
    outer loop
      vertex 62.2394 0.266421 27.4
      vertex 61.5828 0.0672512 0
      vertex 62.2394 0.266421 0
    endloop
  endfacet
  facet normal 0 0 1
    outer loop
      vertex 62.2 47.2 27.4
      vertex 64.4 45.9 27.4
      vertex 64.3327 46.5828 27.4
    endloop
  endfacet
  facet normal 0 0 1
    outer loop
      vertex 64.4 45.9 27.4
      vertex 62.2 47.2 27.4
      vertex 64.4 3.5 27.4
    endloop
  endfacet
  facet normal -0 0 1
    outer loop
      vertex 62.2 47.2 27.4
      vertex 64.3327 46.5828 27.4
      vertex 64.1336 47.2394 27.4
    endloop
  endfacet
  facet normal 0 0 1
    outer loop
      vertex 62.2 2.2 27.4
      vertex 64.4 3.5 27.4
      vertex 62.2 47.2 27.4
    endloop
  endfacet
  facet normal 0 0 1
    outer loop
      vertex 62.2 47.2 27.4
      vertex 64.1336 47.2394 27.4
      vertex 63.8101 47.8445 27.4
    endloop
  endfacet
  facet normal 0 0 1
    outer loop
      vertex 64.4 3.5 27.4
      vertex 62.2 2.2 27.4
      vertex 64.3327 2.81718 27.4
    endloop
  endfacet
  facet normal 0 0 1
    outer loop
      vertex 62.2 47.2 27.4
      vertex 63.8101 47.8445 27.4
      vertex 63.3749 48.3749 27.4
    endloop
  endfacet
  facet normal 0 0 1
    outer loop
      vertex 64.3327 2.81718 27.4
      vertex 62.2 2.2 27.4
      vertex 64.1336 2.16061 27.4
    endloop
  endfacet
  facet normal 0 0 1
    outer loop
      vertex 62.2 47.2 27.4
      vertex 63.3749 48.3749 27.4
      vertex 62.8445 48.8101 27.4
    endloop
  endfacet
  facet normal 0 0 1
    outer loop
      vertex 64.1336 2.16061 27.4
      vertex 62.2 2.2 27.4
      vertex 63.8101 1.5555 27.4
    endloop
  endfacet
  facet normal 0 0 1
    outer loop
      vertex 62.2 47.2 27.4
      vertex 62.8445 48.8101 27.4
      vertex 62.2394 49.1336 27.4
    endloop
  endfacet
  facet normal 0 0 1
    outer loop
      vertex 63.8101 1.5555 27.4
      vertex 62.2 2.2 27.4
      vertex 63.3749 1.02513 27.4
    endloop
  endfacet
  facet normal 0 0 1
    outer loop
      vertex 63.3749 1.02513 27.4
      vertex 62.2 2.2 27.4
      vertex 62.8445 0.589856 27.4
    endloop
  endfacet
  facet normal 0 0 1
    outer loop
      vertex 61.5828 49.3327 27.4
      vertex 62.2 47.2 27.4
      vertex 62.2394 49.1336 27.4
    endloop
  endfacet
  facet normal 0 0 1
    outer loop
      vertex 60.9 49.4 27.4
      vertex 62.2 47.2 27.4
      vertex 61.5828 49.3327 27.4
    endloop
  endfacet
  facet normal -0 0 1
    outer loop
      vertex 3.5 49.4 27.4
      vertex 62.2 47.2 27.4
      vertex 60.9 49.4 27.4
    endloop
  endfacet
  facet normal 0 0 1
    outer loop
      vertex 2.2 47.2 27.4
      vertex 3.5 49.4 27.4
      vertex 2.81718 49.3327 27.4
    endloop
  endfacet
  facet normal 0 0 1
    outer loop
      vertex 3.5 49.4 27.4
      vertex 2.2 47.2 27.4
      vertex 62.2 47.2 27.4
    endloop
  endfacet
  facet normal -0 0 1
    outer loop
      vertex 1.5555 48.8101 27.4
      vertex 2.2 47.2 27.4
      vertex 2.16061 49.1336 27.4
    endloop
  endfacet
  facet normal -0 0 1
    outer loop
      vertex 2.16061 49.1336 27.4
      vertex 2.2 47.2 27.4
      vertex 2.81718 49.3327 27.4
    endloop
  endfacet
  facet normal 0 0 1
    outer loop
      vertex 62.8445 0.589856 27.4
      vertex 62.2 2.2 27.4
      vertex 62.2394 0.266421 27.4
    endloop
  endfacet
  facet normal 0 0 1
    outer loop
      vertex 62.2 2.2 27.4
      vertex 61.5828 0.0672512 27.4
      vertex 62.2394 0.266421 27.4
    endloop
  endfacet
  facet normal 0 0 1
    outer loop
      vertex 62.2 2.2 27.4
      vertex 60.9 0 27.4
      vertex 61.5828 0.0672512 27.4
    endloop
  endfacet
  facet normal 0 0 1
    outer loop
      vertex 62.2 2.2 27.4
      vertex 3.5 0 27.4
      vertex 60.9 0 27.4
    endloop
  endfacet
  facet normal -0 0 1
    outer loop
      vertex 2.2 2.2 27.4
      vertex 3.5 0 27.4
      vertex 62.2 2.2 27.4
    endloop
  endfacet
  facet normal 0 0 1
    outer loop
      vertex 3.5 0 27.4
      vertex 2.2 2.2 27.4
      vertex 2.81718 0.0672512 27.4
    endloop
  endfacet
  facet normal 0 0 1
    outer loop
      vertex 2.2 2.2 27.4
      vertex 2.16061 0.266421 27.4
      vertex 2.81718 0.0672512 27.4
    endloop
  endfacet
  facet normal 0 0 1
    outer loop
      vertex 2.2 47.2 27.4
      vertex 0 45.9 27.4
      vertex 2.2 2.2 27.4
    endloop
  endfacet
  facet normal -0 0 1
    outer loop
      vertex 1.02513 48.3749 27.4
      vertex 2.2 47.2 27.4
      vertex 1.5555 48.8101 27.4
    endloop
  endfacet
  facet normal -0 0 1
    outer loop
      vertex 0 3.5 27.4
      vertex 2.2 2.2 27.4
      vertex 0 45.9 27.4
    endloop
  endfacet
  facet normal -0 0 1
    outer loop
      vertex 0.589856 47.8445 27.4
      vertex 2.2 47.2 27.4
      vertex 1.02513 48.3749 27.4
    endloop
  endfacet
  facet normal -0 -0 1
    outer loop
      vertex 0.0672512 2.81718 27.4
      vertex 2.2 2.2 27.4
      vertex 0 3.5 27.4
    endloop
  endfacet
  facet normal -0 0 1
    outer loop
      vertex 0.266421 47.2394 27.4
      vertex 2.2 47.2 27.4
      vertex 0.589856 47.8445 27.4
    endloop
  endfacet
  facet normal 0 0 1
    outer loop
      vertex 2.2 2.2 27.4
      vertex 1.5555 0.589856 27.4
      vertex 2.16061 0.266421 27.4
    endloop
  endfacet
  facet normal 0 0 1
    outer loop
      vertex 0.0672512 46.5828 27.4
      vertex 2.2 47.2 27.4
      vertex 0.266421 47.2394 27.4
    endloop
  endfacet
  facet normal 0 0 1
    outer loop
      vertex 2.2 2.2 27.4
      vertex 1.02513 1.02513 27.4
      vertex 1.5555 0.589856 27.4
    endloop
  endfacet
  facet normal 0 0 1
    outer loop
      vertex 2.2 47.2 27.4
      vertex 0.0672512 46.5828 27.4
      vertex 0 45.9 27.4
    endloop
  endfacet
  facet normal 0 0 1
    outer loop
      vertex 2.2 2.2 27.4
      vertex 0.589856 1.5555 27.4
      vertex 1.02513 1.02513 27.4
    endloop
  endfacet
  facet normal 0 0 1
    outer loop
      vertex 2.2 2.2 27.4
      vertex 0.266421 2.16061 27.4
      vertex 0.589856 1.5555 27.4
    endloop
  endfacet
  facet normal 0 0 1
    outer loop
      vertex 2.2 2.2 27.4
      vertex 0.0672512 2.81718 27.4
      vertex 0.266421 2.16061 27.4
    endloop
  endfacet
  facet normal -0.995185 0.098019 3.66128e-20
    outer loop
      vertex 0 45.9 0
      vertex 0.0672512 46.5828 27.4
      vertex 0.0672512 46.5828 0
    endloop
  endfacet
  facet normal -0.995185 0.098019 3.66128e-20
    outer loop
      vertex 0.0672512 46.5828 27.4
      vertex 0 45.9 0
      vertex 0 45.9 27.4
    endloop
  endfacet
  facet normal -0.634403 -0.773003 0
    outer loop
      vertex 1.02513 1.02513 0
      vertex 1.5555 0.589856 27.4
      vertex 1.02513 1.02513 27.4
    endloop
  endfacet
  facet normal -0.634403 -0.773003 -0
    outer loop
      vertex 1.5555 0.589856 27.4
      vertex 1.02513 1.02513 0
      vertex 1.5555 0.589856 0
    endloop
  endfacet
  facet normal -0.77302 0.634381 -9.03697e-20
    outer loop
      vertex 0.589856 47.8445 0
      vertex 1.02513 48.3749 27.4
      vertex 1.02513 48.3749 0
    endloop
  endfacet
  facet normal -0.77302 0.634381 -9.03697e-20
    outer loop
      vertex 1.02513 48.3749 27.4
      vertex 0.589856 47.8445 0
      vertex 0.589856 47.8445 27.4
    endloop
  endfacet
  facet normal -0.95694 -0.290287 1.9155e-19
    outer loop
      vertex 0.266421 2.16061 0
      vertex 0.0672512 2.81718 27.4
      vertex 0.0672512 2.81718 0
    endloop
  endfacet
  facet normal -0.95694 -0.290287 1.9155e-19
    outer loop
      vertex 0.0672512 2.81718 27.4
      vertex 0.266421 2.16061 0
      vertex 0.266421 2.16061 27.4
    endloop
  endfacet
  facet normal 0.773073 0.634317 -3.31101e-21
    outer loop
      vertex 63.8101 47.8445 27.4
      vertex 63.3749 48.3749 0
      vertex 63.3749 48.3749 27.4
    endloop
  endfacet
  facet normal 0.773073 0.634317 -3.31101e-21
    outer loop
      vertex 63.3749 48.3749 0
      vertex 63.8101 47.8445 27.4
      vertex 63.8101 47.8445 0
    endloop
  endfacet
  facet normal 0.88188 0.471473 -7.52855e-20
    outer loop
      vertex 64.1336 47.2394 27.4
      vertex 63.8101 47.8445 0
      vertex 63.8101 47.8445 27.4
    endloop
  endfacet
  facet normal 0.88188 0.471473 -7.52855e-20
    outer loop
      vertex 63.8101 47.8445 0
      vertex 64.1336 47.2394 27.4
      vertex 64.1336 47.2394 0
    endloop
  endfacet
  facet normal 0.956972 0.290181 1.51344e-19
    outer loop
      vertex 64.3327 46.5828 27.4
      vertex 64.1336 47.2394 0
      vertex 64.1336 47.2394 27.4
    endloop
  endfacet
  facet normal 0.956972 0.290181 1.51344e-19
    outer loop
      vertex 64.1336 47.2394 0
      vertex 64.3327 46.5828 27.4
      vertex 64.3327 46.5828 0
    endloop
  endfacet
  facet normal 0.881884 -0.471467 5.7871e-19
    outer loop
      vertex 63.8101 1.5555 27.4
      vertex 64.1336 2.16061 0
      vertex 64.1336 2.16061 27.4
    endloop
  endfacet
  facet normal 0.881884 -0.471467 5.7871e-19
    outer loop
      vertex 64.1336 2.16061 0
      vertex 63.8101 1.5555 27.4
      vertex 63.8101 1.5555 0
    endloop
  endfacet
  facet normal 0 0 -1
    outer loop
      vertex 60.9 0 0
      vertex 64.4 3.5 0
      vertex 64.3327 2.81718 0
    endloop
  endfacet
  facet normal 0 0 -1
    outer loop
      vertex 60.9 0 0
      vertex 64.3327 2.81718 0
      vertex 64.1336 2.16061 0
    endloop
  endfacet
  facet normal 0 0 -1
    outer loop
      vertex 60.9 0 0
      vertex 64.1336 2.16061 0
      vertex 63.8101 1.5555 0
    endloop
  endfacet
  facet normal 0 0 -1
    outer loop
      vertex 60.9 0 0
      vertex 63.8101 1.5555 0
      vertex 63.3749 1.02513 0
    endloop
  endfacet
  facet normal 0 0 -1
    outer loop
      vertex 60.9 0 0
      vertex 63.3749 1.02513 0
      vertex 62.8445 0.589856 0
    endloop
  endfacet
  facet normal 0 0 -1
    outer loop
      vertex 60.9 0 0
      vertex 62.8445 0.589856 0
      vertex 62.2394 0.266421 0
    endloop
  endfacet
  facet normal 0 0 -1
    outer loop
      vertex 60.9 0 0
      vertex 62.2394 0.266421 0
      vertex 61.5828 0.0672512 0
    endloop
  endfacet
  facet normal 0 0 -1
    outer loop
      vertex 64.4 3.5 0
      vertex 53.2 18.7 0
      vertex 64.4 36.2 0
    endloop
  endfacet
  facet normal 0 0 -1
    outer loop
      vertex 53.2 30.7 0
      vertex 64.4 36.2 0
      vertex 53.2 18.7 0
    endloop
  endfacet
  facet normal -0 0 -1
    outer loop
      vertex 64.4 3.5 0
      vertex 60.9 0 0
      vertex 53.2 18.7 0
    endloop
  endfacet
  facet normal 0 0 -1
    outer loop
      vertex 61.4 40.4 0
      vertex 64.4 45.9 0
      vertex 64.4 40.4 0
    endloop
  endfacet
  facet normal 0 0 -1
    outer loop
      vertex 60.9 49.4 0
      vertex 64.4 45.9 0
      vertex 61.4 40.4 0
    endloop
  endfacet
  facet normal 0 0 -1
    outer loop
      vertex 64.4 45.9 0
      vertex 60.9 49.4 0
      vertex 64.3327 46.5828 0
    endloop
  endfacet
  facet normal 0 0 -1
    outer loop
      vertex 64.3327 46.5828 0
      vertex 60.9 49.4 0
      vertex 64.1336 47.2394 0
    endloop
  endfacet
  facet normal 0 0 -1
    outer loop
      vertex 64.1336 47.2394 0
      vertex 60.9 49.4 0
      vertex 63.8101 47.8445 0
    endloop
  endfacet
  facet normal 0 0 -1
    outer loop
      vertex 63.8101 47.8445 0
      vertex 60.9 49.4 0
      vertex 63.3749 48.3749 0
    endloop
  endfacet
  facet normal 0 0 -1
    outer loop
      vertex 63.3749 48.3749 0
      vertex 60.9 49.4 0
      vertex 62.8445 48.8101 0
    endloop
  endfacet
  facet normal 0 0 -1
    outer loop
      vertex 62.8445 48.8101 0
      vertex 60.9 49.4 0
      vertex 62.2394 49.1336 0
    endloop
  endfacet
  facet normal 0 0 -1
    outer loop
      vertex 62.2394 49.1336 0
      vertex 60.9 49.4 0
      vertex 61.5828 49.3327 0
    endloop
  endfacet
  facet normal -0 0 -1
    outer loop
      vertex 64.4 36.2 0
      vertex 53.2 30.7 0
      vertex 61.4 36.2 0
    endloop
  endfacet
  facet normal -0 0 -1
    outer loop
      vertex 61.4 36.2 0
      vertex 53.2 30.7 0
      vertex 61.4 40.4 0
    endloop
  endfacet
  facet normal 0 0 -1
    outer loop
      vertex 60.9 0 0
      vertex 47.2 18.7 0
      vertex 53.2 18.7 0
    endloop
  endfacet
  facet normal 0 0 -1
    outer loop
      vertex 47.2 18.7 0
      vertex 43.2 18.7 0
      vertex 47.2 30.7 0
    endloop
  endfacet
  facet normal 0 0 -1
    outer loop
      vertex 60.9 0 0
      vertex 43.2 18.7 0
      vertex 47.2 18.7 0
    endloop
  endfacet
  facet normal 0 0 -1
    outer loop
      vertex 60.9 0 0
      vertex 37.2 18.7 0
      vertex 43.2 18.7 0
    endloop
  endfacet
  facet normal 0 0 -1
    outer loop
      vertex 37.2 18.7 0
      vertex 33.2 18.7 0
      vertex 37.2 30.7 0
    endloop
  endfacet
  facet normal 0 0 -1
    outer loop
      vertex 60.9 0 0
      vertex 33.2 18.7 0
      vertex 37.2 18.7 0
    endloop
  endfacet
  facet normal 0 0 -1
    outer loop
      vertex 3.5 0 0
      vertex 33.2 18.7 0
      vertex 60.9 0 0
    endloop
  endfacet
  facet normal 0 0 -1
    outer loop
      vertex 27.2 18.7 0
      vertex 23.2 18.7 0
      vertex 27.2 30.7 0
    endloop
  endfacet
  facet normal -0 0 -1
    outer loop
      vertex 33.2 18.7 0
      vertex 3.5 0 0
      vertex 27.2 18.7 0
    endloop
  endfacet
  facet normal -0 0 -1
    outer loop
      vertex 27.2 18.7 0
      vertex 3.5 0 0
      vertex 23.2 18.7 0
    endloop
  endfacet
  facet normal 0 0 -1
    outer loop
      vertex 17.2 18.7 0
      vertex 13.2 18.7 0
      vertex 17.2 30.7 0
    endloop
  endfacet
  facet normal -0 0 -1
    outer loop
      vertex 23.2 18.7 0
      vertex 3.5 0 0
      vertex 17.2 18.7 0
    endloop
  endfacet
  facet normal -0 0 -1
    outer loop
      vertex 17.2 18.7 0
      vertex 3.5 0 0
      vertex 13.2 18.7 0
    endloop
  endfacet
  facet normal 0 0 -1
    outer loop
      vertex 0 3.5 0
      vertex 7.2 18.7 0
      vertex 3.5 0 0
    endloop
  endfacet
  facet normal -0 0 -1
    outer loop
      vertex 13.2 18.7 0
      vertex 3.5 0 0
      vertex 7.2 18.7 0
    endloop
  endfacet
  facet normal 0 0 -1
    outer loop
      vertex 47.2 30.7 0
      vertex 61.4 40.4 0
      vertex 53.2 30.7 0
    endloop
  endfacet
  facet normal -0 0 -1
    outer loop
      vertex 61.4 40.4 0
      vertex 47.2 30.7 0
      vertex 60.9 49.4 0
    endloop
  endfacet
  facet normal 0 0 -1
    outer loop
      vertex 43.2 30.7 0
      vertex 47.2 30.7 0
      vertex 43.2 18.7 0
    endloop
  endfacet
  facet normal 0 0 -1
    outer loop
      vertex 43.2 30.7 0
      vertex 60.9 49.4 0
      vertex 47.2 30.7 0
    endloop
  endfacet
  facet normal 0 0 -1
    outer loop
      vertex 37.2 30.7 0
      vertex 60.9 49.4 0
      vertex 43.2 30.7 0
    endloop
  endfacet
  facet normal 0 0 -1
    outer loop
      vertex 33.2 30.7 0
      vertex 37.2 30.7 0
      vertex 33.2 18.7 0
    endloop
  endfacet
  facet normal 0 0 -1
    outer loop
      vertex 33.2 30.7 0
      vertex 60.9 49.4 0
      vertex 37.2 30.7 0
    endloop
  endfacet
  facet normal 0 0 -1
    outer loop
      vertex 3.5 49.4 0
      vertex 33.2 30.7 0
      vertex 27.2 30.7 0
    endloop
  endfacet
  facet normal 0 0 -1
    outer loop
      vertex 23.2 30.7 0
      vertex 27.2 30.7 0
      vertex 23.2 18.7 0
    endloop
  endfacet
  facet normal 0 0 -1
    outer loop
      vertex 3.5 49.4 0
      vertex 27.2 30.7 0
      vertex 23.2 30.7 0
    endloop
  endfacet
  facet normal 0 0 -1
    outer loop
      vertex 3.5 49.4 0
      vertex 23.2 30.7 0
      vertex 17.2 30.7 0
    endloop
  endfacet
  facet normal 0 0 -1
    outer loop
      vertex 13.2 30.7 0
      vertex 17.2 30.7 0
      vertex 13.2 18.7 0
    endloop
  endfacet
  facet normal 0 0 -1
    outer loop
      vertex 3.5 49.4 0
      vertex 17.2 30.7 0
      vertex 13.2 30.7 0
    endloop
  endfacet
  facet normal 0 0 -1
    outer loop
      vertex 3.5 49.4 0
      vertex 13.2 30.7 0
      vertex 7.2 30.7 0
    endloop
  endfacet
  facet normal 0 0 -1
    outer loop
      vertex 33.2 30.7 0
      vertex 3.5 49.4 0
      vertex 60.9 49.4 0
    endloop
  endfacet
  facet normal -0 0 -1
    outer loop
      vertex 7.2 18.7 0
      vertex 0 3.5 0
      vertex 7.2 30.7 0
    endloop
  endfacet
  facet normal 0 0 -1
    outer loop
      vertex 0 3.5 0
      vertex 3.5 0 0
      vertex 2.81718 0.0672512 0
    endloop
  endfacet
  facet normal 0 0 -1
    outer loop
      vertex 0 45.9 0
      vertex 7.2 30.7 0
      vertex 0 3.5 0
    endloop
  endfacet
  facet normal 0 0 -1
    outer loop
      vertex 0 3.5 0
      vertex 2.81718 0.0672512 0
      vertex 2.16061 0.266421 0
    endloop
  endfacet
  facet normal 0 0 -1
    outer loop
      vertex 7.2 30.7 0
      vertex 0 45.9 0
      vertex 3.5 49.4 0
    endloop
  endfacet
  facet normal 0 0 -1
    outer loop
      vertex 0 3.5 0
      vertex 2.16061 0.266421 0
      vertex 1.5555 0.589856 0
    endloop
  endfacet
  facet normal 0 0 -1
    outer loop
      vertex 3.5 49.4 0
      vertex 0 45.9 0
      vertex 2.81718 49.3327 0
    endloop
  endfacet
  facet normal 0 0 -1
    outer loop
      vertex 0 3.5 0
      vertex 1.5555 0.589856 0
      vertex 1.02513 1.02513 0
    endloop
  endfacet
  facet normal 0 0 -1
    outer loop
      vertex 2.81718 49.3327 0
      vertex 0 45.9 0
      vertex 2.16061 49.1336 0
    endloop
  endfacet
  facet normal 0 0 -1
    outer loop
      vertex 0 3.5 0
      vertex 1.02513 1.02513 0
      vertex 0.589856 1.5555 0
    endloop
  endfacet
  facet normal 0 0 -1
    outer loop
      vertex 2.16061 49.1336 0
      vertex 0 45.9 0
      vertex 1.5555 48.8101 0
    endloop
  endfacet
  facet normal 0 0 -1
    outer loop
      vertex 0 3.5 0
      vertex 0.589856 1.5555 0
      vertex 0.266421 2.16061 0
    endloop
  endfacet
  facet normal 0 0 -1
    outer loop
      vertex 1.5555 48.8101 0
      vertex 0 45.9 0
      vertex 1.02513 48.3749 0
    endloop
  endfacet
  facet normal 0 0 -1
    outer loop
      vertex 0 3.5 0
      vertex 0.266421 2.16061 0
      vertex 0.0672512 2.81718 0
    endloop
  endfacet
  facet normal 0 0 -1
    outer loop
      vertex 1.02513 48.3749 0
      vertex 0 45.9 0
      vertex 0.589856 47.8445 0
    endloop
  endfacet
  facet normal 0 0 -1
    outer loop
      vertex 0.589856 47.8445 0
      vertex 0 45.9 0
      vertex 0.266421 47.2394 0
    endloop
  endfacet
  facet normal 0 0 -1
    outer loop
      vertex 0.266421 47.2394 0
      vertex 0 45.9 0
      vertex 0.0672512 46.5828 0
    endloop
  endfacet
  facet normal 0.471473 0.88188 -0
    outer loop
      vertex 62.8445 48.8101 0
      vertex 62.2394 49.1336 27.4
      vertex 62.8445 48.8101 27.4
    endloop
  endfacet
  facet normal 0.471473 0.88188 0
    outer loop
      vertex 62.2394 49.1336 27.4
      vertex 62.8445 48.8101 0
      vertex 62.2394 49.1336 0
    endloop
  endfacet
  facet normal -1 0 0
    outer loop
      vertex 62.2 36.2 1.8
      vertex 62.2 2.2 1.8
      vertex 62.2 36.2 9.3
    endloop
  endfacet
  facet normal -1 0 0
    outer loop
      vertex 62.2 40.4 9.3
      vertex 62.2 47.2 1.8
      vertex 62.2 40.4 1.8
    endloop
  endfacet
  facet normal -1 0 0
    outer loop
      vertex 62.2 47.2 1.8
      vertex 62.2 40.4 9.3
      vertex 62.2 47.2 23.4
    endloop
  endfacet
  facet normal -1 0 0
    outer loop
      vertex 62.2 36.2 9.3
      vertex 62.2 47.2 23.4
      vertex 62.2 40.4 9.3
    endloop
  endfacet
  facet normal -1 0 0
    outer loop
      vertex 62.2 2.2 23.4
      vertex 62.2 36.2 9.3
      vertex 62.2 2.2 1.8
    endloop
  endfacet
  facet normal -1 0 0
    outer loop
      vertex 62.2 36.2 9.3
      vertex 62.2 2.2 23.4
      vertex 62.2 47.2 23.4
    endloop
  endfacet
  facet normal -1 0 0
    outer loop
      vertex 62.2 2.2 26.9
      vertex 62.2 47.2 27.4
      vertex 62.2 47.2 26.9
    endloop
  endfacet
  facet normal -1 -0 0
    outer loop
      vertex 62.2 47.2 27.4
      vertex 62.2 2.2 26.9
      vertex 62.2 2.2 27.4
    endloop
  endfacet
  facet normal 0 0 1
    outer loop
      vertex 7.2 21.2 1.8
      vertex 2.2 21.2 1.8
      vertex 7.2 18.7 1.8
    endloop
  endfacet
  facet normal 0 0 1
    outer loop
      vertex 62.2 47.2 1.8
      vertex 61.4 40.4 1.8
      vertex 62.2 40.4 1.8
    endloop
  endfacet
  facet normal 0 0 1
    outer loop
      vertex 61.4 40.4 1.8
      vertex 53.2 30.7 1.8
      vertex 61.4 36.2 1.8
    endloop
  endfacet
  facet normal 0 0 1
    outer loop
      vertex 47.2 30.7 1.8
      vertex 61.4 40.4 1.8
      vertex 62.2 47.2 1.8
    endloop
  endfacet
  facet normal 0 0 1
    outer loop
      vertex 61.4 40.4 1.8
      vertex 47.2 30.7 1.8
      vertex 53.2 30.7 1.8
    endloop
  endfacet
  facet normal 0 0 1
    outer loop
      vertex 47.2 30.7 1.8
      vertex 43.2 30.7 1.8
      vertex 47.2 18.7 1.8
    endloop
  endfacet
  facet normal 0 0 1
    outer loop
      vertex 62.2 47.2 1.8
      vertex 43.2 30.7 1.8
      vertex 47.2 30.7 1.8
    endloop
  endfacet
  facet normal 0 0 1
    outer loop
      vertex 62.2 47.2 1.8
      vertex 37.2 30.7 1.8
      vertex 43.2 30.7 1.8
    endloop
  endfacet
  facet normal 0 0 1
    outer loop
      vertex 37.2 30.7 1.8
      vertex 33.2 30.7 1.8
      vertex 37.2 18.7 1.8
    endloop
  endfacet
  facet normal 0 0 1
    outer loop
      vertex 62.2 47.2 1.8
      vertex 33.2 30.7 1.8
      vertex 37.2 30.7 1.8
    endloop
  endfacet
  facet normal -0 0 1
    outer loop
      vertex 8 40.4 1.8
      vertex 33.2 30.7 1.8
      vertex 62.2 47.2 1.8
    endloop
  endfacet
  facet normal 0 0 1
    outer loop
      vertex 27.2 30.7 1.8
      vertex 23.2 30.7 1.8
      vertex 27.2 18.7 1.8
    endloop
  endfacet
  facet normal 0 0 1
    outer loop
      vertex 33.2 30.7 1.8
      vertex 8 40.4 1.8
      vertex 27.2 30.7 1.8
    endloop
  endfacet
  facet normal 0 0 1
    outer loop
      vertex 27.2 30.7 1.8
      vertex 8 40.4 1.8
      vertex 23.2 30.7 1.8
    endloop
  endfacet
  facet normal 0 0 1
    outer loop
      vertex 17.2 30.7 1.8
      vertex 13.2 30.7 1.8
      vertex 17.2 18.7 1.8
    endloop
  endfacet
  facet normal 0 0 1
    outer loop
      vertex 23.2 30.7 1.8
      vertex 8 40.4 1.8
      vertex 17.2 30.7 1.8
    endloop
  endfacet
  facet normal -0 0 1
    outer loop
      vertex 8 36.2 1.8
      vertex 17.2 30.7 1.8
      vertex 8 40.4 1.8
    endloop
  endfacet
  facet normal -0 0 1
    outer loop
      vertex 2.2 47.2 1.8
      vertex 8 40.4 1.8
      vertex 62.2 47.2 1.8
    endloop
  endfacet
  facet normal 0 0 1
    outer loop
      vertex 8 40.4 1.8
      vertex 2.2 47.2 1.8
      vertex 2.2 40.4 1.8
    endloop
  endfacet
  facet normal 0 0 1
    outer loop
      vertex 53.2 30.7 1.8
      vertex 62.2 36.2 1.8
      vertex 61.4 36.2 1.8
    endloop
  endfacet
  facet normal 0 0 1
    outer loop
      vertex 62.2 36.2 1.8
      vertex 53.2 30.7 1.8
      vertex 53.2 18.7 1.8
    endloop
  endfacet
  facet normal 0 0 1
    outer loop
      vertex 62.2 36.2 1.8
      vertex 53.2 18.7 1.8
      vertex 62.2 2.2 1.8
    endloop
  endfacet
  facet normal -0 0 1
    outer loop
      vertex 47.2 18.7 1.8
      vertex 62.2 2.2 1.8
      vertex 53.2 18.7 1.8
    endloop
  endfacet
  facet normal 0 0 1
    outer loop
      vertex 43.2 18.7 1.8
      vertex 47.2 18.7 1.8
      vertex 43.2 30.7 1.8
    endloop
  endfacet
  facet normal -0 0 1
    outer loop
      vertex 43.2 18.7 1.8
      vertex 62.2 2.2 1.8
      vertex 47.2 18.7 1.8
    endloop
  endfacet
  facet normal -0 0 1
    outer loop
      vertex 37.2 18.7 1.8
      vertex 62.2 2.2 1.8
      vertex 43.2 18.7 1.8
    endloop
  endfacet
  facet normal 0 0 1
    outer loop
      vertex 33.2 18.7 1.8
      vertex 37.2 18.7 1.8
      vertex 33.2 30.7 1.8
    endloop
  endfacet
  facet normal -0 0 1
    outer loop
      vertex 33.2 18.7 1.8
      vertex 62.2 2.2 1.8
      vertex 37.2 18.7 1.8
    endloop
  endfacet
  facet normal 0 0 1
    outer loop
      vertex 2.2 2.2 1.8
      vertex 33.2 18.7 1.8
      vertex 27.2 18.7 1.8
    endloop
  endfacet
  facet normal 0 0 1
    outer loop
      vertex 23.2 18.7 1.8
      vertex 27.2 18.7 1.8
      vertex 23.2 30.7 1.8
    endloop
  endfacet
  facet normal 0 0 1
    outer loop
      vertex 2.2 2.2 1.8
      vertex 27.2 18.7 1.8
      vertex 23.2 18.7 1.8
    endloop
  endfacet
  facet normal 0 0 1
    outer loop
      vertex 2.2 2.2 1.8
      vertex 23.2 18.7 1.8
      vertex 17.2 18.7 1.8
    endloop
  endfacet
  facet normal 0 0 1
    outer loop
      vertex 13.2 18.7 1.8
      vertex 17.2 18.7 1.8
      vertex 13.2 30.7 1.8
    endloop
  endfacet
  facet normal 0 0 1
    outer loop
      vertex 2.2 2.2 1.8
      vertex 17.2 18.7 1.8
      vertex 13.2 18.7 1.8
    endloop
  endfacet
  facet normal 0 0 1
    outer loop
      vertex 2.2 2.2 1.8
      vertex 13.2 18.7 1.8
      vertex 7.2 18.7 1.8
    endloop
  endfacet
  facet normal 0 0 1
    outer loop
      vertex 33.2 18.7 1.8
      vertex 2.2 2.2 1.8
      vertex 62.2 2.2 1.8
    endloop
  endfacet
  facet normal 0 0 1
    outer loop
      vertex 2.2 2.2 1.8
      vertex 7.2 18.7 1.8
      vertex 2.2 21.2 1.8
    endloop
  endfacet
  facet normal 0 0 1
    outer loop
      vertex 17.2 30.7 1.8
      vertex 8 36.2 1.8
      vertex 13.2 30.7 1.8
    endloop
  endfacet
  facet normal 0 0 1
    outer loop
      vertex 8 36.2 1.8
      vertex 7.2 30.7 1.8
      vertex 13.2 30.7 1.8
    endloop
  endfacet
  facet normal -0 0 1
    outer loop
      vertex 2.2 36.2 1.8
      vertex 7.2 30.7 1.8
      vertex 8 36.2 1.8
    endloop
  endfacet
  facet normal 0 0 1
    outer loop
      vertex 2.2 25.4 1.8
      vertex 7.2 30.7 1.8
      vertex 2.2 36.2 1.8
    endloop
  endfacet
  facet normal 0 0 1
    outer loop
      vertex 7.2 30.7 1.8
      vertex 2.2 25.4 1.8
      vertex 7.2 25.4 1.8
    endloop
  endfacet
  facet normal 1 0 0
    outer loop
      vertex 2.2 47.2 23.4
      vertex 2.2 40.4 14.9
      vertex 2.2 47.2 1.8
    endloop
  endfacet
  facet normal 1 0 0
    outer loop
      vertex 2.2 47.2 23.4
      vertex 2.2 36.2 14.9
      vertex 2.2 40.4 14.9
    endloop
  endfacet
  facet normal 1 0 0
    outer loop
      vertex 2.2 36.2 14.9
      vertex 2.2 25.4 14.9
      vertex 2.2 36.2 1.8
    endloop
  endfacet
  facet normal 1 0 0
    outer loop
      vertex 2.2 47.2 23.4
      vertex 2.2 25.4 14.9
      vertex 2.2 36.2 14.9
    endloop
  endfacet
  facet normal 1 -0 0
    outer loop
      vertex 2.2 2.2 23.4
      vertex 2.2 25.4 14.9
      vertex 2.2 47.2 23.4
    endloop
  endfacet
  facet normal 1 0 0
    outer loop
      vertex 2.2 21.2 14.9
      vertex 2.2 13.4 12.9
      vertex 2.2 21.2 1.8
    endloop
  endfacet
  facet normal 1 0 0
    outer loop
      vertex 2.2 25.4 14.9
      vertex 2.2 2.2 23.4
      vertex 2.2 21.2 14.9
    endloop
  endfacet
  facet normal 1 0 0
    outer loop
      vertex 2.2 21.2 14.9
      vertex 2.2 2.2 23.4
      vertex 2.2 13.4 12.9
    endloop
  endfacet
  facet normal 1 0 0
    outer loop
      vertex 2.2 2.2 1.8
      vertex 2.2 9.2 12.9
      vertex 2.2 2.2 23.4
    endloop
  endfacet
  facet normal 1 0 0
    outer loop
      vertex 2.2 13.4 12.9
      vertex 2.2 2.2 23.4
      vertex 2.2 9.2 12.9
    endloop
  endfacet
  facet normal 1 0 0
    outer loop
      vertex 2.2 47.2 1.8
      vertex 2.2 40.4 14.9
      vertex 2.2 40.4 1.8
    endloop
  endfacet
  facet normal 1 0 0
    outer loop
      vertex 2.2 36.2 1.8
      vertex 2.2 25.4 14.9
      vertex 2.2 25.4 1.8
    endloop
  endfacet
  facet normal 1 -0 0
    outer loop
      vertex 2.2 13.4 2.9
      vertex 2.2 21.2 1.8
      vertex 2.2 13.4 12.9
    endloop
  endfacet
  facet normal 1 0 0
    outer loop
      vertex 2.2 2.2 1.8
      vertex 2.2 13.4 2.9
      vertex 2.2 9.2 2.9
    endloop
  endfacet
  facet normal 1 0 0
    outer loop
      vertex 2.2 13.4 2.9
      vertex 2.2 2.2 1.8
      vertex 2.2 21.2 1.8
    endloop
  endfacet
  facet normal 1 0 0
    outer loop
      vertex 2.2 9.2 12.9
      vertex 2.2 2.2 1.8
      vertex 2.2 9.2 2.9
    endloop
  endfacet
  facet normal 1 -0 0
    outer loop
      vertex 2.2 2.2 27.4
      vertex 2.2 47.2 26.9
      vertex 2.2 47.2 27.4
    endloop
  endfacet
  facet normal 1 0 0
    outer loop
      vertex 2.2 47.2 26.9
      vertex 2.2 2.2 27.4
      vertex 2.2 2.2 26.9
    endloop
  endfacet
  facet normal 0 -1 0
    outer loop
      vertex 22.7 47.2 6.9
      vertex 31.2 47.2 11.1
      vertex 22.7 47.2 11.1
    endloop
  endfacet
  facet normal 0 -1 -0
    outer loop
      vertex 31.2 47.2 11.1
      vertex 22.7 47.2 6.9
      vertex 31.2 47.2 6.9
    endloop
  endfacet
  facet normal 0 -1 0
    outer loop
      vertex 22.7 47.2 11.1
      vertex 2.2 47.2 23.4
      vertex 5.7 47.2 11.1
    endloop
  endfacet
  facet normal 0 -1 0
    outer loop
      vertex 2.2 47.2 1.8
      vertex 5.7 47.2 11.1
      vertex 2.2 47.2 23.4
    endloop
  endfacet
  facet normal 0 -1 0
    outer loop
      vertex 2.2 47.2 1.8
      vertex 22.7 47.2 6.9
      vertex 5.7 47.2 6.9
    endloop
  endfacet
  facet normal 0 -1 -0
    outer loop
      vertex 22.7 47.2 6.9
      vertex 2.2 47.2 1.8
      vertex 31.2 47.2 6.9
    endloop
  endfacet
  facet normal 0 -1 0
    outer loop
      vertex 62.2 47.2 1.8
      vertex 31.2 47.2 6.9
      vertex 2.2 47.2 1.8
    endloop
  endfacet
  facet normal 0 -1 -0
    outer loop
      vertex 5.7 47.2 11.1
      vertex 2.2 47.2 1.8
      vertex 5.7 47.2 6.9
    endloop
  endfacet
  facet normal 0 -1 0
    outer loop
      vertex 31.2 47.2 11.1
      vertex 2.2 47.2 23.4
      vertex 22.7 47.2 11.1
    endloop
  endfacet
  facet normal 0 -1 0
    outer loop
      vertex 2.2 47.2 23.4
      vertex 31.2 47.2 11.1
      vertex 62.2 47.2 23.4
    endloop
  endfacet
  facet normal 0 -1 0
    outer loop
      vertex 49.2 47.2 11.1
      vertex 62.2 47.2 23.4
      vertex 31.2 47.2 11.1
    endloop
  endfacet
  facet normal 0 -1 0
    outer loop
      vertex 62.2 47.2 1.8
      vertex 49.2 47.2 11.1
      vertex 49.2 47.2 6.9
    endloop
  endfacet
  facet normal 0 -1 0
    outer loop
      vertex 49.2 47.2 11.1
      vertex 62.2 47.2 1.8
      vertex 62.2 47.2 23.4
    endloop
  endfacet
  facet normal 0 -1 0
    outer loop
      vertex 31.2 47.2 6.9
      vertex 62.2 47.2 1.8
      vertex 49.2 47.2 6.9
    endloop
  endfacet
  facet normal 0 -1 0
    outer loop
      vertex 2.2 47.2 26.9
      vertex 62.2 47.2 27.4
      vertex 2.2 47.2 27.4
    endloop
  endfacet
  facet normal 0 -1 -0
    outer loop
      vertex 62.2 47.2 27.4
      vertex 2.2 47.2 26.9
      vertex 62.2 47.2 26.9
    endloop
  endfacet
  facet normal 0 1 -0
    outer loop
      vertex 62.2 2.2 1.8
      vertex 2.2 2.2 23.4
      vertex 62.2 2.2 23.4
    endloop
  endfacet
  facet normal 0 1 0
    outer loop
      vertex 2.2 2.2 23.4
      vertex 62.2 2.2 1.8
      vertex 2.2 2.2 1.8
    endloop
  endfacet
  facet normal 0 1 -0
    outer loop
      vertex 62.2 2.2 26.9
      vertex 2.2 2.2 27.4
      vertex 62.2 2.2 27.4
    endloop
  endfacet
  facet normal 0 1 0
    outer loop
      vertex 2.2 2.2 27.4
      vertex 62.2 2.2 26.9
      vertex 2.2 2.2 26.9
    endloop
  endfacet
  facet normal -1 0 0
    outer loop
      vertex 62.9 1.5 23.4
      vertex 62.9 47.9 26.9
      vertex 62.9 47.9 23.4
    endloop
  endfacet
  facet normal -1 -0 0
    outer loop
      vertex 62.9 47.9 26.9
      vertex 62.9 1.5 23.4
      vertex 62.9 1.5 26.9
    endloop
  endfacet
  facet normal 0 0 -1
    outer loop
      vertex 62.9 1.5 26.9
      vertex 62.2 2.2 26.9
      vertex 62.9 47.9 26.9
    endloop
  endfacet
  facet normal 0 0 -1
    outer loop
      vertex 62.9 1.5 26.9
      vertex 2.2 2.2 26.9
      vertex 62.2 2.2 26.9
    endloop
  endfacet
  facet normal -0 0 -1
    outer loop
      vertex 2.2 2.2 26.9
      vertex 1.5 1.5 26.9
      vertex 2.2 47.2 26.9
    endloop
  endfacet
  facet normal 0 0 -1
    outer loop
      vertex 1.5 1.5 26.9
      vertex 2.2 2.2 26.9
      vertex 62.9 1.5 26.9
    endloop
  endfacet
  facet normal 0 0 -1
    outer loop
      vertex 62.2 47.2 26.9
      vertex 62.9 47.9 26.9
      vertex 62.2 2.2 26.9
    endloop
  endfacet
  facet normal 0 0 -1
    outer loop
      vertex 2.2 47.2 26.9
      vertex 62.9 47.9 26.9
      vertex 62.2 47.2 26.9
    endloop
  endfacet
  facet normal 0 0 -1
    outer loop
      vertex 2.2 47.2 26.9
      vertex 1.5 47.9 26.9
      vertex 62.9 47.9 26.9
    endloop
  endfacet
  facet normal 0 0 -1
    outer loop
      vertex 1.5 47.9 26.9
      vertex 2.2 47.2 26.9
      vertex 1.5 1.5 26.9
    endloop
  endfacet
  facet normal 0 0 1
    outer loop
      vertex 62.9 47.9 23.4
      vertex 62.2 47.2 23.4
      vertex 62.9 1.5 23.4
    endloop
  endfacet
  facet normal 0 0 1
    outer loop
      vertex 62.9 47.9 23.4
      vertex 2.2 47.2 23.4
      vertex 62.2 47.2 23.4
    endloop
  endfacet
  facet normal 0 0 1
    outer loop
      vertex 2.2 47.2 23.4
      vertex 1.5 47.9 23.4
      vertex 2.2 2.2 23.4
    endloop
  endfacet
  facet normal -0 0 1
    outer loop
      vertex 1.5 47.9 23.4
      vertex 2.2 47.2 23.4
      vertex 62.9 47.9 23.4
    endloop
  endfacet
  facet normal -0 0 1
    outer loop
      vertex 62.2 2.2 23.4
      vertex 62.9 1.5 23.4
      vertex 62.2 47.2 23.4
    endloop
  endfacet
  facet normal -0 0 1
    outer loop
      vertex 2.2 2.2 23.4
      vertex 62.9 1.5 23.4
      vertex 62.2 2.2 23.4
    endloop
  endfacet
  facet normal 0 0 1
    outer loop
      vertex 2.2 2.2 23.4
      vertex 1.5 1.5 23.4
      vertex 62.9 1.5 23.4
    endloop
  endfacet
  facet normal 0 0 1
    outer loop
      vertex 1.5 1.5 23.4
      vertex 2.2 2.2 23.4
      vertex 1.5 47.9 23.4
    endloop
  endfacet
  facet normal 1 -0 0
    outer loop
      vertex 1.5 1.5 26.9
      vertex 1.5 47.9 23.4
      vertex 1.5 47.9 26.9
    endloop
  endfacet
  facet normal 1 0 0
    outer loop
      vertex 1.5 47.9 23.4
      vertex 1.5 1.5 26.9
      vertex 1.5 1.5 23.4
    endloop
  endfacet
  facet normal 0 -1 0
    outer loop
      vertex 1.5 47.9 23.4
      vertex 62.9 47.9 26.9
      vertex 1.5 47.9 26.9
    endloop
  endfacet
  facet normal 0 -1 -0
    outer loop
      vertex 62.9 47.9 26.9
      vertex 1.5 47.9 23.4
      vertex 62.9 47.9 23.4
    endloop
  endfacet
  facet normal 0 1 -0
    outer loop
      vertex 62.9 1.5 23.4
      vertex 1.5 1.5 26.9
      vertex 62.9 1.5 26.9
    endloop
  endfacet
  facet normal 0 1 0
    outer loop
      vertex 1.5 1.5 26.9
      vertex 62.9 1.5 23.4
      vertex 1.5 1.5 23.4
    endloop
  endfacet
  facet normal -0 0 1
    outer loop
      vertex 0 13.4 2.9
      vertex 2.2 9.2 2.9
      vertex 2.2 13.4 2.9
    endloop
  endfacet
  facet normal 0 0 1
    outer loop
      vertex 2.2 9.2 2.9
      vertex 0 13.4 2.9
      vertex 0 9.2 2.9
    endloop
  endfacet
  facet normal 0 0 -1
    outer loop
      vertex 0 9.2 12.9
      vertex 2.2 13.4 12.9
      vertex 2.2 9.2 12.9
    endloop
  endfacet
  facet normal -0 0 -1
    outer loop
      vertex 2.2 13.4 12.9
      vertex 0 9.2 12.9
      vertex 0 13.4 12.9
    endloop
  endfacet
  facet normal 0 1 -0
    outer loop
      vertex 2.2 9.2 2.9
      vertex 0 9.2 12.9
      vertex 2.2 9.2 12.9
    endloop
  endfacet
  facet normal 0 1 0
    outer loop
      vertex 0 9.2 12.9
      vertex 2.2 9.2 2.9
      vertex 0 9.2 2.9
    endloop
  endfacet
  facet normal 0 -1 0
    outer loop
      vertex 0 13.4 2.9
      vertex 2.2 13.4 12.9
      vertex 0 13.4 12.9
    endloop
  endfacet
  facet normal 0 -1 -0
    outer loop
      vertex 2.2 13.4 12.9
      vertex 0 13.4 2.9
      vertex 2.2 13.4 2.9
    endloop
  endfacet
  facet normal -0 0 1
    outer loop
      vertex 0 25.4 0.9
      vertex 7.2 21.2 0.9
      vertex 7.2 25.4 0.9
    endloop
  endfacet
  facet normal 0 0 1
    outer loop
      vertex 7.2 21.2 0.9
      vertex 0 25.4 0.9
      vertex 0 21.2 0.9
    endloop
  endfacet
  facet normal 0 0 -1
    outer loop
      vertex 0 21.2 14.9
      vertex 2.2 25.4 14.9
      vertex 2.2 21.2 14.9
    endloop
  endfacet
  facet normal -0 0 -1
    outer loop
      vertex 2.2 25.4 14.9
      vertex 0 21.2 14.9
      vertex 0 25.4 14.9
    endloop
  endfacet
  facet normal 0 -1 0
    outer loop
      vertex 0 25.4 14.9
      vertex 2.2 25.4 1.8
      vertex 2.2 25.4 14.9
    endloop
  endfacet
  facet normal 0 -1 0
    outer loop
      vertex 0 25.4 0.9
      vertex 2.2 25.4 1.8
      vertex 0 25.4 14.9
    endloop
  endfacet
  facet normal 0 -1 0
    outer loop
      vertex 7.2 25.4 0.9
      vertex 2.2 25.4 1.8
      vertex 0 25.4 0.9
    endloop
  endfacet
  facet normal 0 -1 0
    outer loop
      vertex 2.2 25.4 1.8
      vertex 7.2 25.4 0.9
      vertex 7.2 25.4 1.8
    endloop
  endfacet
  facet normal 0 1 0
    outer loop
      vertex 7.2 21.2 1.8
      vertex 7.2 21.2 0.9
      vertex 2.2 21.2 1.8
    endloop
  endfacet
  facet normal 0 1 -0
    outer loop
      vertex 2.2 21.2 1.8
      vertex 0 21.2 14.9
      vertex 2.2 21.2 14.9
    endloop
  endfacet
  facet normal 0 1 0
    outer loop
      vertex 2.2 21.2 1.8
      vertex 0 21.2 0.9
      vertex 0 21.2 14.9
    endloop
  endfacet
  facet normal 0 1 0
    outer loop
      vertex 0 21.2 0.9
      vertex 2.2 21.2 1.8
      vertex 7.2 21.2 0.9
    endloop
  endfacet
  facet normal -0 0 1
    outer loop
      vertex 0 40.4 0.9
      vertex 8 36.2 0.9
      vertex 8 40.4 0.9
    endloop
  endfacet
  facet normal 0 0 1
    outer loop
      vertex 8 36.2 0.9
      vertex 0 40.4 0.9
      vertex 0 36.2 0.9
    endloop
  endfacet
  facet normal -1 0 0
    outer loop
      vertex 8 36.2 0.9
      vertex 8 40.4 1.8
      vertex 8 40.4 0.9
    endloop
  endfacet
  facet normal -1 -0 0
    outer loop
      vertex 8 40.4 1.8
      vertex 8 36.2 0.9
      vertex 8 36.2 1.8
    endloop
  endfacet
  facet normal 0 0 -1
    outer loop
      vertex 0 36.2 14.9
      vertex 2.2 40.4 14.9
      vertex 2.2 36.2 14.9
    endloop
  endfacet
  facet normal -0 0 -1
    outer loop
      vertex 2.2 40.4 14.9
      vertex 0 36.2 14.9
      vertex 0 40.4 14.9
    endloop
  endfacet
  facet normal 0 -1 0
    outer loop
      vertex 0 40.4 14.9
      vertex 2.2 40.4 1.8
      vertex 2.2 40.4 14.9
    endloop
  endfacet
  facet normal 0 -1 0
    outer loop
      vertex 0 40.4 0.9
      vertex 2.2 40.4 1.8
      vertex 0 40.4 14.9
    endloop
  endfacet
  facet normal 0 -1 0
    outer loop
      vertex 8 40.4 0.9
      vertex 2.2 40.4 1.8
      vertex 0 40.4 0.9
    endloop
  endfacet
  facet normal 0 -1 0
    outer loop
      vertex 2.2 40.4 1.8
      vertex 8 40.4 0.9
      vertex 8 40.4 1.8
    endloop
  endfacet
  facet normal 0 1 0
    outer loop
      vertex 8 36.2 1.8
      vertex 8 36.2 0.9
      vertex 2.2 36.2 1.8
    endloop
  endfacet
  facet normal 0 1 -0
    outer loop
      vertex 2.2 36.2 1.8
      vertex 0 36.2 14.9
      vertex 2.2 36.2 14.9
    endloop
  endfacet
  facet normal 0 1 0
    outer loop
      vertex 2.2 36.2 1.8
      vertex 0 36.2 0.9
      vertex 0 36.2 14.9
    endloop
  endfacet
  facet normal 0 1 0
    outer loop
      vertex 0 36.2 0.9
      vertex 2.2 36.2 1.8
      vertex 8 36.2 0.9
    endloop
  endfacet
  facet normal 0 0 -1
    outer loop
      vertex 62.2 36.2 9.3
      vertex 64.4 40.4 9.3
      vertex 64.4 36.2 9.3
    endloop
  endfacet
  facet normal -0 0 -1
    outer loop
      vertex 64.4 40.4 9.3
      vertex 62.2 36.2 9.3
      vertex 62.2 40.4 9.3
    endloop
  endfacet
  facet normal 1 -0 0
    outer loop
      vertex 61.4 36.2 1.8
      vertex 61.4 40.4 0
      vertex 61.4 40.4 1.8
    endloop
  endfacet
  facet normal 1 0 0
    outer loop
      vertex 61.4 40.4 0
      vertex 61.4 36.2 1.8
      vertex 61.4 36.2 0
    endloop
  endfacet
  facet normal 0 -1 0
    outer loop
      vertex 61.4 40.4 1.8
      vertex 61.4 40.4 0
      vertex 62.2 40.4 1.8
    endloop
  endfacet
  facet normal 0 -1 0
    outer loop
      vertex 62.2 40.4 1.8
      vertex 64.4 40.4 9.3
      vertex 62.2 40.4 9.3
    endloop
  endfacet
  facet normal 0 -1 0
    outer loop
      vertex 62.2 40.4 1.8
      vertex 64.4 40.4 0
      vertex 64.4 40.4 9.3
    endloop
  endfacet
  facet normal 0 -1 0
    outer loop
      vertex 64.4 40.4 0
      vertex 62.2 40.4 1.8
      vertex 61.4 40.4 0
    endloop
  endfacet
  facet normal 0 1 0
    outer loop
      vertex 64.4 36.2 9.3
      vertex 62.2 36.2 1.8
      vertex 62.2 36.2 9.3
    endloop
  endfacet
  facet normal 0 1 -0
    outer loop
      vertex 64.4 36.2 0
      vertex 62.2 36.2 1.8
      vertex 64.4 36.2 9.3
    endloop
  endfacet
  facet normal 0 1 0
    outer loop
      vertex 61.4 36.2 0
      vertex 62.2 36.2 1.8
      vertex 64.4 36.2 0
    endloop
  endfacet
  facet normal 0 1 0
    outer loop
      vertex 62.2 36.2 1.8
      vertex 61.4 36.2 0
      vertex 61.4 36.2 1.8
    endloop
  endfacet
  facet normal 1 -0 0
    outer loop
      vertex 5.7 47.2 11.1
      vertex 5.7 49.4 6.9
      vertex 5.7 49.4 11.1
    endloop
  endfacet
  facet normal 1 0 0
    outer loop
      vertex 5.7 49.4 6.9
      vertex 5.7 47.2 11.1
      vertex 5.7 47.2 6.9
    endloop
  endfacet
  facet normal -1 0 0
    outer loop
      vertex 22.7 47.2 6.9
      vertex 22.7 49.4 11.1
      vertex 22.7 49.4 6.9
    endloop
  endfacet
  facet normal -1 -0 0
    outer loop
      vertex 22.7 49.4 11.1
      vertex 22.7 47.2 6.9
      vertex 22.7 47.2 11.1
    endloop
  endfacet
  facet normal -0 0 1
    outer loop
      vertex 5.7 49.4 6.9
      vertex 22.7 47.2 6.9
      vertex 22.7 49.4 6.9
    endloop
  endfacet
  facet normal 0 0 1
    outer loop
      vertex 22.7 47.2 6.9
      vertex 5.7 49.4 6.9
      vertex 5.7 47.2 6.9
    endloop
  endfacet
  facet normal 0 0 -1
    outer loop
      vertex 5.7 47.2 11.1
      vertex 22.7 49.4 11.1
      vertex 22.7 47.2 11.1
    endloop
  endfacet
  facet normal -0 0 -1
    outer loop
      vertex 22.7 49.4 11.1
      vertex 5.7 47.2 11.1
      vertex 5.7 49.4 11.1
    endloop
  endfacet
  facet normal 1 -0 0
    outer loop
      vertex 31.2 47.2 11.1
      vertex 31.2 49.4 6.9
      vertex 31.2 49.4 11.1
    endloop
  endfacet
  facet normal 1 0 0
    outer loop
      vertex 31.2 49.4 6.9
      vertex 31.2 47.2 11.1
      vertex 31.2 47.2 6.9
    endloop
  endfacet
  facet normal -1 0 0
    outer loop
      vertex 49.2 47.2 6.9
      vertex 49.2 49.4 11.1
      vertex 49.2 49.4 6.9
    endloop
  endfacet
  facet normal -1 -0 0
    outer loop
      vertex 49.2 49.4 11.1
      vertex 49.2 47.2 6.9
      vertex 49.2 47.2 11.1
    endloop
  endfacet
  facet normal -0 0 1
    outer loop
      vertex 31.2 49.4 6.9
      vertex 49.2 47.2 6.9
      vertex 49.2 49.4 6.9
    endloop
  endfacet
  facet normal 0 0 1
    outer loop
      vertex 49.2 47.2 6.9
      vertex 31.2 49.4 6.9
      vertex 31.2 47.2 6.9
    endloop
  endfacet
  facet normal 0 0 -1
    outer loop
      vertex 31.2 47.2 11.1
      vertex 49.2 49.4 11.1
      vertex 49.2 47.2 11.1
    endloop
  endfacet
  facet normal -0 0 -1
    outer loop
      vertex 49.2 49.4 11.1
      vertex 31.2 47.2 11.1
      vertex 31.2 49.4 11.1
    endloop
  endfacet
  facet normal 0.985869 0.167516 -4.92959e-20
    outer loop
      vertex 8.93271 6.5079 5.8
      vertex 8.88105 6.81193 1.8
      vertex 8.88105 6.81193 5.8
    endloop
  endfacet
  facet normal 0.985869 0.167516 -4.92959e-20
    outer loop
      vertex 8.88105 6.81193 1.8
      vertex 8.93271 6.5079 5.8
      vertex 8.93271 6.5079 1.8
    endloop
  endfacet
  facet normal 0.998427 0.0560663 1.10233e-19
    outer loop
      vertex 8.95 6.2 5.8
      vertex 8.93271 6.5079 1.8
      vertex 8.93271 6.5079 5.8
    endloop
  endfacet
  facet normal 0.998427 0.0560663 1.10233e-19
    outer loop
      vertex 8.93271 6.5079 1.8
      vertex 8.95 6.2 5.8
      vertex 8.95 6.2 1.8
    endloop
  endfacet
  facet normal -0.578659 0.81557 0
    outer loop
      vertex 4.73691 8.52849 1.8
      vertex 4.4854 8.35004 5.8
      vertex 4.73691 8.52849 5.8
    endloop
  endfacet
  facet normal -0.578659 0.81557 0
    outer loop
      vertex 4.4854 8.35004 5.8
      vertex 4.73691 8.52849 1.8
      vertex 4.4854 8.35004 1.8
    endloop
  endfacet
  facet normal -0.81557 0.578659 -1.33689e-18
    outer loop
      vertex 3.87151 7.66309 1.8
      vertex 4.04996 7.9146 5.8
      vertex 4.04996 7.9146 1.8
    endloop
  endfacet
  facet normal -0.81557 0.578659 -1.33689e-18
    outer loop
      vertex 4.04996 7.9146 5.8
      vertex 3.87151 7.66309 1.8
      vertex 3.87151 7.66309 5.8
    endloop
  endfacet
  facet normal -0.276823 0.960921 0
    outer loop
      vertex 5.58807 8.88105 1.8
      vertex 5.29173 8.79568 5.8
      vertex 5.58807 8.88105 5.8
    endloop
  endfacet
  facet normal -0.276823 0.960921 0
    outer loop
      vertex 5.29173 8.79568 5.8
      vertex 5.58807 8.88105 1.8
      vertex 5.29173 8.79568 1.8
    endloop
  endfacet
  facet normal -0.483709 -0.875229 0
    outer loop
      vertex 4.73691 3.87151 1.8
      vertex 5.00682 3.72234 5.8
      vertex 4.73691 3.87151 5.8
    endloop
  endfacet
  facet normal -0.483709 -0.875229 -0
    outer loop
      vertex 5.00682 3.72234 5.8
      vertex 4.73691 3.87151 1.8
      vertex 5.00682 3.72234 1.8
    endloop
  endfacet
  facet normal 0.875229 -0.483709 -8.14781e-19
    outer loop
      vertex 8.52849 4.73691 5.8
      vertex 8.67766 5.00682 1.8
      vertex 8.67766 5.00682 5.8
    endloop
  endfacet
  facet normal 0.875229 -0.483709 -8.14781e-19
    outer loop
      vertex 8.67766 5.00682 1.8
      vertex 8.52849 4.73691 5.8
      vertex 8.52849 4.73691 1.8
    endloop
  endfacet
  facet normal -0.382701 0.923872 0
    outer loop
      vertex 5.29173 8.79568 1.8
      vertex 5.00682 8.67766 5.8
      vertex 5.29173 8.79568 5.8
    endloop
  endfacet
  facet normal -0.382701 0.923872 0
    outer loop
      vertex 5.00682 8.67766 5.8
      vertex 5.29173 8.79568 1.8
      vertex 5.00682 8.67766 1.8
    endloop
  endfacet
  facet normal 0.66637 0.745621 -0
    outer loop
      vertex 8.14454 8.14454 1.8
      vertex 7.9146 8.35004 5.8
      vertex 8.14454 8.14454 5.8
    endloop
  endfacet
  facet normal 0.66637 0.745621 0
    outer loop
      vertex 7.9146 8.35004 5.8
      vertex 8.14454 8.14454 1.8
      vertex 7.9146 8.35004 1.8
    endloop
  endfacet
  facet normal 0.578659 -0.81557 0
    outer loop
      vertex 7.66309 3.87151 1.8
      vertex 7.9146 4.04996 5.8
      vertex 7.66309 3.87151 5.8
    endloop
  endfacet
  facet normal 0.578659 -0.81557 0
    outer loop
      vertex 7.9146 4.04996 5.8
      vertex 7.66309 3.87151 1.8
      vertex 7.9146 4.04996 1.8
    endloop
  endfacet
  facet normal 0.960921 0.276823 1.40307e-18
    outer loop
      vertex 8.88105 6.81193 5.8
      vertex 8.79568 7.10827 1.8
      vertex 8.79568 7.10827 5.8
    endloop
  endfacet
  facet normal 0.960921 0.276823 1.40307e-18
    outer loop
      vertex 8.79568 7.10827 1.8
      vertex 8.88105 6.81193 5.8
      vertex 8.88105 6.81193 1.8
    endloop
  endfacet
  facet normal 0.66637 -0.745621 0
    outer loop
      vertex 7.9146 4.04996 1.8
      vertex 8.14454 4.25546 5.8
      vertex 7.9146 4.04996 5.8
    endloop
  endfacet
  facet normal 0.66637 -0.745621 0
    outer loop
      vertex 8.14454 4.25546 5.8
      vertex 7.9146 4.04996 1.8
      vertex 8.14454 4.25546 1.8
    endloop
  endfacet
  facet normal 0.578659 0.81557 -0
    outer loop
      vertex 7.9146 8.35004 1.8
      vertex 7.66309 8.52849 5.8
      vertex 7.9146 8.35004 5.8
    endloop
  endfacet
  facet normal 0.578659 0.81557 0
    outer loop
      vertex 7.66309 8.52849 5.8
      vertex 7.9146 8.35004 1.8
      vertex 7.66309 8.52849 1.8
    endloop
  endfacet
  facet normal 0.483709 0.875229 -0
    outer loop
      vertex 7.66309 8.52849 1.8
      vertex 7.39318 8.67766 5.8
      vertex 7.66309 8.52849 5.8
    endloop
  endfacet
  facet normal 0.483709 0.875229 0
    outer loop
      vertex 7.39318 8.67766 5.8
      vertex 7.66309 8.52849 1.8
      vertex 7.39318 8.67766 1.8
    endloop
  endfacet
  facet normal 0.745621 -0.66637 4.27634e-19
    outer loop
      vertex 8.14454 4.25546 5.8
      vertex 8.35004 4.4854 1.8
      vertex 8.35004 4.4854 5.8
    endloop
  endfacet
  facet normal 0.745621 -0.66637 4.27634e-19
    outer loop
      vertex 8.35004 4.4854 1.8
      vertex 8.14454 4.25546 5.8
      vertex 8.14454 4.25546 1.8
    endloop
  endfacet
  facet normal 0.167516 -0.985869 0
    outer loop
      vertex 6.5079 3.46729 1.8
      vertex 6.81193 3.51895 5.8
      vertex 6.5079 3.46729 5.8
    endloop
  endfacet
  facet normal 0.167516 -0.985869 0
    outer loop
      vertex 6.81193 3.51895 5.8
      vertex 6.5079 3.46729 1.8
      vertex 6.81193 3.51895 1.8
    endloop
  endfacet
  facet normal 0.0560663 -0.998427 0
    outer loop
      vertex 6.2 3.45 1.8
      vertex 6.5079 3.46729 5.8
      vertex 6.2 3.45 5.8
    endloop
  endfacet
  facet normal 0.0560663 -0.998427 0
    outer loop
      vertex 6.5079 3.46729 5.8
      vertex 6.2 3.45 1.8
      vertex 6.5079 3.46729 1.8
    endloop
  endfacet
  facet normal 0.81557 0.578659 1.33689e-18
    outer loop
      vertex 8.52849 7.66309 5.8
      vertex 8.35004 7.9146 1.8
      vertex 8.35004 7.9146 5.8
    endloop
  endfacet
  facet normal 0.81557 0.578659 1.33689e-18
    outer loop
      vertex 8.35004 7.9146 1.8
      vertex 8.52849 7.66309 5.8
      vertex 8.52849 7.66309 1.8
    endloop
  endfacet
  facet normal 0.745621 0.66637 1.28241e-18
    outer loop
      vertex 8.35004 7.9146 5.8
      vertex 8.14454 8.14454 1.8
      vertex 8.14454 8.14454 5.8
    endloop
  endfacet
  facet normal 0.745621 0.66637 1.28241e-18
    outer loop
      vertex 8.14454 8.14454 1.8
      vertex 8.35004 7.9146 5.8
      vertex 8.35004 7.9146 1.8
    endloop
  endfacet
  facet normal 0.382701 -0.923872 0
    outer loop
      vertex 7.10827 3.60432 1.8
      vertex 7.39318 3.72234 5.8
      vertex 7.10827 3.60432 5.8
    endloop
  endfacet
  facet normal 0.382701 -0.923872 0
    outer loop
      vertex 7.39318 3.72234 5.8
      vertex 7.10827 3.60432 1.8
      vertex 7.39318 3.72234 1.8
    endloop
  endfacet
  facet normal -0.483709 0.875229 0
    outer loop
      vertex 5.00682 8.67766 1.8
      vertex 4.73691 8.52849 5.8
      vertex 5.00682 8.67766 5.8
    endloop
  endfacet
  facet normal -0.483709 0.875229 0
    outer loop
      vertex 4.73691 8.52849 5.8
      vertex 5.00682 8.67766 1.8
      vertex 4.73691 8.52849 1.8
    endloop
  endfacet
  facet normal 0.167516 0.985869 -0
    outer loop
      vertex 6.81193 8.88105 1.8
      vertex 6.5079 8.93271 5.8
      vertex 6.81193 8.88105 5.8
    endloop
  endfacet
  facet normal 0.167516 0.985869 0
    outer loop
      vertex 6.5079 8.93271 5.8
      vertex 6.81193 8.88105 1.8
      vertex 6.5079 8.93271 1.8
    endloop
  endfacet
  facet normal -0.985869 -0.167516 -2.86002e-19
    outer loop
      vertex 3.51895 5.58807 1.8
      vertex 3.46729 5.8921 5.8
      vertex 3.46729 5.8921 1.8
    endloop
  endfacet
  facet normal -0.985869 -0.167516 -2.86002e-19
    outer loop
      vertex 3.46729 5.8921 5.8
      vertex 3.51895 5.58807 1.8
      vertex 3.51895 5.58807 5.8
    endloop
  endfacet
  facet normal -0.167516 -0.985869 0
    outer loop
      vertex 5.58807 3.51895 1.8
      vertex 5.8921 3.46729 5.8
      vertex 5.58807 3.51895 5.8
    endloop
  endfacet
  facet normal -0.167516 -0.985869 -0
    outer loop
      vertex 5.8921 3.46729 5.8
      vertex 5.58807 3.51895 1.8
      vertex 5.8921 3.46729 1.8
    endloop
  endfacet
  facet normal 0.382701 0.923872 -0
    outer loop
      vertex 7.39318 8.67766 1.8
      vertex 7.10827 8.79568 5.8
      vertex 7.39318 8.67766 5.8
    endloop
  endfacet
  facet normal 0.382701 0.923872 0
    outer loop
      vertex 7.10827 8.79568 5.8
      vertex 7.39318 8.67766 1.8
      vertex 7.10827 8.79568 1.8
    endloop
  endfacet
  facet normal 0.998427 -0.0560663 -1.10233e-19
    outer loop
      vertex 8.93271 5.8921 5.8
      vertex 8.95 6.2 1.8
      vertex 8.95 6.2 5.8
    endloop
  endfacet
  facet normal 0.998427 -0.0560663 -1.10233e-19
    outer loop
      vertex 8.95 6.2 1.8
      vertex 8.93271 5.8921 5.8
      vertex 8.93271 5.8921 1.8
    endloop
  endfacet
  facet normal -0.923872 -0.382701 1.48554e-18
    outer loop
      vertex 3.72234 5.00682 1.8
      vertex 3.60432 5.29173 5.8
      vertex 3.60432 5.29173 1.8
    endloop
  endfacet
  facet normal -0.923872 -0.382701 1.48554e-18
    outer loop
      vertex 3.60432 5.29173 5.8
      vertex 3.72234 5.00682 1.8
      vertex 3.72234 5.00682 5.8
    endloop
  endfacet
  facet normal 0 0 1
    outer loop
      vertex 7.45 6.2 5.8
      vertex 8.95 6.2 5.8
      vertex 8.93271 6.5079 5.8
    endloop
  endfacet
  facet normal 0 0 1
    outer loop
      vertex 7.44214 6.33996 5.8
      vertex 8.93271 6.5079 5.8
      vertex 8.88105 6.81193 5.8
    endloop
  endfacet
  facet normal 0 0 1
    outer loop
      vertex 8.95 6.2 5.8
      vertex 7.45 6.2 5.8
      vertex 8.93271 5.8921 5.8
    endloop
  endfacet
  facet normal 0 0 1
    outer loop
      vertex 7.41866 6.47815 5.8
      vertex 8.88105 6.81193 5.8
      vertex 8.79568 7.10827 5.8
    endloop
  endfacet
  facet normal -0 0 1
    outer loop
      vertex 7.44214 6.06004 5.8
      vertex 8.93271 5.8921 5.8
      vertex 7.45 6.2 5.8
    endloop
  endfacet
  facet normal 0 0 1
    outer loop
      vertex 7.37985 6.61285 5.8
      vertex 8.79568 7.10827 5.8
      vertex 8.67766 7.39318 5.8
    endloop
  endfacet
  facet normal 0 0 1
    outer loop
      vertex 8.93271 5.8921 5.8
      vertex 7.44214 6.06004 5.8
      vertex 8.88105 5.58807 5.8
    endloop
  endfacet
  facet normal 0 0 1
    outer loop
      vertex 7.32621 6.74235 5.8
      vertex 8.67766 7.39318 5.8
      vertex 8.52849 7.66309 5.8
    endloop
  endfacet
  facet normal -0 0 1
    outer loop
      vertex 7.41866 5.92185 5.8
      vertex 8.88105 5.58807 5.8
      vertex 7.44214 6.06004 5.8
    endloop
  endfacet
  facet normal 0 0 1
    outer loop
      vertex 7.2584 6.86504 5.8
      vertex 8.52849 7.66309 5.8
      vertex 8.35004 7.9146 5.8
    endloop
  endfacet
  facet normal 0 0 1
    outer loop
      vertex 8.88105 5.58807 5.8
      vertex 7.41866 5.92185 5.8
      vertex 8.79568 5.29173 5.8
    endloop
  endfacet
  facet normal 0 0 1
    outer loop
      vertex 7.17729 6.97936 5.8
      vertex 8.35004 7.9146 5.8
      vertex 8.14454 8.14454 5.8
    endloop
  endfacet
  facet normal -0 0 1
    outer loop
      vertex 7.37985 5.78715 5.8
      vertex 8.79568 5.29173 5.8
      vertex 7.41866 5.92185 5.8
    endloop
  endfacet
  facet normal 0 0 1
    outer loop
      vertex 7.08388 7.08388 5.8
      vertex 8.14454 8.14454 5.8
      vertex 7.9146 8.35004 5.8
    endloop
  endfacet
  facet normal 0 0 1
    outer loop
      vertex 8.79568 5.29173 5.8
      vertex 7.37985 5.78715 5.8
      vertex 8.67766 5.00682 5.8
    endloop
  endfacet
  facet normal 0 0 1
    outer loop
      vertex 6.97936 7.17729 5.8
      vertex 7.9146 8.35004 5.8
      vertex 7.66309 8.52849 5.8
    endloop
  endfacet
  facet normal -0 0 1
    outer loop
      vertex 7.32621 5.65765 5.8
      vertex 8.67766 5.00682 5.8
      vertex 7.37985 5.78715 5.8
    endloop
  endfacet
  facet normal 0 0 1
    outer loop
      vertex 8.67766 5.00682 5.8
      vertex 7.32621 5.65765 5.8
      vertex 8.52849 4.73691 5.8
    endloop
  endfacet
  facet normal 0 0 1
    outer loop
      vertex 8.93271 6.5079 5.8
      vertex 7.44214 6.33996 5.8
      vertex 7.45 6.2 5.8
    endloop
  endfacet
  facet normal 0 0 1
    outer loop
      vertex 8.88105 6.81193 5.8
      vertex 7.41866 6.47815 5.8
      vertex 7.44214 6.33996 5.8
    endloop
  endfacet
  facet normal 0 0 1
    outer loop
      vertex 6.86504 7.2584 5.8
      vertex 7.66309 8.52849 5.8
      vertex 7.39318 8.67766 5.8
    endloop
  endfacet
  facet normal 0 0 1
    outer loop
      vertex 8.79568 7.10827 5.8
      vertex 7.37985 6.61285 5.8
      vertex 7.41866 6.47815 5.8
    endloop
  endfacet
  facet normal 0 0 1
    outer loop
      vertex 8.67766 7.39318 5.8
      vertex 7.32621 6.74235 5.8
      vertex 7.37985 6.61285 5.8
    endloop
  endfacet
  facet normal 0 0 1
    outer loop
      vertex 8.52849 7.66309 5.8
      vertex 7.2584 6.86504 5.8
      vertex 7.32621 6.74235 5.8
    endloop
  endfacet
  facet normal 0 0 1
    outer loop
      vertex 8.35004 7.9146 5.8
      vertex 7.17729 6.97936 5.8
      vertex 7.2584 6.86504 5.8
    endloop
  endfacet
  facet normal 0 0 1
    outer loop
      vertex 6.74235 7.32621 5.8
      vertex 7.39318 8.67766 5.8
      vertex 7.10827 8.79568 5.8
    endloop
  endfacet
  facet normal 0 0 1
    outer loop
      vertex 8.14454 8.14454 5.8
      vertex 7.08388 7.08388 5.8
      vertex 7.17729 6.97936 5.8
    endloop
  endfacet
  facet normal 0 0 1
    outer loop
      vertex 7.9146 8.35004 5.8
      vertex 6.97936 7.17729 5.8
      vertex 7.08388 7.08388 5.8
    endloop
  endfacet
  facet normal 0 0 1
    outer loop
      vertex 7.66309 8.52849 5.8
      vertex 6.86504 7.2584 5.8
      vertex 6.97936 7.17729 5.8
    endloop
  endfacet
  facet normal 0 0 1
    outer loop
      vertex 6.61285 7.37985 5.8
      vertex 7.10827 8.79568 5.8
      vertex 6.81193 8.88105 5.8
    endloop
  endfacet
  facet normal 0 0 1
    outer loop
      vertex 7.39318 8.67766 5.8
      vertex 6.74235 7.32621 5.8
      vertex 6.86504 7.2584 5.8
    endloop
  endfacet
  facet normal 0 0 1
    outer loop
      vertex 7.10827 8.79568 5.8
      vertex 6.61285 7.37985 5.8
      vertex 6.74235 7.32621 5.8
    endloop
  endfacet
  facet normal 0 0 1
    outer loop
      vertex 6.47815 7.41866 5.8
      vertex 6.81193 8.88105 5.8
      vertex 6.5079 8.93271 5.8
    endloop
  endfacet
  facet normal 0 0 1
    outer loop
      vertex 6.81193 8.88105 5.8
      vertex 6.47815 7.41866 5.8
      vertex 6.61285 7.37985 5.8
    endloop
  endfacet
  facet normal 0 0 1
    outer loop
      vertex 6.5079 8.93271 5.8
      vertex 6.33996 7.44214 5.8
      vertex 6.47815 7.41866 5.8
    endloop
  endfacet
  facet normal 0 0 1
    outer loop
      vertex 6.2 8.95 5.8
      vertex 6.33996 7.44214 5.8
      vertex 6.5079 8.93271 5.8
    endloop
  endfacet
  facet normal 0 0 1
    outer loop
      vertex 6.2 8.95 5.8
      vertex 6.2 7.45 5.8
      vertex 6.33996 7.44214 5.8
    endloop
  endfacet
  facet normal 0 0 1
    outer loop
      vertex 6.2 8.95 5.8
      vertex 6.06004 7.44214 5.8
      vertex 6.2 7.45 5.8
    endloop
  endfacet
  facet normal -0 0 1
    outer loop
      vertex 5.8921 8.93271 5.8
      vertex 6.06004 7.44214 5.8
      vertex 6.2 8.95 5.8
    endloop
  endfacet
  facet normal 0 0 1
    outer loop
      vertex 6.06004 7.44214 5.8
      vertex 5.8921 8.93271 5.8
      vertex 5.92185 7.41866 5.8
    endloop
  endfacet
  facet normal -0 0 1
    outer loop
      vertex 5.58807 8.88105 5.8
      vertex 5.92185 7.41866 5.8
      vertex 5.8921 8.93271 5.8
    endloop
  endfacet
  facet normal 0 0 1
    outer loop
      vertex 5.92185 7.41866 5.8
      vertex 5.58807 8.88105 5.8
      vertex 5.78715 7.37985 5.8
    endloop
  endfacet
  facet normal -0 0 1
    outer loop
      vertex 5.29173 8.79568 5.8
      vertex 5.78715 7.37985 5.8
      vertex 5.58807 8.88105 5.8
    endloop
  endfacet
  facet normal 0 0 1
    outer loop
      vertex 5.78715 7.37985 5.8
      vertex 5.29173 8.79568 5.8
      vertex 5.65765 7.32621 5.8
    endloop
  endfacet
  facet normal -0 0 1
    outer loop
      vertex 5.00682 8.67766 5.8
      vertex 5.65765 7.32621 5.8
      vertex 5.29173 8.79568 5.8
    endloop
  endfacet
  facet normal 0 0 1
    outer loop
      vertex 5.65765 7.32621 5.8
      vertex 5.00682 8.67766 5.8
      vertex 5.53496 7.2584 5.8
    endloop
  endfacet
  facet normal -0 0 1
    outer loop
      vertex 4.73691 8.52849 5.8
      vertex 5.53496 7.2584 5.8
      vertex 5.00682 8.67766 5.8
    endloop
  endfacet
  facet normal 0 0 1
    outer loop
      vertex 5.53496 7.2584 5.8
      vertex 4.73691 8.52849 5.8
      vertex 5.42064 7.17729 5.8
    endloop
  endfacet
  facet normal -0 0 1
    outer loop
      vertex 4.4854 8.35004 5.8
      vertex 5.42064 7.17729 5.8
      vertex 4.73691 8.52849 5.8
    endloop
  endfacet
  facet normal 0 0 1
    outer loop
      vertex 5.42064 7.17729 5.8
      vertex 4.4854 8.35004 5.8
      vertex 5.31612 7.08388 5.8
    endloop
  endfacet
  facet normal -0 0 1
    outer loop
      vertex 4.25546 8.14454 5.8
      vertex 5.31612 7.08388 5.8
      vertex 4.4854 8.35004 5.8
    endloop
  endfacet
  facet normal 0 0 1
    outer loop
      vertex 5.31612 7.08388 5.8
      vertex 4.25546 8.14454 5.8
      vertex 5.22271 6.97936 5.8
    endloop
  endfacet
  facet normal -0 0 1
    outer loop
      vertex 4.04996 7.9146 5.8
      vertex 5.22271 6.97936 5.8
      vertex 4.25546 8.14454 5.8
    endloop
  endfacet
  facet normal 0 0 1
    outer loop
      vertex 5.22271 6.97936 5.8
      vertex 4.04996 7.9146 5.8
      vertex 5.14159 6.86504 5.8
    endloop
  endfacet
  facet normal -0 0 1
    outer loop
      vertex 3.87151 7.66309 5.8
      vertex 5.14159 6.86504 5.8
      vertex 4.04996 7.9146 5.8
    endloop
  endfacet
  facet normal 0 0 1
    outer loop
      vertex 5.14159 6.86504 5.8
      vertex 3.87151 7.66309 5.8
      vertex 5.07379 6.74235 5.8
    endloop
  endfacet
  facet normal -0 0 1
    outer loop
      vertex 7.2584 5.53496 5.8
      vertex 8.52849 4.73691 5.8
      vertex 7.32621 5.65765 5.8
    endloop
  endfacet
  facet normal 0 0 1
    outer loop
      vertex 8.52849 4.73691 5.8
      vertex 7.2584 5.53496 5.8
      vertex 8.35004 4.4854 5.8
    endloop
  endfacet
  facet normal -0 0 1
    outer loop
      vertex 7.17729 5.42064 5.8
      vertex 8.35004 4.4854 5.8
      vertex 7.2584 5.53496 5.8
    endloop
  endfacet
  facet normal 0 0 1
    outer loop
      vertex 8.35004 4.4854 5.8
      vertex 7.17729 5.42064 5.8
      vertex 8.14454 4.25546 5.8
    endloop
  endfacet
  facet normal -0 0 1
    outer loop
      vertex 7.08388 5.31612 5.8
      vertex 8.14454 4.25546 5.8
      vertex 7.17729 5.42064 5.8
    endloop
  endfacet
  facet normal 0 0 1
    outer loop
      vertex 8.14454 4.25546 5.8
      vertex 7.08388 5.31612 5.8
      vertex 7.9146 4.04996 5.8
    endloop
  endfacet
  facet normal -0 0 1
    outer loop
      vertex 6.97936 5.22271 5.8
      vertex 7.9146 4.04996 5.8
      vertex 7.08388 5.31612 5.8
    endloop
  endfacet
  facet normal 0 0 1
    outer loop
      vertex 7.9146 4.04996 5.8
      vertex 6.97936 5.22271 5.8
      vertex 7.66309 3.87151 5.8
    endloop
  endfacet
  facet normal -0 0 1
    outer loop
      vertex 6.86504 5.14159 5.8
      vertex 7.66309 3.87151 5.8
      vertex 6.97936 5.22271 5.8
    endloop
  endfacet
  facet normal 0 0 1
    outer loop
      vertex 7.66309 3.87151 5.8
      vertex 6.86504 5.14159 5.8
      vertex 7.39318 3.72234 5.8
    endloop
  endfacet
  facet normal -0 0 1
    outer loop
      vertex 6.74235 5.07379 5.8
      vertex 7.39318 3.72234 5.8
      vertex 6.86504 5.14159 5.8
    endloop
  endfacet
  facet normal 0 0 1
    outer loop
      vertex 7.39318 3.72234 5.8
      vertex 6.74235 5.07379 5.8
      vertex 7.10827 3.60432 5.8
    endloop
  endfacet
  facet normal -0 0 1
    outer loop
      vertex 6.61285 5.02015 5.8
      vertex 7.10827 3.60432 5.8
      vertex 6.74235 5.07379 5.8
    endloop
  endfacet
  facet normal 0 0 1
    outer loop
      vertex 7.10827 3.60432 5.8
      vertex 6.61285 5.02015 5.8
      vertex 6.81193 3.51895 5.8
    endloop
  endfacet
  facet normal -0 0 1
    outer loop
      vertex 6.47815 4.98134 5.8
      vertex 6.81193 3.51895 5.8
      vertex 6.61285 5.02015 5.8
    endloop
  endfacet
  facet normal 0 0 1
    outer loop
      vertex 6.81193 3.51895 5.8
      vertex 6.47815 4.98134 5.8
      vertex 6.5079 3.46729 5.8
    endloop
  endfacet
  facet normal -0 0 1
    outer loop
      vertex 6.33996 4.95786 5.8
      vertex 6.5079 3.46729 5.8
      vertex 6.47815 4.98134 5.8
    endloop
  endfacet
  facet normal -0 0 1
    outer loop
      vertex 6.2 4.95 5.8
      vertex 6.5079 3.46729 5.8
      vertex 6.33996 4.95786 5.8
    endloop
  endfacet
  facet normal 0 0 1
    outer loop
      vertex 6.2 4.95 5.8
      vertex 6.2 3.45 5.8
      vertex 6.5079 3.46729 5.8
    endloop
  endfacet
  facet normal 0 0 1
    outer loop
      vertex 6.06004 4.95786 5.8
      vertex 6.2 3.45 5.8
      vertex 6.2 4.95 5.8
    endloop
  endfacet
  facet normal 0 0 1
    outer loop
      vertex 5.8921 3.46729 5.8
      vertex 6.06004 4.95786 5.8
      vertex 5.92185 4.98134 5.8
    endloop
  endfacet
  facet normal 0 0 1
    outer loop
      vertex 6.06004 4.95786 5.8
      vertex 5.8921 3.46729 5.8
      vertex 6.2 3.45 5.8
    endloop
  endfacet
  facet normal 0 0 1
    outer loop
      vertex 5.58807 3.51895 5.8
      vertex 5.92185 4.98134 5.8
      vertex 5.78715 5.02015 5.8
    endloop
  endfacet
  facet normal 0 0 1
    outer loop
      vertex 5.29173 3.60432 5.8
      vertex 5.78715 5.02015 5.8
      vertex 5.65765 5.07379 5.8
    endloop
  endfacet
  facet normal 0 0 1
    outer loop
      vertex 5.92185 4.98134 5.8
      vertex 5.58807 3.51895 5.8
      vertex 5.8921 3.46729 5.8
    endloop
  endfacet
  facet normal 0 0 1
    outer loop
      vertex 5.00682 3.72234 5.8
      vertex 5.65765 5.07379 5.8
      vertex 5.53496 5.14159 5.8
    endloop
  endfacet
  facet normal 0 0 1
    outer loop
      vertex 4.73691 3.87151 5.8
      vertex 5.53496 5.14159 5.8
      vertex 5.42064 5.22271 5.8
    endloop
  endfacet
  facet normal 0 0 1
    outer loop
      vertex 4.4854 4.04996 5.8
      vertex 5.42064 5.22271 5.8
      vertex 5.31612 5.31612 5.8
    endloop
  endfacet
  facet normal 0 0 1
    outer loop
      vertex 5.78715 5.02015 5.8
      vertex 5.29173 3.60432 5.8
      vertex 5.58807 3.51895 5.8
    endloop
  endfacet
  facet normal 0 0 1
    outer loop
      vertex 4.25546 4.25546 5.8
      vertex 5.31612 5.31612 5.8
      vertex 5.22271 5.42064 5.8
    endloop
  endfacet
  facet normal 0 0 1
    outer loop
      vertex 4.04996 4.4854 5.8
      vertex 5.22271 5.42064 5.8
      vertex 5.14159 5.53496 5.8
    endloop
  endfacet
  facet normal 0 0 1
    outer loop
      vertex 3.87151 4.73691 5.8
      vertex 5.14159 5.53496 5.8
      vertex 5.07379 5.65765 5.8
    endloop
  endfacet
  facet normal 0 0 1
    outer loop
      vertex 3.72234 5.00682 5.8
      vertex 5.07379 5.65765 5.8
      vertex 5.02015 5.78715 5.8
    endloop
  endfacet
  facet normal 0 0 1
    outer loop
      vertex 5.65765 5.07379 5.8
      vertex 5.00682 3.72234 5.8
      vertex 5.29173 3.60432 5.8
    endloop
  endfacet
  facet normal 0 0 1
    outer loop
      vertex 3.60432 5.29173 5.8
      vertex 5.02015 5.78715 5.8
      vertex 4.98134 5.92185 5.8
    endloop
  endfacet
  facet normal 0 0 1
    outer loop
      vertex 3.51895 5.58807 5.8
      vertex 4.98134 5.92185 5.8
      vertex 4.95786 6.06004 5.8
    endloop
  endfacet
  facet normal 0 0 1
    outer loop
      vertex 3.46729 5.8921 5.8
      vertex 4.95786 6.06004 5.8
      vertex 4.95 6.2 5.8
    endloop
  endfacet
  facet normal -0 0 1
    outer loop
      vertex 3.72234 7.39318 5.8
      vertex 5.07379 6.74235 5.8
      vertex 3.87151 7.66309 5.8
    endloop
  endfacet
  facet normal 0 0 1
    outer loop
      vertex 5.53496 5.14159 5.8
      vertex 4.73691 3.87151 5.8
      vertex 5.00682 3.72234 5.8
    endloop
  endfacet
  facet normal 0 0 1
    outer loop
      vertex 5.07379 6.74235 5.8
      vertex 3.72234 7.39318 5.8
      vertex 5.02015 6.61285 5.8
    endloop
  endfacet
  facet normal 0 0 1
    outer loop
      vertex 5.42064 5.22271 5.8
      vertex 4.4854 4.04996 5.8
      vertex 4.73691 3.87151 5.8
    endloop
  endfacet
  facet normal -0 0 1
    outer loop
      vertex 3.60432 7.10827 5.8
      vertex 5.02015 6.61285 5.8
      vertex 3.72234 7.39318 5.8
    endloop
  endfacet
  facet normal 0 0 1
    outer loop
      vertex 5.31612 5.31612 5.8
      vertex 4.25546 4.25546 5.8
      vertex 4.4854 4.04996 5.8
    endloop
  endfacet
  facet normal 0 0 1
    outer loop
      vertex 5.02015 6.61285 5.8
      vertex 3.60432 7.10827 5.8
      vertex 4.98134 6.47815 5.8
    endloop
  endfacet
  facet normal 0 0 1
    outer loop
      vertex 5.22271 5.42064 5.8
      vertex 4.04996 4.4854 5.8
      vertex 4.25546 4.25546 5.8
    endloop
  endfacet
  facet normal -0 0 1
    outer loop
      vertex 3.51895 6.81193 5.8
      vertex 4.98134 6.47815 5.8
      vertex 3.60432 7.10827 5.8
    endloop
  endfacet
  facet normal 0 0 1
    outer loop
      vertex 5.14159 5.53496 5.8
      vertex 3.87151 4.73691 5.8
      vertex 4.04996 4.4854 5.8
    endloop
  endfacet
  facet normal 0 0 1
    outer loop
      vertex 4.98134 6.47815 5.8
      vertex 3.51895 6.81193 5.8
      vertex 4.95786 6.33996 5.8
    endloop
  endfacet
  facet normal 0 0 1
    outer loop
      vertex 5.07379 5.65765 5.8
      vertex 3.72234 5.00682 5.8
      vertex 3.87151 4.73691 5.8
    endloop
  endfacet
  facet normal -0 0 1
    outer loop
      vertex 3.46729 6.5079 5.8
      vertex 4.95786 6.33996 5.8
      vertex 3.51895 6.81193 5.8
    endloop
  endfacet
  facet normal 0 0 1
    outer loop
      vertex 5.02015 5.78715 5.8
      vertex 3.60432 5.29173 5.8
      vertex 3.72234 5.00682 5.8
    endloop
  endfacet
  facet normal 0 0 1
    outer loop
      vertex 4.95786 6.33996 5.8
      vertex 3.46729 6.5079 5.8
      vertex 4.95 6.2 5.8
    endloop
  endfacet
  facet normal 0 0 1
    outer loop
      vertex 4.98134 5.92185 5.8
      vertex 3.51895 5.58807 5.8
      vertex 3.60432 5.29173 5.8
    endloop
  endfacet
  facet normal 0 0 1
    outer loop
      vertex 3.45 6.2 5.8
      vertex 4.95 6.2 5.8
      vertex 3.46729 6.5079 5.8
    endloop
  endfacet
  facet normal 0 0 1
    outer loop
      vertex 4.95786 6.06004 5.8
      vertex 3.46729 5.8921 5.8
      vertex 3.51895 5.58807 5.8
    endloop
  endfacet
  facet normal 0 0 1
    outer loop
      vertex 4.95 6.2 5.8
      vertex 3.45 6.2 5.8
      vertex 3.46729 5.8921 5.8
    endloop
  endfacet
  facet normal 0.875229 0.483709 8.14781e-19
    outer loop
      vertex 8.67766 7.39318 5.8
      vertex 8.52849 7.66309 1.8
      vertex 8.52849 7.66309 5.8
    endloop
  endfacet
  facet normal 0.875229 0.483709 8.14781e-19
    outer loop
      vertex 8.52849 7.66309 1.8
      vertex 8.67766 7.39318 5.8
      vertex 8.67766 7.39318 1.8
    endloop
  endfacet
  facet normal -0.960921 -0.276823 -1.02426e-18
    outer loop
      vertex 3.60432 5.29173 1.8
      vertex 3.51895 5.58807 5.8
      vertex 3.51895 5.58807 1.8
    endloop
  endfacet
  facet normal -0.960921 -0.276823 -1.02426e-18
    outer loop
      vertex 3.51895 5.58807 5.8
      vertex 3.60432 5.29173 1.8
      vertex 3.60432 5.29173 5.8
    endloop
  endfacet
  facet normal -0.81557 -0.578659 1.33689e-18
    outer loop
      vertex 4.04996 4.4854 1.8
      vertex 3.87151 4.73691 5.8
      vertex 3.87151 4.73691 1.8
    endloop
  endfacet
  facet normal -0.81557 -0.578659 1.33689e-18
    outer loop
      vertex 3.87151 4.73691 5.8
      vertex 4.04996 4.4854 1.8
      vertex 4.04996 4.4854 5.8
    endloop
  endfacet
  facet normal -0.875229 -0.483709 8.14781e-19
    outer loop
      vertex 3.87151 4.73691 1.8
      vertex 3.72234 5.00682 5.8
      vertex 3.72234 5.00682 1.8
    endloop
  endfacet
  facet normal -0.875229 -0.483709 8.14781e-19
    outer loop
      vertex 3.72234 5.00682 5.8
      vertex 3.87151 4.73691 1.8
      vertex 3.87151 4.73691 5.8
    endloop
  endfacet
  facet normal -0.745621 0.66637 -1.28241e-18
    outer loop
      vertex 4.04996 7.9146 1.8
      vertex 4.25546 8.14454 5.8
      vertex 4.25546 8.14454 1.8
    endloop
  endfacet
  facet normal -0.745621 0.66637 -1.28241e-18
    outer loop
      vertex 4.25546 8.14454 5.8
      vertex 4.04996 7.9146 1.8
      vertex 4.04996 7.9146 5.8
    endloop
  endfacet
  facet normal 0.483709 -0.875229 0
    outer loop
      vertex 7.39318 3.72234 1.8
      vertex 7.66309 3.87151 5.8
      vertex 7.39318 3.72234 5.8
    endloop
  endfacet
  facet normal 0.483709 -0.875229 0
    outer loop
      vertex 7.66309 3.87151 5.8
      vertex 7.39318 3.72234 1.8
      vertex 7.66309 3.87151 1.8
    endloop
  endfacet
  facet normal 0.276823 0.960921 -0
    outer loop
      vertex 7.10827 8.79568 1.8
      vertex 6.81193 8.88105 5.8
      vertex 7.10827 8.79568 5.8
    endloop
  endfacet
  facet normal 0.276823 0.960921 0
    outer loop
      vertex 6.81193 8.88105 5.8
      vertex 7.10827 8.79568 1.8
      vertex 6.81193 8.88105 1.8
    endloop
  endfacet
  facet normal -0.276823 -0.960921 0
    outer loop
      vertex 5.29173 3.60432 1.8
      vertex 5.58807 3.51895 5.8
      vertex 5.29173 3.60432 5.8
    endloop
  endfacet
  facet normal -0.276823 -0.960921 -0
    outer loop
      vertex 5.58807 3.51895 5.8
      vertex 5.29173 3.60432 1.8
      vertex 5.58807 3.51895 1.8
    endloop
  endfacet
  facet normal 0.923872 -0.382701 2.46737e-18
    outer loop
      vertex 8.67766 5.00682 5.8
      vertex 8.79568 5.29173 1.8
      vertex 8.79568 5.29173 5.8
    endloop
  endfacet
  facet normal 0.923872 -0.382701 2.46737e-18
    outer loop
      vertex 8.79568 5.29173 1.8
      vertex 8.67766 5.00682 5.8
      vertex 8.67766 5.00682 1.8
    endloop
  endfacet
  facet normal 0.960921 -0.276823 -1.40307e-18
    outer loop
      vertex 8.79568 5.29173 5.8
      vertex 8.88105 5.58807 1.8
      vertex 8.88105 5.58807 5.8
    endloop
  endfacet
  facet normal 0.960921 -0.276823 -1.40307e-18
    outer loop
      vertex 8.88105 5.58807 1.8
      vertex 8.79568 5.29173 5.8
      vertex 8.79568 5.29173 1.8
    endloop
  endfacet
  facet normal 0.276823 -0.960921 0
    outer loop
      vertex 6.81193 3.51895 1.8
      vertex 7.10827 3.60432 5.8
      vertex 6.81193 3.51895 5.8
    endloop
  endfacet
  facet normal 0.276823 -0.960921 0
    outer loop
      vertex 7.10827 3.60432 5.8
      vertex 6.81193 3.51895 1.8
      vertex 7.10827 3.60432 1.8
    endloop
  endfacet
  facet normal 0.81557 -0.578659 -1.33689e-18
    outer loop
      vertex 8.35004 4.4854 5.8
      vertex 8.52849 4.73691 1.8
      vertex 8.52849 4.73691 5.8
    endloop
  endfacet
  facet normal 0.81557 -0.578659 -1.33689e-18
    outer loop
      vertex 8.52849 4.73691 1.8
      vertex 8.35004 4.4854 5.8
      vertex 8.35004 4.4854 1.8
    endloop
  endfacet
  facet normal -0.985869 0.167516 2.86002e-19
    outer loop
      vertex 3.46729 6.5079 1.8
      vertex 3.51895 6.81193 5.8
      vertex 3.51895 6.81193 1.8
    endloop
  endfacet
  facet normal -0.985869 0.167516 2.86002e-19
    outer loop
      vertex 3.51895 6.81193 5.8
      vertex 3.46729 6.5079 1.8
      vertex 3.46729 6.5079 5.8
    endloop
  endfacet
  facet normal -0.167516 0.985869 0
    outer loop
      vertex 5.8921 8.93271 1.8
      vertex 5.58807 8.88105 5.8
      vertex 5.8921 8.93271 5.8
    endloop
  endfacet
  facet normal -0.167516 0.985869 0
    outer loop
      vertex 5.58807 8.88105 5.8
      vertex 5.8921 8.93271 1.8
      vertex 5.58807 8.88105 1.8
    endloop
  endfacet
  facet normal 0.923872 0.382701 -2.46737e-18
    outer loop
      vertex 8.79568 7.10827 5.8
      vertex 8.67766 7.39318 1.8
      vertex 8.67766 7.39318 5.8
    endloop
  endfacet
  facet normal 0.923872 0.382701 -2.46737e-18
    outer loop
      vertex 8.67766 7.39318 1.8
      vertex 8.79568 7.10827 5.8
      vertex 8.79568 7.10827 1.8
    endloop
  endfacet
  facet normal 0.985869 -0.167516 4.92959e-20
    outer loop
      vertex 8.88105 5.58807 5.8
      vertex 8.93271 5.8921 1.8
      vertex 8.93271 5.8921 5.8
    endloop
  endfacet
  facet normal 0.985869 -0.167516 4.92959e-20
    outer loop
      vertex 8.93271 5.8921 1.8
      vertex 8.88105 5.58807 5.8
      vertex 8.88105 5.58807 1.8
    endloop
  endfacet
  facet normal -0.0560663 -0.998427 0
    outer loop
      vertex 5.8921 3.46729 1.8
      vertex 6.2 3.45 5.8
      vertex 5.8921 3.46729 5.8
    endloop
  endfacet
  facet normal -0.0560663 -0.998427 -0
    outer loop
      vertex 6.2 3.45 5.8
      vertex 5.8921 3.46729 1.8
      vertex 6.2 3.45 1.8
    endloop
  endfacet
  facet normal -0.66637 0.745621 0
    outer loop
      vertex 4.4854 8.35004 1.8
      vertex 4.25546 8.14454 5.8
      vertex 4.4854 8.35004 5.8
    endloop
  endfacet
  facet normal -0.66637 0.745621 0
    outer loop
      vertex 4.25546 8.14454 5.8
      vertex 4.4854 8.35004 1.8
      vertex 4.25546 8.14454 1.8
    endloop
  endfacet
  facet normal -0.875229 0.483709 -8.14781e-19
    outer loop
      vertex 3.72234 7.39318 1.8
      vertex 3.87151 7.66309 5.8
      vertex 3.87151 7.66309 1.8
    endloop
  endfacet
  facet normal -0.875229 0.483709 -8.14781e-19
    outer loop
      vertex 3.87151 7.66309 5.8
      vertex 3.72234 7.39318 1.8
      vertex 3.72234 7.39318 5.8
    endloop
  endfacet
  facet normal -0.0560663 0.998427 0
    outer loop
      vertex 6.2 8.95 1.8
      vertex 5.8921 8.93271 5.8
      vertex 6.2 8.95 5.8
    endloop
  endfacet
  facet normal -0.0560663 0.998427 0
    outer loop
      vertex 5.8921 8.93271 5.8
      vertex 6.2 8.95 1.8
      vertex 5.8921 8.93271 1.8
    endloop
  endfacet
  facet normal -0.998427 -0.0560663 -9.33986e-20
    outer loop
      vertex 3.46729 5.8921 1.8
      vertex 3.45 6.2 5.8
      vertex 3.45 6.2 1.8
    endloop
  endfacet
  facet normal -0.998427 -0.0560663 -9.33986e-20
    outer loop
      vertex 3.45 6.2 5.8
      vertex 3.46729 5.8921 1.8
      vertex 3.46729 5.8921 5.8
    endloop
  endfacet
  facet normal -0.745621 -0.66637 -4.27634e-19
    outer loop
      vertex 4.25546 4.25546 1.8
      vertex 4.04996 4.4854 5.8
      vertex 4.04996 4.4854 1.8
    endloop
  endfacet
  facet normal -0.745621 -0.66637 -4.27634e-19
    outer loop
      vertex 4.04996 4.4854 5.8
      vertex 4.25546 4.25546 1.8
      vertex 4.25546 4.25546 5.8
    endloop
  endfacet
  facet normal -0.578659 -0.81557 0
    outer loop
      vertex 4.4854 4.04996 1.8
      vertex 4.73691 3.87151 5.8
      vertex 4.4854 4.04996 5.8
    endloop
  endfacet
  facet normal -0.578659 -0.81557 -0
    outer loop
      vertex 4.73691 3.87151 5.8
      vertex 4.4854 4.04996 1.8
      vertex 4.73691 3.87151 1.8
    endloop
  endfacet
  facet normal 0.0560663 0.998427 -0
    outer loop
      vertex 6.5079 8.93271 1.8
      vertex 6.2 8.95 5.8
      vertex 6.5079 8.93271 5.8
    endloop
  endfacet
  facet normal 0.0560663 0.998427 0
    outer loop
      vertex 6.2 8.95 5.8
      vertex 6.5079 8.93271 1.8
      vertex 6.2 8.95 1.8
    endloop
  endfacet
  facet normal -0.66637 -0.745621 0
    outer loop
      vertex 4.25546 4.25546 1.8
      vertex 4.4854 4.04996 5.8
      vertex 4.25546 4.25546 5.8
    endloop
  endfacet
  facet normal -0.66637 -0.745621 -0
    outer loop
      vertex 4.4854 4.04996 5.8
      vertex 4.25546 4.25546 1.8
      vertex 4.4854 4.04996 1.8
    endloop
  endfacet
  facet normal -0.960921 0.276823 1.02426e-18
    outer loop
      vertex 3.51895 6.81193 1.8
      vertex 3.60432 7.10827 5.8
      vertex 3.60432 7.10827 1.8
    endloop
  endfacet
  facet normal -0.960921 0.276823 1.02426e-18
    outer loop
      vertex 3.60432 7.10827 5.8
      vertex 3.51895 6.81193 1.8
      vertex 3.51895 6.81193 5.8
    endloop
  endfacet
  facet normal -0.923872 0.382701 -1.48554e-18
    outer loop
      vertex 3.60432 7.10827 1.8
      vertex 3.72234 7.39318 5.8
      vertex 3.72234 7.39318 1.8
    endloop
  endfacet
  facet normal -0.923872 0.382701 -1.48554e-18
    outer loop
      vertex 3.72234 7.39318 5.8
      vertex 3.60432 7.10827 1.8
      vertex 3.60432 7.10827 5.8
    endloop
  endfacet
  facet normal -0.382701 -0.923872 0
    outer loop
      vertex 5.00682 3.72234 1.8
      vertex 5.29173 3.60432 5.8
      vertex 5.00682 3.72234 5.8
    endloop
  endfacet
  facet normal -0.382701 -0.923872 -0
    outer loop
      vertex 5.29173 3.60432 5.8
      vertex 5.00682 3.72234 1.8
      vertex 5.29173 3.60432 1.8
    endloop
  endfacet
  facet normal 0 0 -1
    outer loop
      vertex 7.45 6.2 1.8
      vertex 8.95 6.2 1.8
      vertex 8.93271 5.8921 1.8
    endloop
  endfacet
  facet normal 0 0 -1
    outer loop
      vertex 7.44214 6.06004 1.8
      vertex 8.93271 5.8921 1.8
      vertex 8.88105 5.58807 1.8
    endloop
  endfacet
  facet normal 0 0 -1
    outer loop
      vertex 8.95 6.2 1.8
      vertex 7.45 6.2 1.8
      vertex 8.93271 6.5079 1.8
    endloop
  endfacet
  facet normal 0 0 -1
    outer loop
      vertex 7.41866 5.92185 1.8
      vertex 8.88105 5.58807 1.8
      vertex 8.79568 5.29173 1.8
    endloop
  endfacet
  facet normal 0 0 -1
    outer loop
      vertex 7.44214 6.33996 1.8
      vertex 8.93271 6.5079 1.8
      vertex 7.45 6.2 1.8
    endloop
  endfacet
  facet normal 0 0 -1
    outer loop
      vertex 7.37985 5.78715 1.8
      vertex 8.79568 5.29173 1.8
      vertex 8.67766 5.00682 1.8
    endloop
  endfacet
  facet normal -0 0 -1
    outer loop
      vertex 8.93271 6.5079 1.8
      vertex 7.44214 6.33996 1.8
      vertex 8.88105 6.81193 1.8
    endloop
  endfacet
  facet normal 0 0 -1
    outer loop
      vertex 7.32621 5.65765 1.8
      vertex 8.67766 5.00682 1.8
      vertex 8.52849 4.73691 1.8
    endloop
  endfacet
  facet normal 0 0 -1
    outer loop
      vertex 7.41866 6.47815 1.8
      vertex 8.88105 6.81193 1.8
      vertex 7.44214 6.33996 1.8
    endloop
  endfacet
  facet normal 0 0 -1
    outer loop
      vertex 7.2584 5.53496 1.8
      vertex 8.52849 4.73691 1.8
      vertex 8.35004 4.4854 1.8
    endloop
  endfacet
  facet normal -0 0 -1
    outer loop
      vertex 8.88105 6.81193 1.8
      vertex 7.41866 6.47815 1.8
      vertex 8.79568 7.10827 1.8
    endloop
  endfacet
  facet normal 0 0 -1
    outer loop
      vertex 7.17729 5.42064 1.8
      vertex 8.35004 4.4854 1.8
      vertex 8.14454 4.25546 1.8
    endloop
  endfacet
  facet normal 0 0 -1
    outer loop
      vertex 7.37985 6.61285 1.8
      vertex 8.79568 7.10827 1.8
      vertex 7.41866 6.47815 1.8
    endloop
  endfacet
  facet normal 0 0 -1
    outer loop
      vertex 7.08388 5.31612 1.8
      vertex 8.14454 4.25546 1.8
      vertex 7.9146 4.04996 1.8
    endloop
  endfacet
  facet normal -0 0 -1
    outer loop
      vertex 8.79568 7.10827 1.8
      vertex 7.37985 6.61285 1.8
      vertex 8.67766 7.39318 1.8
    endloop
  endfacet
  facet normal 0 0 -1
    outer loop
      vertex 6.97936 5.22271 1.8
      vertex 7.9146 4.04996 1.8
      vertex 7.66309 3.87151 1.8
    endloop
  endfacet
  facet normal 0 0 -1
    outer loop
      vertex 7.32621 6.74235 1.8
      vertex 8.67766 7.39318 1.8
      vertex 7.37985 6.61285 1.8
    endloop
  endfacet
  facet normal -0 0 -1
    outer loop
      vertex 8.67766 7.39318 1.8
      vertex 7.32621 6.74235 1.8
      vertex 8.52849 7.66309 1.8
    endloop
  endfacet
  facet normal 0 0 -1
    outer loop
      vertex 8.93271 5.8921 1.8
      vertex 7.44214 6.06004 1.8
      vertex 7.45 6.2 1.8
    endloop
  endfacet
  facet normal 0 0 -1
    outer loop
      vertex 8.88105 5.58807 1.8
      vertex 7.41866 5.92185 1.8
      vertex 7.44214 6.06004 1.8
    endloop
  endfacet
  facet normal 0 0 -1
    outer loop
      vertex 6.86504 5.14159 1.8
      vertex 7.66309 3.87151 1.8
      vertex 7.39318 3.72234 1.8
    endloop
  endfacet
  facet normal 0 0 -1
    outer loop
      vertex 8.79568 5.29173 1.8
      vertex 7.37985 5.78715 1.8
      vertex 7.41866 5.92185 1.8
    endloop
  endfacet
  facet normal 0 0 -1
    outer loop
      vertex 8.67766 5.00682 1.8
      vertex 7.32621 5.65765 1.8
      vertex 7.37985 5.78715 1.8
    endloop
  endfacet
  facet normal 0 0 -1
    outer loop
      vertex 8.52849 4.73691 1.8
      vertex 7.2584 5.53496 1.8
      vertex 7.32621 5.65765 1.8
    endloop
  endfacet
  facet normal 0 0 -1
    outer loop
      vertex 8.35004 4.4854 1.8
      vertex 7.17729 5.42064 1.8
      vertex 7.2584 5.53496 1.8
    endloop
  endfacet
  facet normal 0 0 -1
    outer loop
      vertex 6.74235 5.07379 1.8
      vertex 7.39318 3.72234 1.8
      vertex 7.10827 3.60432 1.8
    endloop
  endfacet
  facet normal 0 0 -1
    outer loop
      vertex 8.14454 4.25546 1.8
      vertex 7.08388 5.31612 1.8
      vertex 7.17729 5.42064 1.8
    endloop
  endfacet
  facet normal 0 0 -1
    outer loop
      vertex 7.9146 4.04996 1.8
      vertex 6.97936 5.22271 1.8
      vertex 7.08388 5.31612 1.8
    endloop
  endfacet
  facet normal 0 0 -1
    outer loop
      vertex 7.66309 3.87151 1.8
      vertex 6.86504 5.14159 1.8
      vertex 6.97936 5.22271 1.8
    endloop
  endfacet
  facet normal 0 0 -1
    outer loop
      vertex 6.61285 5.02015 1.8
      vertex 7.10827 3.60432 1.8
      vertex 6.81193 3.51895 1.8
    endloop
  endfacet
  facet normal 0 0 -1
    outer loop
      vertex 7.39318 3.72234 1.8
      vertex 6.74235 5.07379 1.8
      vertex 6.86504 5.14159 1.8
    endloop
  endfacet
  facet normal 0 0 -1
    outer loop
      vertex 7.10827 3.60432 1.8
      vertex 6.61285 5.02015 1.8
      vertex 6.74235 5.07379 1.8
    endloop
  endfacet
  facet normal 0 0 -1
    outer loop
      vertex 6.47815 4.98134 1.8
      vertex 6.81193 3.51895 1.8
      vertex 6.5079 3.46729 1.8
    endloop
  endfacet
  facet normal 0 0 -1
    outer loop
      vertex 6.81193 3.51895 1.8
      vertex 6.47815 4.98134 1.8
      vertex 6.61285 5.02015 1.8
    endloop
  endfacet
  facet normal 0 0 -1
    outer loop
      vertex 6.5079 3.46729 1.8
      vertex 6.33996 4.95786 1.8
      vertex 6.47815 4.98134 1.8
    endloop
  endfacet
  facet normal 0 0 -1
    outer loop
      vertex 6.2 3.45 1.8
      vertex 6.33996 4.95786 1.8
      vertex 6.5079 3.46729 1.8
    endloop
  endfacet
  facet normal 0 0 -1
    outer loop
      vertex 6.2 3.45 1.8
      vertex 6.2 4.95 1.8
      vertex 6.33996 4.95786 1.8
    endloop
  endfacet
  facet normal 0 0 -1
    outer loop
      vertex 6.2 3.45 1.8
      vertex 6.06004 4.95786 1.8
      vertex 6.2 4.95 1.8
    endloop
  endfacet
  facet normal 0 0 -1
    outer loop
      vertex 5.8921 3.46729 1.8
      vertex 6.06004 4.95786 1.8
      vertex 6.2 3.45 1.8
    endloop
  endfacet
  facet normal -0 0 -1
    outer loop
      vertex 6.06004 4.95786 1.8
      vertex 5.8921 3.46729 1.8
      vertex 5.92185 4.98134 1.8
    endloop
  endfacet
  facet normal 0 0 -1
    outer loop
      vertex 5.58807 3.51895 1.8
      vertex 5.92185 4.98134 1.8
      vertex 5.8921 3.46729 1.8
    endloop
  endfacet
  facet normal -0 0 -1
    outer loop
      vertex 5.92185 4.98134 1.8
      vertex 5.58807 3.51895 1.8
      vertex 5.78715 5.02015 1.8
    endloop
  endfacet
  facet normal 0 0 -1
    outer loop
      vertex 5.29173 3.60432 1.8
      vertex 5.78715 5.02015 1.8
      vertex 5.58807 3.51895 1.8
    endloop
  endfacet
  facet normal -0 0 -1
    outer loop
      vertex 5.78715 5.02015 1.8
      vertex 5.29173 3.60432 1.8
      vertex 5.65765 5.07379 1.8
    endloop
  endfacet
  facet normal 0 0 -1
    outer loop
      vertex 5.00682 3.72234 1.8
      vertex 5.65765 5.07379 1.8
      vertex 5.29173 3.60432 1.8
    endloop
  endfacet
  facet normal -0 0 -1
    outer loop
      vertex 5.65765 5.07379 1.8
      vertex 5.00682 3.72234 1.8
      vertex 5.53496 5.14159 1.8
    endloop
  endfacet
  facet normal 0 0 -1
    outer loop
      vertex 4.73691 3.87151 1.8
      vertex 5.53496 5.14159 1.8
      vertex 5.00682 3.72234 1.8
    endloop
  endfacet
  facet normal -0 0 -1
    outer loop
      vertex 5.53496 5.14159 1.8
      vertex 4.73691 3.87151 1.8
      vertex 5.42064 5.22271 1.8
    endloop
  endfacet
  facet normal 0 0 -1
    outer loop
      vertex 4.4854 4.04996 1.8
      vertex 5.42064 5.22271 1.8
      vertex 4.73691 3.87151 1.8
    endloop
  endfacet
  facet normal -0 0 -1
    outer loop
      vertex 5.42064 5.22271 1.8
      vertex 4.4854 4.04996 1.8
      vertex 5.31612 5.31612 1.8
    endloop
  endfacet
  facet normal 0 0 -1
    outer loop
      vertex 4.25546 4.25546 1.8
      vertex 5.31612 5.31612 1.8
      vertex 4.4854 4.04996 1.8
    endloop
  endfacet
  facet normal -0 0 -1
    outer loop
      vertex 5.31612 5.31612 1.8
      vertex 4.25546 4.25546 1.8
      vertex 5.22271 5.42064 1.8
    endloop
  endfacet
  facet normal 0 0 -1
    outer loop
      vertex 4.04996 4.4854 1.8
      vertex 5.22271 5.42064 1.8
      vertex 4.25546 4.25546 1.8
    endloop
  endfacet
  facet normal -0 0 -1
    outer loop
      vertex 5.22271 5.42064 1.8
      vertex 4.04996 4.4854 1.8
      vertex 5.14159 5.53496 1.8
    endloop
  endfacet
  facet normal 0 0 -1
    outer loop
      vertex 3.87151 4.73691 1.8
      vertex 5.14159 5.53496 1.8
      vertex 4.04996 4.4854 1.8
    endloop
  endfacet
  facet normal -0 0 -1
    outer loop
      vertex 5.14159 5.53496 1.8
      vertex 3.87151 4.73691 1.8
      vertex 5.07379 5.65765 1.8
    endloop
  endfacet
  facet normal 0 0 -1
    outer loop
      vertex 7.2584 6.86504 1.8
      vertex 8.52849 7.66309 1.8
      vertex 7.32621 6.74235 1.8
    endloop
  endfacet
  facet normal -0 0 -1
    outer loop
      vertex 8.52849 7.66309 1.8
      vertex 7.2584 6.86504 1.8
      vertex 8.35004 7.9146 1.8
    endloop
  endfacet
  facet normal 0 0 -1
    outer loop
      vertex 7.17729 6.97936 1.8
      vertex 8.35004 7.9146 1.8
      vertex 7.2584 6.86504 1.8
    endloop
  endfacet
  facet normal -0 0 -1
    outer loop
      vertex 8.35004 7.9146 1.8
      vertex 7.17729 6.97936 1.8
      vertex 8.14454 8.14454 1.8
    endloop
  endfacet
  facet normal 0 0 -1
    outer loop
      vertex 7.08388 7.08388 1.8
      vertex 8.14454 8.14454 1.8
      vertex 7.17729 6.97936 1.8
    endloop
  endfacet
  facet normal -0 0 -1
    outer loop
      vertex 8.14454 8.14454 1.8
      vertex 7.08388 7.08388 1.8
      vertex 7.9146 8.35004 1.8
    endloop
  endfacet
  facet normal 0 0 -1
    outer loop
      vertex 6.97936 7.17729 1.8
      vertex 7.9146 8.35004 1.8
      vertex 7.08388 7.08388 1.8
    endloop
  endfacet
  facet normal -0 0 -1
    outer loop
      vertex 7.9146 8.35004 1.8
      vertex 6.97936 7.17729 1.8
      vertex 7.66309 8.52849 1.8
    endloop
  endfacet
  facet normal 0 0 -1
    outer loop
      vertex 6.86504 7.2584 1.8
      vertex 7.66309 8.52849 1.8
      vertex 6.97936 7.17729 1.8
    endloop
  endfacet
  facet normal -0 0 -1
    outer loop
      vertex 7.66309 8.52849 1.8
      vertex 6.86504 7.2584 1.8
      vertex 7.39318 8.67766 1.8
    endloop
  endfacet
  facet normal 0 0 -1
    outer loop
      vertex 6.74235 7.32621 1.8
      vertex 7.39318 8.67766 1.8
      vertex 6.86504 7.2584 1.8
    endloop
  endfacet
  facet normal -0 0 -1
    outer loop
      vertex 7.39318 8.67766 1.8
      vertex 6.74235 7.32621 1.8
      vertex 7.10827 8.79568 1.8
    endloop
  endfacet
  facet normal 0 0 -1
    outer loop
      vertex 6.61285 7.37985 1.8
      vertex 7.10827 8.79568 1.8
      vertex 6.74235 7.32621 1.8
    endloop
  endfacet
  facet normal -0 0 -1
    outer loop
      vertex 7.10827 8.79568 1.8
      vertex 6.61285 7.37985 1.8
      vertex 6.81193 8.88105 1.8
    endloop
  endfacet
  facet normal 0 0 -1
    outer loop
      vertex 6.47815 7.41866 1.8
      vertex 6.81193 8.88105 1.8
      vertex 6.61285 7.37985 1.8
    endloop
  endfacet
  facet normal -0 0 -1
    outer loop
      vertex 6.81193 8.88105 1.8
      vertex 6.47815 7.41866 1.8
      vertex 6.5079 8.93271 1.8
    endloop
  endfacet
  facet normal 0 0 -1
    outer loop
      vertex 6.33996 7.44214 1.8
      vertex 6.5079 8.93271 1.8
      vertex 6.47815 7.41866 1.8
    endloop
  endfacet
  facet normal 0 0 -1
    outer loop
      vertex 6.2 7.45 1.8
      vertex 6.5079 8.93271 1.8
      vertex 6.33996 7.44214 1.8
    endloop
  endfacet
  facet normal 0 0 -1
    outer loop
      vertex 6.2 7.45 1.8
      vertex 6.2 8.95 1.8
      vertex 6.5079 8.93271 1.8
    endloop
  endfacet
  facet normal 0 0 -1
    outer loop
      vertex 6.06004 7.44214 1.8
      vertex 6.2 8.95 1.8
      vertex 6.2 7.45 1.8
    endloop
  endfacet
  facet normal 0 0 -1
    outer loop
      vertex 5.8921 8.93271 1.8
      vertex 6.06004 7.44214 1.8
      vertex 5.92185 7.41866 1.8
    endloop
  endfacet
  facet normal 0 0 -1
    outer loop
      vertex 6.06004 7.44214 1.8
      vertex 5.8921 8.93271 1.8
      vertex 6.2 8.95 1.8
    endloop
  endfacet
  facet normal 0 0 -1
    outer loop
      vertex 5.58807 8.88105 1.8
      vertex 5.92185 7.41866 1.8
      vertex 5.78715 7.37985 1.8
    endloop
  endfacet
  facet normal 0 0 -1
    outer loop
      vertex 5.29173 8.79568 1.8
      vertex 5.78715 7.37985 1.8
      vertex 5.65765 7.32621 1.8
    endloop
  endfacet
  facet normal 0 0 -1
    outer loop
      vertex 5.92185 7.41866 1.8
      vertex 5.58807 8.88105 1.8
      vertex 5.8921 8.93271 1.8
    endloop
  endfacet
  facet normal 0 0 -1
    outer loop
      vertex 5.00682 8.67766 1.8
      vertex 5.65765 7.32621 1.8
      vertex 5.53496 7.2584 1.8
    endloop
  endfacet
  facet normal 0 0 -1
    outer loop
      vertex 4.73691 8.52849 1.8
      vertex 5.53496 7.2584 1.8
      vertex 5.42064 7.17729 1.8
    endloop
  endfacet
  facet normal 0 0 -1
    outer loop
      vertex 4.4854 8.35004 1.8
      vertex 5.42064 7.17729 1.8
      vertex 5.31612 7.08388 1.8
    endloop
  endfacet
  facet normal 0 0 -1
    outer loop
      vertex 5.78715 7.37985 1.8
      vertex 5.29173 8.79568 1.8
      vertex 5.58807 8.88105 1.8
    endloop
  endfacet
  facet normal 0 0 -1
    outer loop
      vertex 4.25546 8.14454 1.8
      vertex 5.31612 7.08388 1.8
      vertex 5.22271 6.97936 1.8
    endloop
  endfacet
  facet normal 0 0 -1
    outer loop
      vertex 4.04996 7.9146 1.8
      vertex 5.22271 6.97936 1.8
      vertex 5.14159 6.86504 1.8
    endloop
  endfacet
  facet normal 0 0 -1
    outer loop
      vertex 3.87151 7.66309 1.8
      vertex 5.14159 6.86504 1.8
      vertex 5.07379 6.74235 1.8
    endloop
  endfacet
  facet normal 0 0 -1
    outer loop
      vertex 3.72234 7.39318 1.8
      vertex 5.07379 6.74235 1.8
      vertex 5.02015 6.61285 1.8
    endloop
  endfacet
  facet normal 0 0 -1
    outer loop
      vertex 5.65765 7.32621 1.8
      vertex 5.00682 8.67766 1.8
      vertex 5.29173 8.79568 1.8
    endloop
  endfacet
  facet normal 0 0 -1
    outer loop
      vertex 3.60432 7.10827 1.8
      vertex 5.02015 6.61285 1.8
      vertex 4.98134 6.47815 1.8
    endloop
  endfacet
  facet normal 0 0 -1
    outer loop
      vertex 3.51895 6.81193 1.8
      vertex 4.98134 6.47815 1.8
      vertex 4.95786 6.33996 1.8
    endloop
  endfacet
  facet normal 0 0 -1
    outer loop
      vertex 3.46729 6.5079 1.8
      vertex 4.95786 6.33996 1.8
      vertex 4.95 6.2 1.8
    endloop
  endfacet
  facet normal 0 0 -1
    outer loop
      vertex 3.72234 5.00682 1.8
      vertex 5.07379 5.65765 1.8
      vertex 3.87151 4.73691 1.8
    endloop
  endfacet
  facet normal 0 0 -1
    outer loop
      vertex 5.53496 7.2584 1.8
      vertex 4.73691 8.52849 1.8
      vertex 5.00682 8.67766 1.8
    endloop
  endfacet
  facet normal -0 0 -1
    outer loop
      vertex 5.07379 5.65765 1.8
      vertex 3.72234 5.00682 1.8
      vertex 5.02015 5.78715 1.8
    endloop
  endfacet
  facet normal 0 0 -1
    outer loop
      vertex 5.42064 7.17729 1.8
      vertex 4.4854 8.35004 1.8
      vertex 4.73691 8.52849 1.8
    endloop
  endfacet
  facet normal 0 0 -1
    outer loop
      vertex 3.60432 5.29173 1.8
      vertex 5.02015 5.78715 1.8
      vertex 3.72234 5.00682 1.8
    endloop
  endfacet
  facet normal 0 0 -1
    outer loop
      vertex 5.31612 7.08388 1.8
      vertex 4.25546 8.14454 1.8
      vertex 4.4854 8.35004 1.8
    endloop
  endfacet
  facet normal -0 0 -1
    outer loop
      vertex 5.02015 5.78715 1.8
      vertex 3.60432 5.29173 1.8
      vertex 4.98134 5.92185 1.8
    endloop
  endfacet
  facet normal 0 0 -1
    outer loop
      vertex 5.22271 6.97936 1.8
      vertex 4.04996 7.9146 1.8
      vertex 4.25546 8.14454 1.8
    endloop
  endfacet
  facet normal 0 0 -1
    outer loop
      vertex 3.51895 5.58807 1.8
      vertex 4.98134 5.92185 1.8
      vertex 3.60432 5.29173 1.8
    endloop
  endfacet
  facet normal 0 0 -1
    outer loop
      vertex 5.14159 6.86504 1.8
      vertex 3.87151 7.66309 1.8
      vertex 4.04996 7.9146 1.8
    endloop
  endfacet
  facet normal -0 0 -1
    outer loop
      vertex 4.98134 5.92185 1.8
      vertex 3.51895 5.58807 1.8
      vertex 4.95786 6.06004 1.8
    endloop
  endfacet
  facet normal 0 0 -1
    outer loop
      vertex 5.07379 6.74235 1.8
      vertex 3.72234 7.39318 1.8
      vertex 3.87151 7.66309 1.8
    endloop
  endfacet
  facet normal 0 0 -1
    outer loop
      vertex 3.46729 5.8921 1.8
      vertex 4.95786 6.06004 1.8
      vertex 3.51895 5.58807 1.8
    endloop
  endfacet
  facet normal 0 0 -1
    outer loop
      vertex 5.02015 6.61285 1.8
      vertex 3.60432 7.10827 1.8
      vertex 3.72234 7.39318 1.8
    endloop
  endfacet
  facet normal -0 0 -1
    outer loop
      vertex 4.95786 6.06004 1.8
      vertex 3.46729 5.8921 1.8
      vertex 4.95 6.2 1.8
    endloop
  endfacet
  facet normal 0 0 -1
    outer loop
      vertex 4.98134 6.47815 1.8
      vertex 3.51895 6.81193 1.8
      vertex 3.60432 7.10827 1.8
    endloop
  endfacet
  facet normal 0 0 -1
    outer loop
      vertex 3.45 6.2 1.8
      vertex 4.95 6.2 1.8
      vertex 3.46729 5.8921 1.8
    endloop
  endfacet
  facet normal 0 0 -1
    outer loop
      vertex 4.95786 6.33996 1.8
      vertex 3.46729 6.5079 1.8
      vertex 3.51895 6.81193 1.8
    endloop
  endfacet
  facet normal 0 0 -1
    outer loop
      vertex 4.95 6.2 1.8
      vertex 3.45 6.2 1.8
      vertex 3.46729 6.5079 1.8
    endloop
  endfacet
  facet normal -0.998427 0.0560663 9.33986e-20
    outer loop
      vertex 3.45 6.2 1.8
      vertex 3.46729 6.5079 5.8
      vertex 3.46729 6.5079 1.8
    endloop
  endfacet
  facet normal -0.998427 0.0560663 9.33986e-20
    outer loop
      vertex 3.46729 6.5079 5.8
      vertex 3.45 6.2 1.8
      vertex 3.45 6.2 5.8
    endloop
  endfacet
  facet normal 0.815542 -0.578698 -6.40601e-19
    outer loop
      vertex 5.14159 6.86504 5.8
      vertex 5.22271 6.97936 1.8
      vertex 5.22271 6.97936 5.8
    endloop
  endfacet
  facet normal 0.815542 -0.578698 -6.40601e-19
    outer loop
      vertex 5.22271 6.97936 1.8
      vertex 5.14159 6.86504 5.8
      vertex 5.14159 6.86504 1.8
    endloop
  endfacet
  facet normal -0.98587 -0.16751 -9.7949e-20
    outer loop
      vertex 7.44214 6.33996 1.8
      vertex 7.41866 6.47815 5.8
      vertex 7.41866 6.47815 1.8
    endloop
  endfacet
  facet normal -0.98587 -0.16751 -9.7949e-20
    outer loop
      vertex 7.41866 6.47815 5.8
      vertex 7.44214 6.33996 1.8
      vertex 7.44214 6.33996 5.8
    endloop
  endfacet
  facet normal -0.998427 -0.0560706 5.23786e-20
    outer loop
      vertex 7.45 6.2 1.8
      vertex 7.44214 6.33996 5.8
      vertex 7.44214 6.33996 1.8
    endloop
  endfacet
  facet normal -0.998427 -0.0560706 5.23786e-20
    outer loop
      vertex 7.44214 6.33996 5.8
      vertex 7.45 6.2 1.8
      vertex 7.45 6.2 5.8
    endloop
  endfacet
  facet normal -0.483728 -0.875218 0
    outer loop
      vertex 6.74235 7.32621 1.8
      vertex 6.86504 7.2584 5.8
      vertex 6.74235 7.32621 5.8
    endloop
  endfacet
  facet normal -0.483728 -0.875218 -0
    outer loop
      vertex 6.86504 7.2584 5.8
      vertex 6.74235 7.32621 1.8
      vertex 6.86504 7.2584 1.8
    endloop
  endfacet
  facet normal -0.382679 0.923881 0
    outer loop
      vertex 6.74235 5.07379 1.8
      vertex 6.61285 5.02015 5.8
      vertex 6.74235 5.07379 5.8
    endloop
  endfacet
  facet normal -0.382679 0.923881 0
    outer loop
      vertex 6.61285 5.02015 5.8
      vertex 6.74235 5.07379 1.8
      vertex 6.61285 5.02015 1.8
    endloop
  endfacet
  facet normal -0.875218 -0.483728 2.86705e-19
    outer loop
      vertex 7.32621 6.74235 1.8
      vertex 7.2584 6.86504 5.8
      vertex 7.2584 6.86504 1.8
    endloop
  endfacet
  facet normal -0.875218 -0.483728 2.86705e-19
    outer loop
      vertex 7.2584 6.86504 5.8
      vertex 7.32621 6.74235 1.8
      vertex 7.32621 6.74235 5.8
    endloop
  endfacet
  facet normal 0.98587 -0.16751 9.7949e-20
    outer loop
      vertex 4.95786 6.33996 5.8
      vertex 4.98134 6.47815 1.8
      vertex 4.98134 6.47815 5.8
    endloop
  endfacet
  facet normal 0.98587 -0.16751 9.7949e-20
    outer loop
      vertex 4.98134 6.47815 1.8
      vertex 4.95786 6.33996 5.8
      vertex 4.95786 6.33996 1.8
    endloop
  endfacet
  facet normal -0.382679 -0.923881 0
    outer loop
      vertex 6.61285 7.37985 1.8
      vertex 6.74235 7.32621 5.8
      vertex 6.61285 7.37985 5.8
    endloop
  endfacet
  facet normal -0.382679 -0.923881 -0
    outer loop
      vertex 6.74235 7.32621 5.8
      vertex 6.61285 7.37985 1.8
      vertex 6.74235 7.32621 1.8
    endloop
  endfacet
  facet normal -0.0560706 0.998427 0
    outer loop
      vertex 6.33996 4.95786 1.8
      vertex 6.2 4.95 5.8
      vertex 6.33996 4.95786 5.8
    endloop
  endfacet
  facet normal -0.0560706 0.998427 0
    outer loop
      vertex 6.2 4.95 5.8
      vertex 6.33996 4.95786 1.8
      vertex 6.2 4.95 1.8
    endloop
  endfacet
  facet normal -0.483673 0.875249 0
    outer loop
      vertex 6.86504 5.14159 1.8
      vertex 6.74235 5.07379 5.8
      vertex 6.86504 5.14159 5.8
    endloop
  endfacet
  facet normal -0.483673 0.875249 0
    outer loop
      vertex 6.74235 5.07379 5.8
      vertex 6.86504 5.14159 1.8
      vertex 6.74235 5.07379 1.8
    endloop
  endfacet
  facet normal 0.0560706 -0.998427 0
    outer loop
      vertex 6.06004 7.44214 1.8
      vertex 6.2 7.45 5.8
      vertex 6.06004 7.44214 5.8
    endloop
  endfacet
  facet normal 0.0560706 -0.998427 0
    outer loop
      vertex 6.2 7.45 5.8
      vertex 6.06004 7.44214 1.8
      vertex 6.2 7.45 1.8
    endloop
  endfacet
  facet normal 0.875249 -0.483673 -1.19098e-18
    outer loop
      vertex 5.07379 6.74235 5.8
      vertex 5.14159 6.86504 1.8
      vertex 5.14159 6.86504 5.8
    endloop
  endfacet
  facet normal 0.875249 -0.483673 -1.19098e-18
    outer loop
      vertex 5.14159 6.86504 1.8
      vertex 5.07379 6.74235 5.8
      vertex 5.07379 6.74235 1.8
    endloop
  endfacet
  facet normal -0.16751 -0.98587 0
    outer loop
      vertex 6.33996 7.44214 1.8
      vertex 6.47815 7.41866 5.8
      vertex 6.33996 7.44214 5.8
    endloop
  endfacet
  facet normal -0.16751 -0.98587 -0
    outer loop
      vertex 6.47815 7.41866 5.8
      vertex 6.33996 7.44214 1.8
      vertex 6.47815 7.41866 1.8
    endloop
  endfacet
  facet normal -0.578651 -0.815576 0
    outer loop
      vertex 6.86504 7.2584 1.8
      vertex 6.97936 7.17729 5.8
      vertex 6.86504 7.2584 5.8
    endloop
  endfacet
  facet normal -0.578651 -0.815576 -0
    outer loop
      vertex 6.97936 7.17729 5.8
      vertex 6.86504 7.2584 1.8
      vertex 6.97936 7.17729 1.8
    endloop
  endfacet
  facet normal -0.666367 -0.745624 0
    outer loop
      vertex 6.97936 7.17729 1.8
      vertex 7.08388 7.08388 5.8
      vertex 6.97936 7.17729 5.8
    endloop
  endfacet
  facet normal -0.666367 -0.745624 -0
    outer loop
      vertex 7.08388 7.08388 5.8
      vertex 6.97936 7.17729 1.8
      vertex 7.08388 7.08388 1.8
    endloop
  endfacet
  facet normal -0.276859 0.96091 0
    outer loop
      vertex 6.61285 5.02015 1.8
      vertex 6.47815 4.98134 5.8
      vertex 6.61285 5.02015 5.8
    endloop
  endfacet
  facet normal -0.276859 0.96091 0
    outer loop
      vertex 6.47815 4.98134 5.8
      vertex 6.61285 5.02015 1.8
      vertex 6.47815 4.98134 1.8
    endloop
  endfacet
  facet normal -0.745624 -0.666367 -1.49394e-19
    outer loop
      vertex 7.17729 6.97936 1.8
      vertex 7.08388 7.08388 5.8
      vertex 7.08388 7.08388 1.8
    endloop
  endfacet
  facet normal -0.745624 -0.666367 -1.49394e-19
    outer loop
      vertex 7.08388 7.08388 5.8
      vertex 7.17729 6.97936 1.8
      vertex 7.17729 6.97936 5.8
    endloop
  endfacet
  facet normal -0.16751 0.98587 0
    outer loop
      vertex 6.47815 4.98134 1.8
      vertex 6.33996 4.95786 5.8
      vertex 6.47815 4.98134 5.8
    endloop
  endfacet
  facet normal -0.16751 0.98587 0
    outer loop
      vertex 6.33996 4.95786 5.8
      vertex 6.47815 4.98134 1.8
      vertex 6.33996 4.95786 1.8
    endloop
  endfacet
  facet normal 0.276859 -0.96091 0
    outer loop
      vertex 5.78715 7.37985 1.8
      vertex 5.92185 7.41866 5.8
      vertex 5.78715 7.37985 5.8
    endloop
  endfacet
  facet normal 0.276859 -0.96091 0
    outer loop
      vertex 5.92185 7.41866 5.8
      vertex 5.78715 7.37985 1.8
      vertex 5.92185 7.41866 1.8
    endloop
  endfacet
  facet normal 0.666367 -0.745624 0
    outer loop
      vertex 5.31612 7.08388 1.8
      vertex 5.42064 7.17729 5.8
      vertex 5.31612 7.08388 5.8
    endloop
  endfacet
  facet normal 0.666367 -0.745624 0
    outer loop
      vertex 5.42064 7.17729 5.8
      vertex 5.31612 7.08388 1.8
      vertex 5.42064 7.17729 1.8
    endloop
  endfacet
  facet normal -0.745624 0.666367 1.49394e-19
    outer loop
      vertex 7.08388 5.31612 1.8
      vertex 7.17729 5.42064 5.8
      vertex 7.17729 5.42064 1.8
    endloop
  endfacet
  facet normal -0.745624 0.666367 1.49394e-19
    outer loop
      vertex 7.17729 5.42064 5.8
      vertex 7.08388 5.31612 1.8
      vertex 7.08388 5.31612 5.8
    endloop
  endfacet
  facet normal -0.276859 -0.96091 0
    outer loop
      vertex 6.47815 7.41866 1.8
      vertex 6.61285 7.37985 5.8
      vertex 6.47815 7.41866 5.8
    endloop
  endfacet
  facet normal -0.276859 -0.96091 -0
    outer loop
      vertex 6.61285 7.37985 5.8
      vertex 6.47815 7.41866 1.8
      vertex 6.61285 7.37985 1.8
    endloop
  endfacet
  facet normal 0.96091 0.276859 -2.78617e-19
    outer loop
      vertex 5.02015 5.78715 5.8
      vertex 4.98134 5.92185 1.8
      vertex 4.98134 5.92185 5.8
    endloop
  endfacet
  facet normal 0.96091 0.276859 -2.78617e-19
    outer loop
      vertex 4.98134 5.92185 1.8
      vertex 5.02015 5.78715 5.8
      vertex 5.02015 5.78715 1.8
    endloop
  endfacet
  facet normal -0.96091 0.276859 2.78617e-19
    outer loop
      vertex 7.37985 5.78715 1.8
      vertex 7.41866 5.92185 5.8
      vertex 7.41866 5.92185 1.8
    endloop
  endfacet
  facet normal -0.96091 0.276859 2.78617e-19
    outer loop
      vertex 7.41866 5.92185 5.8
      vertex 7.37985 5.78715 1.8
      vertex 7.37985 5.78715 5.8
    endloop
  endfacet
  facet normal 0.98587 0.16751 -3.06246e-20
    outer loop
      vertex 4.98134 5.92185 5.8
      vertex 4.95786 6.06004 1.8
      vertex 4.95786 6.06004 5.8
    endloop
  endfacet
  facet normal 0.98587 0.16751 -3.06246e-20
    outer loop
      vertex 4.95786 6.06004 1.8
      vertex 4.98134 5.92185 5.8
      vertex 4.98134 5.92185 1.8
    endloop
  endfacet
  facet normal 0.815542 0.578698 6.40601e-19
    outer loop
      vertex 5.22271 5.42064 5.8
      vertex 5.14159 5.53496 1.8
      vertex 5.14159 5.53496 5.8
    endloop
  endfacet
  facet normal 0.815542 0.578698 6.40601e-19
    outer loop
      vertex 5.14159 5.53496 1.8
      vertex 5.22271 5.42064 5.8
      vertex 5.22271 5.42064 1.8
    endloop
  endfacet
  facet normal 0.745624 0.666367 1.44156e-18
    outer loop
      vertex 5.31612 5.31612 5.8
      vertex 5.22271 5.42064 1.8
      vertex 5.22271 5.42064 5.8
    endloop
  endfacet
  facet normal 0.745624 0.666367 1.44156e-18
    outer loop
      vertex 5.22271 5.42064 1.8
      vertex 5.31612 5.31612 5.8
      vertex 5.31612 5.31612 1.8
    endloop
  endfacet
  facet normal 0.16751 -0.98587 0
    outer loop
      vertex 5.92185 7.41866 1.8
      vertex 6.06004 7.44214 5.8
      vertex 5.92185 7.41866 5.8
    endloop
  endfacet
  facet normal 0.16751 -0.98587 0
    outer loop
      vertex 6.06004 7.44214 5.8
      vertex 5.92185 7.41866 1.8
      vertex 6.06004 7.44214 1.8
    endloop
  endfacet
  facet normal 0.745624 -0.666367 -1.44156e-18
    outer loop
      vertex 5.22271 6.97936 5.8
      vertex 5.31612 7.08388 1.8
      vertex 5.31612 7.08388 5.8
    endloop
  endfacet
  facet normal 0.745624 -0.666367 -1.44156e-18
    outer loop
      vertex 5.31612 7.08388 1.8
      vertex 5.22271 6.97936 5.8
      vertex 5.22271 6.97936 1.8
    endloop
  endfacet
  facet normal -0.815576 -0.578651 2.01624e-19
    outer loop
      vertex 7.2584 6.86504 1.8
      vertex 7.17729 6.97936 5.8
      vertex 7.17729 6.97936 1.8
    endloop
  endfacet
  facet normal -0.815576 -0.578651 2.01624e-19
    outer loop
      vertex 7.17729 6.97936 5.8
      vertex 7.2584 6.86504 1.8
      vertex 7.2584 6.86504 5.8
    endloop
  endfacet
  facet normal 0.483728 -0.875218 0
    outer loop
      vertex 5.53496 7.2584 1.8
      vertex 5.65765 7.32621 5.8
      vertex 5.53496 7.2584 5.8
    endloop
  endfacet
  facet normal 0.483728 -0.875218 0
    outer loop
      vertex 5.65765 7.32621 5.8
      vertex 5.53496 7.2584 1.8
      vertex 5.65765 7.32621 1.8
    endloop
  endfacet
  facet normal -0.923881 0.382679 5.11578e-19
    outer loop
      vertex 7.32621 5.65765 1.8
      vertex 7.37985 5.78715 5.8
      vertex 7.37985 5.78715 1.8
    endloop
  endfacet
  facet normal -0.923881 0.382679 5.11578e-19
    outer loop
      vertex 7.37985 5.78715 5.8
      vertex 7.32621 5.65765 1.8
      vertex 7.32621 5.65765 5.8
    endloop
  endfacet
  facet normal 0.276859 0.96091 -0
    outer loop
      vertex 5.92185 4.98134 1.8
      vertex 5.78715 5.02015 5.8
      vertex 5.92185 4.98134 5.8
    endloop
  endfacet
  facet normal 0.276859 0.96091 0
    outer loop
      vertex 5.78715 5.02015 5.8
      vertex 5.92185 4.98134 1.8
      vertex 5.78715 5.02015 1.8
    endloop
  endfacet
  facet normal 0.875249 0.483673 -1.01676e-18
    outer loop
      vertex 5.14159 5.53496 5.8
      vertex 5.07379 5.65765 1.8
      vertex 5.07379 5.65765 5.8
    endloop
  endfacet
  facet normal 0.875249 0.483673 -1.01676e-18
    outer loop
      vertex 5.07379 5.65765 1.8
      vertex 5.14159 5.53496 5.8
      vertex 5.14159 5.53496 1.8
    endloop
  endfacet
  facet normal 0.923881 -0.382679 -5.41363e-19
    outer loop
      vertex 5.02015 6.61285 5.8
      vertex 5.07379 6.74235 1.8
      vertex 5.07379 6.74235 5.8
    endloop
  endfacet
  facet normal 0.923881 -0.382679 -5.41363e-19
    outer loop
      vertex 5.07379 6.74235 1.8
      vertex 5.02015 6.61285 5.8
      vertex 5.02015 6.61285 1.8
    endloop
  endfacet
  facet normal -0.998427 0.0560706 2.28609e-20
    outer loop
      vertex 7.44214 6.06004 1.8
      vertex 7.45 6.2 5.8
      vertex 7.45 6.2 1.8
    endloop
  endfacet
  facet normal -0.998427 0.0560706 2.28609e-20
    outer loop
      vertex 7.45 6.2 5.8
      vertex 7.44214 6.06004 1.8
      vertex 7.44214 6.06004 5.8
    endloop
  endfacet
  facet normal 0.96091 -0.276859 6.78577e-19
    outer loop
      vertex 4.98134 6.47815 5.8
      vertex 5.02015 6.61285 1.8
      vertex 5.02015 6.61285 5.8
    endloop
  endfacet
  facet normal 0.96091 -0.276859 6.78577e-19
    outer loop
      vertex 5.02015 6.61285 1.8
      vertex 4.98134 6.47815 5.8
      vertex 4.98134 6.47815 1.8
    endloop
  endfacet
  facet normal -0.815576 0.578651 -2.01624e-19
    outer loop
      vertex 7.17729 5.42064 1.8
      vertex 7.2584 5.53496 5.8
      vertex 7.2584 5.53496 1.8
    endloop
  endfacet
  facet normal -0.815576 0.578651 -2.01624e-19
    outer loop
      vertex 7.2584 5.53496 5.8
      vertex 7.17729 5.42064 1.8
      vertex 7.17729 5.42064 5.8
    endloop
  endfacet
  facet normal -0.0560706 -0.998427 0
    outer loop
      vertex 6.2 7.45 1.8
      vertex 6.33996 7.44214 5.8
      vertex 6.2 7.45 5.8
    endloop
  endfacet
  facet normal -0.0560706 -0.998427 -0
    outer loop
      vertex 6.33996 7.44214 5.8
      vertex 6.2 7.45 1.8
      vertex 6.33996 7.44214 1.8
    endloop
  endfacet
  facet normal -0.875218 0.483728 -1.1569e-18
    outer loop
      vertex 7.2584 5.53496 1.8
      vertex 7.32621 5.65765 5.8
      vertex 7.32621 5.65765 1.8
    endloop
  endfacet
  facet normal -0.875218 0.483728 -1.1569e-18
    outer loop
      vertex 7.32621 5.65765 5.8
      vertex 7.2584 5.53496 1.8
      vertex 7.2584 5.53496 5.8
    endloop
  endfacet
  facet normal -0.923881 -0.382679 -3.99205e-19
    outer loop
      vertex 7.37985 6.61285 1.8
      vertex 7.32621 6.74235 5.8
      vertex 7.32621 6.74235 1.8
    endloop
  endfacet
  facet normal -0.923881 -0.382679 -3.99205e-19
    outer loop
      vertex 7.32621 6.74235 5.8
      vertex 7.37985 6.61285 1.8
      vertex 7.37985 6.61285 5.8
    endloop
  endfacet
  facet normal -0.98587 0.16751 3.06246e-20
    outer loop
      vertex 7.41866 5.92185 1.8
      vertex 7.44214 6.06004 5.8
      vertex 7.44214 6.06004 1.8
    endloop
  endfacet
  facet normal -0.98587 0.16751 3.06246e-20
    outer loop
      vertex 7.44214 6.06004 5.8
      vertex 7.41866 5.92185 1.8
      vertex 7.41866 5.92185 5.8
    endloop
  endfacet
  facet normal 0.998427 0.0560706 -2.28609e-20
    outer loop
      vertex 4.95786 6.06004 5.8
      vertex 4.95 6.2 1.8
      vertex 4.95 6.2 5.8
    endloop
  endfacet
  facet normal 0.998427 0.0560706 -2.28609e-20
    outer loop
      vertex 4.95 6.2 1.8
      vertex 4.95786 6.06004 5.8
      vertex 4.95786 6.06004 1.8
    endloop
  endfacet
  facet normal 0.382679 0.923881 -0
    outer loop
      vertex 5.78715 5.02015 1.8
      vertex 5.65765 5.07379 5.8
      vertex 5.78715 5.02015 5.8
    endloop
  endfacet
  facet normal 0.382679 0.923881 0
    outer loop
      vertex 5.65765 5.07379 5.8
      vertex 5.78715 5.02015 1.8
      vertex 5.65765 5.07379 1.8
    endloop
  endfacet
  facet normal -0.96091 -0.276859 -6.78577e-19
    outer loop
      vertex 7.41866 6.47815 1.8
      vertex 7.37985 6.61285 5.8
      vertex 7.37985 6.61285 1.8
    endloop
  endfacet
  facet normal -0.96091 -0.276859 -6.78577e-19
    outer loop
      vertex 7.37985 6.61285 5.8
      vertex 7.41866 6.47815 1.8
      vertex 7.41866 6.47815 5.8
    endloop
  endfacet
  facet normal 0.578651 -0.815576 0
    outer loop
      vertex 5.42064 7.17729 1.8
      vertex 5.53496 7.2584 5.8
      vertex 5.42064 7.17729 5.8
    endloop
  endfacet
  facet normal 0.578651 -0.815576 0
    outer loop
      vertex 5.53496 7.2584 5.8
      vertex 5.42064 7.17729 1.8
      vertex 5.53496 7.2584 1.8
    endloop
  endfacet
  facet normal 0.998427 -0.0560706 -5.23786e-20
    outer loop
      vertex 4.95 6.2 5.8
      vertex 4.95786 6.33996 1.8
      vertex 4.95786 6.33996 5.8
    endloop
  endfacet
  facet normal 0.998427 -0.0560706 -5.23786e-20
    outer loop
      vertex 4.95786 6.33996 1.8
      vertex 4.95 6.2 5.8
      vertex 4.95 6.2 1.8
    endloop
  endfacet
  facet normal 0.483673 0.875249 -0
    outer loop
      vertex 5.65765 5.07379 1.8
      vertex 5.53496 5.14159 5.8
      vertex 5.65765 5.07379 5.8
    endloop
  endfacet
  facet normal 0.483673 0.875249 0
    outer loop
      vertex 5.53496 5.14159 5.8
      vertex 5.65765 5.07379 1.8
      vertex 5.53496 5.14159 1.8
    endloop
  endfacet
  facet normal 0.382679 -0.923881 0
    outer loop
      vertex 5.65765 7.32621 1.8
      vertex 5.78715 7.37985 5.8
      vertex 5.65765 7.32621 5.8
    endloop
  endfacet
  facet normal 0.382679 -0.923881 0
    outer loop
      vertex 5.78715 7.37985 5.8
      vertex 5.65765 7.32621 1.8
      vertex 5.78715 7.37985 1.8
    endloop
  endfacet
  facet normal 0.0560706 0.998427 -0
    outer loop
      vertex 6.2 4.95 1.8
      vertex 6.06004 4.95786 5.8
      vertex 6.2 4.95 5.8
    endloop
  endfacet
  facet normal 0.0560706 0.998427 0
    outer loop
      vertex 6.06004 4.95786 5.8
      vertex 6.2 4.95 1.8
      vertex 6.06004 4.95786 1.8
    endloop
  endfacet
  facet normal 0.16751 0.98587 -0
    outer loop
      vertex 6.06004 4.95786 1.8
      vertex 5.92185 4.98134 5.8
      vertex 6.06004 4.95786 5.8
    endloop
  endfacet
  facet normal 0.16751 0.98587 0
    outer loop
      vertex 5.92185 4.98134 5.8
      vertex 6.06004 4.95786 1.8
      vertex 5.92185 4.98134 1.8
    endloop
  endfacet
  facet normal 0.923881 0.382679 4.2899e-19
    outer loop
      vertex 5.07379 5.65765 5.8
      vertex 5.02015 5.78715 1.8
      vertex 5.02015 5.78715 5.8
    endloop
  endfacet
  facet normal 0.923881 0.382679 4.2899e-19
    outer loop
      vertex 5.02015 5.78715 1.8
      vertex 5.07379 5.65765 5.8
      vertex 5.07379 5.65765 1.8
    endloop
  endfacet
  facet normal 0.578698 0.815542 -0
    outer loop
      vertex 5.53496 5.14159 1.8
      vertex 5.42064 5.22271 5.8
      vertex 5.53496 5.14159 5.8
    endloop
  endfacet
  facet normal 0.578698 0.815542 0
    outer loop
      vertex 5.42064 5.22271 5.8
      vertex 5.53496 5.14159 1.8
      vertex 5.42064 5.22271 1.8
    endloop
  endfacet
  facet normal 0.666367 0.745624 -0
    outer loop
      vertex 5.42064 5.22271 1.8
      vertex 5.31612 5.31612 5.8
      vertex 5.42064 5.22271 5.8
    endloop
  endfacet
  facet normal 0.666367 0.745624 0
    outer loop
      vertex 5.31612 5.31612 5.8
      vertex 5.42064 5.22271 1.8
      vertex 5.31612 5.31612 1.8
    endloop
  endfacet
  facet normal -0.666367 0.745624 0
    outer loop
      vertex 7.08388 5.31612 1.8
      vertex 6.97936 5.22271 5.8
      vertex 7.08388 5.31612 5.8
    endloop
  endfacet
  facet normal -0.666367 0.745624 0
    outer loop
      vertex 6.97936 5.22271 5.8
      vertex 7.08388 5.31612 1.8
      vertex 6.97936 5.22271 1.8
    endloop
  endfacet
  facet normal -0.578698 0.815542 0
    outer loop
      vertex 6.97936 5.22271 1.8
      vertex 6.86504 5.14159 5.8
      vertex 6.97936 5.22271 5.8
    endloop
  endfacet
  facet normal -0.578698 0.815542 0
    outer loop
      vertex 6.86504 5.14159 5.8
      vertex 6.97936 5.22271 1.8
      vertex 6.86504 5.14159 1.8
    endloop
  endfacet
  facet normal 0.985867 0.167532 -6.47819e-19
    outer loop
      vertex 8.93271 43.5079 5.8
      vertex 8.88105 43.8119 1.8
      vertex 8.88105 43.8119 5.8
    endloop
  endfacet
  facet normal 0.985867 0.167532 -6.47819e-19
    outer loop
      vertex 8.88105 43.8119 1.8
      vertex 8.93271 43.5079 5.8
      vertex 8.93271 43.5079 1.8
    endloop
  endfacet
  facet normal 0.998427 0.0560663 -1.64461e-20
    outer loop
      vertex 8.95 43.2 5.8
      vertex 8.93271 43.5079 1.8
      vertex 8.93271 43.5079 5.8
    endloop
  endfacet
  facet normal 0.998427 0.0560663 -1.64461e-20
    outer loop
      vertex 8.93271 43.5079 1.8
      vertex 8.95 43.2 5.8
      vertex 8.95 43.2 1.8
    endloop
  endfacet
  facet normal -0.578766 0.815493 0
    outer loop
      vertex 4.73691 45.5285 1.8
      vertex 4.4854 45.35 5.8
      vertex 4.73691 45.5285 5.8
    endloop
  endfacet
  facet normal -0.578766 0.815493 0
    outer loop
      vertex 4.4854 45.35 5.8
      vertex 4.73691 45.5285 1.8
      vertex 4.4854 45.35 1.8
    endloop
  endfacet
  facet normal -0.815559 0.578674 7.5302e-19
    outer loop
      vertex 3.87151 44.6631 1.8
      vertex 4.04996 44.9146 5.8
      vertex 4.04996 44.9146 1.8
    endloop
  endfacet
  facet normal -0.815559 0.578674 7.5302e-19
    outer loop
      vertex 4.04996 44.9146 5.8
      vertex 3.87151 44.6631 1.8
      vertex 3.87151 44.6631 5.8
    endloop
  endfacet
  facet normal -0.276913 0.960895 0
    outer loop
      vertex 5.58807 45.8811 1.8
      vertex 5.29173 45.7957 5.8
      vertex 5.58807 45.8811 5.8
    endloop
  endfacet
  facet normal -0.276913 0.960895 0
    outer loop
      vertex 5.29173 45.7957 5.8
      vertex 5.58807 45.8811 1.8
      vertex 5.29173 45.7957 1.8
    endloop
  endfacet
  facet normal -0.483784 -0.875188 0
    outer loop
      vertex 4.73691 40.8715 1.8
      vertex 5.00682 40.7223 5.8
      vertex 4.73691 40.8715 5.8
    endloop
  endfacet
  facet normal -0.483784 -0.875188 -0
    outer loop
      vertex 5.00682 40.7223 5.8
      vertex 4.73691 40.8715 1.8
      vertex 5.00682 40.7223 1.8
    endloop
  endfacet
  facet normal 0.875221 -0.483723 8.21281e-19
    outer loop
      vertex 8.52849 41.7369 5.8
      vertex 8.67766 42.0068 1.8
      vertex 8.67766 42.0068 5.8
    endloop
  endfacet
  facet normal 0.875221 -0.483723 8.21281e-19
    outer loop
      vertex 8.67766 42.0068 1.8
      vertex 8.52849 41.7369 5.8
      vertex 8.52849 41.7369 1.8
    endloop
  endfacet
  facet normal -0.382646 0.923895 0
    outer loop
      vertex 5.29173 45.7957 1.8
      vertex 5.00682 45.6777 5.8
      vertex 5.29173 45.7957 5.8
    endloop
  endfacet
  facet normal -0.382646 0.923895 0
    outer loop
      vertex 5.00682 45.6777 5.8
      vertex 5.29173 45.7957 1.8
      vertex 5.00682 45.6777 1.8
    endloop
  endfacet
  facet normal 0.66637 0.745621 -0
    outer loop
      vertex 8.14454 45.1445 1.8
      vertex 7.9146 45.35 5.8
      vertex 8.14454 45.1445 5.8
    endloop
  endfacet
  facet normal 0.66637 0.745621 0
    outer loop
      vertex 7.9146 45.35 5.8
      vertex 8.14454 45.1445 1.8
      vertex 7.9146 45.35 1.8
    endloop
  endfacet
  facet normal 0.578766 -0.815493 0
    outer loop
      vertex 7.66309 40.8715 1.8
      vertex 7.9146 41.05 5.8
      vertex 7.66309 40.8715 5.8
    endloop
  endfacet
  facet normal 0.578766 -0.815493 0
    outer loop
      vertex 7.9146 41.05 5.8
      vertex 7.66309 40.8715 1.8
      vertex 7.9146 41.05 1.8
    endloop
  endfacet
  facet normal 0.960936 0.276772 7.05355e-19
    outer loop
      vertex 8.88105 43.8119 5.8
      vertex 8.79568 44.1083 1.8
      vertex 8.79568 44.1083 5.8
    endloop
  endfacet
  facet normal 0.960936 0.276772 7.05355e-19
    outer loop
      vertex 8.79568 44.1083 1.8
      vertex 8.88105 43.8119 5.8
      vertex 8.88105 43.8119 1.8
    endloop
  endfacet
  facet normal 0.66637 -0.745621 0
    outer loop
      vertex 7.9146 41.05 1.8
      vertex 8.14454 41.2555 5.8
      vertex 7.9146 41.05 5.8
    endloop
  endfacet
  facet normal 0.66637 -0.745621 0
    outer loop
      vertex 8.14454 41.2555 5.8
      vertex 7.9146 41.05 1.8
      vertex 8.14454 41.2555 1.8
    endloop
  endfacet
  facet normal 0.578766 0.815493 -0
    outer loop
      vertex 7.9146 45.35 1.8
      vertex 7.66309 45.5285 5.8
      vertex 7.9146 45.35 5.8
    endloop
  endfacet
  facet normal 0.578766 0.815493 0
    outer loop
      vertex 7.66309 45.5285 5.8
      vertex 7.9146 45.35 1.8
      vertex 7.66309 45.5285 1.8
    endloop
  endfacet
  facet normal 0.483784 0.875188 -0
    outer loop
      vertex 7.66309 45.5285 1.8
      vertex 7.39318 45.6777 5.8
      vertex 7.66309 45.5285 5.8
    endloop
  endfacet
  facet normal 0.483784 0.875188 0
    outer loop
      vertex 7.39318 45.6777 5.8
      vertex 7.66309 45.5285 1.8
      vertex 7.39318 45.6777 1.8
    endloop
  endfacet
  facet normal 0.745564 -0.666435 4.50559e-19
    outer loop
      vertex 8.14454 41.2555 5.8
      vertex 8.35004 41.4854 1.8
      vertex 8.35004 41.4854 5.8
    endloop
  endfacet
  facet normal 0.745564 -0.666435 4.50559e-19
    outer loop
      vertex 8.35004 41.4854 1.8
      vertex 8.14454 41.2555 5.8
      vertex 8.14454 41.2555 1.8
    endloop
  endfacet
  facet normal 0.167327 -0.985901 0
    outer loop
      vertex 6.5079 40.4673 1.8
      vertex 6.81193 40.5189 5.8
      vertex 6.5079 40.4673 5.8
    endloop
  endfacet
  facet normal 0.167327 -0.985901 0
    outer loop
      vertex 6.81193 40.5189 5.8
      vertex 6.5079 40.4673 1.8
      vertex 6.81193 40.5189 1.8
    endloop
  endfacet
  facet normal 0.0560986 -0.998425 0
    outer loop
      vertex 6.2 40.45 1.8
      vertex 6.5079 40.4673 5.8
      vertex 6.2 40.45 5.8
    endloop
  endfacet
  facet normal 0.0560986 -0.998425 0
    outer loop
      vertex 6.5079 40.4673 5.8
      vertex 6.2 40.45 1.8
      vertex 6.5079 40.4673 1.8
    endloop
  endfacet
  facet normal 0.815559 0.578674 -7.5302e-19
    outer loop
      vertex 8.52849 44.6631 5.8
      vertex 8.35004 44.9146 1.8
      vertex 8.35004 44.9146 5.8
    endloop
  endfacet
  facet normal 0.815559 0.578674 -7.5302e-19
    outer loop
      vertex 8.35004 44.9146 1.8
      vertex 8.52849 44.6631 5.8
      vertex 8.52849 44.6631 1.8
    endloop
  endfacet
  facet normal 0.745564 0.666435 -4.50559e-19
    outer loop
      vertex 8.35004 44.9146 5.8
      vertex 8.14454 45.1445 1.8
      vertex 8.14454 45.1445 5.8
    endloop
  endfacet
  facet normal 0.745564 0.666435 -4.50559e-19
    outer loop
      vertex 8.14454 45.1445 1.8
      vertex 8.35004 44.9146 5.8
      vertex 8.35004 44.9146 1.8
    endloop
  endfacet
  facet normal 0.382646 -0.923895 0
    outer loop
      vertex 7.10827 40.6043 1.8
      vertex 7.39318 40.7223 5.8
      vertex 7.10827 40.6043 5.8
    endloop
  endfacet
  facet normal 0.382646 -0.923895 0
    outer loop
      vertex 7.39318 40.7223 5.8
      vertex 7.10827 40.6043 1.8
      vertex 7.39318 40.7223 1.8
    endloop
  endfacet
  facet normal -0.483784 0.875188 0
    outer loop
      vertex 5.00682 45.6777 1.8
      vertex 4.73691 45.5285 5.8
      vertex 5.00682 45.6777 5.8
    endloop
  endfacet
  facet normal -0.483784 0.875188 0
    outer loop
      vertex 4.73691 45.5285 5.8
      vertex 5.00682 45.6777 1.8
      vertex 4.73691 45.5285 1.8
    endloop
  endfacet
  facet normal 0.167327 0.985901 -0
    outer loop
      vertex 6.81193 45.8811 1.8
      vertex 6.5079 45.9327 5.8
      vertex 6.81193 45.8811 5.8
    endloop
  endfacet
  facet normal 0.167327 0.985901 0
    outer loop
      vertex 6.5079 45.9327 5.8
      vertex 6.81193 45.8811 1.8
      vertex 6.5079 45.9327 1.8
    endloop
  endfacet
  facet normal -0.985867 -0.167532 -8.95349e-19
    outer loop
      vertex 3.51895 42.5881 1.8
      vertex 3.46729 42.8921 5.8
      vertex 3.46729 42.8921 1.8
    endloop
  endfacet
  facet normal -0.985867 -0.167532 -8.95349e-19
    outer loop
      vertex 3.46729 42.8921 5.8
      vertex 3.51895 42.5881 1.8
      vertex 3.51895 42.5881 5.8
    endloop
  endfacet
  facet normal -0.167327 -0.985901 0
    outer loop
      vertex 5.58807 40.5189 1.8
      vertex 5.8921 40.4673 5.8
      vertex 5.58807 40.5189 5.8
    endloop
  endfacet
  facet normal -0.167327 -0.985901 -0
    outer loop
      vertex 5.8921 40.4673 5.8
      vertex 5.58807 40.5189 1.8
      vertex 5.8921 40.4673 1.8
    endloop
  endfacet
  facet normal 0.382646 0.923895 -0
    outer loop
      vertex 7.39318 45.6777 1.8
      vertex 7.10827 45.7957 5.8
      vertex 7.39318 45.6777 5.8
    endloop
  endfacet
  facet normal 0.382646 0.923895 0
    outer loop
      vertex 7.10827 45.7957 5.8
      vertex 7.39318 45.6777 1.8
      vertex 7.10827 45.7957 1.8
    endloop
  endfacet
  facet normal 0.998427 -0.0560663 -2.36912e-19
    outer loop
      vertex 8.93271 42.8921 5.8
      vertex 8.95 43.2 1.8
      vertex 8.95 43.2 5.8
    endloop
  endfacet
  facet normal 0.998427 -0.0560663 -2.36912e-19
    outer loop
      vertex 8.95 43.2 1.8
      vertex 8.93271 42.8921 5.8
      vertex 8.93271 42.8921 1.8
    endloop
  endfacet
  facet normal -0.923867 -0.382713 -2.80203e-19
    outer loop
      vertex 3.72234 42.0068 1.8
      vertex 3.60432 42.2917 5.8
      vertex 3.60432 42.2917 1.8
    endloop
  endfacet
  facet normal -0.923867 -0.382713 -2.80203e-19
    outer loop
      vertex 3.60432 42.2917 5.8
      vertex 3.72234 42.0068 1.8
      vertex 3.72234 42.0068 5.8
    endloop
  endfacet
  facet normal 0 0 1
    outer loop
      vertex 7.45 43.2 5.8
      vertex 8.95 43.2 5.8
      vertex 8.93271 43.5079 5.8
    endloop
  endfacet
  facet normal 0 0 1
    outer loop
      vertex 7.44214 43.34 5.8
      vertex 8.93271 43.5079 5.8
      vertex 8.88105 43.8119 5.8
    endloop
  endfacet
  facet normal 0 0 1
    outer loop
      vertex 8.95 43.2 5.8
      vertex 7.45 43.2 5.8
      vertex 8.93271 42.8921 5.8
    endloop
  endfacet
  facet normal 0 0 1
    outer loop
      vertex 7.41866 43.4781 5.8
      vertex 8.88105 43.8119 5.8
      vertex 8.79568 44.1083 5.8
    endloop
  endfacet
  facet normal -0 0 1
    outer loop
      vertex 7.44214 43.06 5.8
      vertex 8.93271 42.8921 5.8
      vertex 7.45 43.2 5.8
    endloop
  endfacet
  facet normal 0 0 1
    outer loop
      vertex 7.37985 43.6129 5.8
      vertex 8.79568 44.1083 5.8
      vertex 8.67766 44.3932 5.8
    endloop
  endfacet
  facet normal 0 0 1
    outer loop
      vertex 8.93271 42.8921 5.8
      vertex 7.44214 43.06 5.8
      vertex 8.88105 42.5881 5.8
    endloop
  endfacet
  facet normal 0 0 1
    outer loop
      vertex 7.32621 43.7424 5.8
      vertex 8.67766 44.3932 5.8
      vertex 8.52849 44.6631 5.8
    endloop
  endfacet
  facet normal -0 0 1
    outer loop
      vertex 7.41866 42.9218 5.8
      vertex 8.88105 42.5881 5.8
      vertex 7.44214 43.06 5.8
    endloop
  endfacet
  facet normal 0 0 1
    outer loop
      vertex 7.2584 43.865 5.8
      vertex 8.52849 44.6631 5.8
      vertex 8.35004 44.9146 5.8
    endloop
  endfacet
  facet normal 0 0 1
    outer loop
      vertex 8.88105 42.5881 5.8
      vertex 7.41866 42.9218 5.8
      vertex 8.79568 42.2917 5.8
    endloop
  endfacet
  facet normal 0 0 1
    outer loop
      vertex 7.17729 43.9794 5.8
      vertex 8.35004 44.9146 5.8
      vertex 8.14454 45.1445 5.8
    endloop
  endfacet
  facet normal -0 0 1
    outer loop
      vertex 7.37985 42.7872 5.8
      vertex 8.79568 42.2917 5.8
      vertex 7.41866 42.9218 5.8
    endloop
  endfacet
  facet normal 0 0 1
    outer loop
      vertex 7.08388 44.0839 5.8
      vertex 8.14454 45.1445 5.8
      vertex 7.9146 45.35 5.8
    endloop
  endfacet
  facet normal 0 0 1
    outer loop
      vertex 8.79568 42.2917 5.8
      vertex 7.37985 42.7872 5.8
      vertex 8.67766 42.0068 5.8
    endloop
  endfacet
  facet normal 0 0 1
    outer loop
      vertex 6.97936 44.1773 5.8
      vertex 7.9146 45.35 5.8
      vertex 7.66309 45.5285 5.8
    endloop
  endfacet
  facet normal -0 0 1
    outer loop
      vertex 7.32621 42.6576 5.8
      vertex 8.67766 42.0068 5.8
      vertex 7.37985 42.7872 5.8
    endloop
  endfacet
  facet normal 0 0 1
    outer loop
      vertex 8.67766 42.0068 5.8
      vertex 7.32621 42.6576 5.8
      vertex 8.52849 41.7369 5.8
    endloop
  endfacet
  facet normal 0 0 1
    outer loop
      vertex 8.93271 43.5079 5.8
      vertex 7.44214 43.34 5.8
      vertex 7.45 43.2 5.8
    endloop
  endfacet
  facet normal 0 0 1
    outer loop
      vertex 8.88105 43.8119 5.8
      vertex 7.41866 43.4781 5.8
      vertex 7.44214 43.34 5.8
    endloop
  endfacet
  facet normal 0 0 1
    outer loop
      vertex 6.86504 44.2584 5.8
      vertex 7.66309 45.5285 5.8
      vertex 7.39318 45.6777 5.8
    endloop
  endfacet
  facet normal 0 0 1
    outer loop
      vertex 8.79568 44.1083 5.8
      vertex 7.37985 43.6129 5.8
      vertex 7.41866 43.4781 5.8
    endloop
  endfacet
  facet normal 0 0 1
    outer loop
      vertex 8.67766 44.3932 5.8
      vertex 7.32621 43.7424 5.8
      vertex 7.37985 43.6129 5.8
    endloop
  endfacet
  facet normal 0 0 1
    outer loop
      vertex 8.52849 44.6631 5.8
      vertex 7.2584 43.865 5.8
      vertex 7.32621 43.7424 5.8
    endloop
  endfacet
  facet normal 0 0 1
    outer loop
      vertex 8.35004 44.9146 5.8
      vertex 7.17729 43.9794 5.8
      vertex 7.2584 43.865 5.8
    endloop
  endfacet
  facet normal 0 0 1
    outer loop
      vertex 6.74235 44.3262 5.8
      vertex 7.39318 45.6777 5.8
      vertex 7.10827 45.7957 5.8
    endloop
  endfacet
  facet normal 0 0 1
    outer loop
      vertex 8.14454 45.1445 5.8
      vertex 7.08388 44.0839 5.8
      vertex 7.17729 43.9794 5.8
    endloop
  endfacet
  facet normal 0 0 1
    outer loop
      vertex 7.9146 45.35 5.8
      vertex 6.97936 44.1773 5.8
      vertex 7.08388 44.0839 5.8
    endloop
  endfacet
  facet normal 0 0 1
    outer loop
      vertex 7.66309 45.5285 5.8
      vertex 6.86504 44.2584 5.8
      vertex 6.97936 44.1773 5.8
    endloop
  endfacet
  facet normal 0 0 1
    outer loop
      vertex 6.61285 44.3799 5.8
      vertex 7.10827 45.7957 5.8
      vertex 6.81193 45.8811 5.8
    endloop
  endfacet
  facet normal 0 0 1
    outer loop
      vertex 7.39318 45.6777 5.8
      vertex 6.74235 44.3262 5.8
      vertex 6.86504 44.2584 5.8
    endloop
  endfacet
  facet normal 0 0 1
    outer loop
      vertex 7.10827 45.7957 5.8
      vertex 6.61285 44.3799 5.8
      vertex 6.74235 44.3262 5.8
    endloop
  endfacet
  facet normal 0 0 1
    outer loop
      vertex 6.47815 44.4187 5.8
      vertex 6.81193 45.8811 5.8
      vertex 6.5079 45.9327 5.8
    endloop
  endfacet
  facet normal 0 0 1
    outer loop
      vertex 6.81193 45.8811 5.8
      vertex 6.47815 44.4187 5.8
      vertex 6.61285 44.3799 5.8
    endloop
  endfacet
  facet normal 0 0 1
    outer loop
      vertex 6.5079 45.9327 5.8
      vertex 6.33996 44.4421 5.8
      vertex 6.47815 44.4187 5.8
    endloop
  endfacet
  facet normal 0 0 1
    outer loop
      vertex 6.2 45.95 5.8
      vertex 6.33996 44.4421 5.8
      vertex 6.5079 45.9327 5.8
    endloop
  endfacet
  facet normal 0 0 1
    outer loop
      vertex 6.2 45.95 5.8
      vertex 6.2 44.45 5.8
      vertex 6.33996 44.4421 5.8
    endloop
  endfacet
  facet normal 0 0 1
    outer loop
      vertex 6.2 45.95 5.8
      vertex 6.06004 44.4421 5.8
      vertex 6.2 44.45 5.8
    endloop
  endfacet
  facet normal -0 0 1
    outer loop
      vertex 5.8921 45.9327 5.8
      vertex 6.06004 44.4421 5.8
      vertex 6.2 45.95 5.8
    endloop
  endfacet
  facet normal 0 0 1
    outer loop
      vertex 6.06004 44.4421 5.8
      vertex 5.8921 45.9327 5.8
      vertex 5.92185 44.4187 5.8
    endloop
  endfacet
  facet normal -0 0 1
    outer loop
      vertex 5.58807 45.8811 5.8
      vertex 5.92185 44.4187 5.8
      vertex 5.8921 45.9327 5.8
    endloop
  endfacet
  facet normal 0 0 1
    outer loop
      vertex 5.92185 44.4187 5.8
      vertex 5.58807 45.8811 5.8
      vertex 5.78715 44.3799 5.8
    endloop
  endfacet
  facet normal -0 0 1
    outer loop
      vertex 5.29173 45.7957 5.8
      vertex 5.78715 44.3799 5.8
      vertex 5.58807 45.8811 5.8
    endloop
  endfacet
  facet normal 0 0 1
    outer loop
      vertex 5.78715 44.3799 5.8
      vertex 5.29173 45.7957 5.8
      vertex 5.65765 44.3262 5.8
    endloop
  endfacet
  facet normal -0 0 1
    outer loop
      vertex 5.00682 45.6777 5.8
      vertex 5.65765 44.3262 5.8
      vertex 5.29173 45.7957 5.8
    endloop
  endfacet
  facet normal 0 0 1
    outer loop
      vertex 5.65765 44.3262 5.8
      vertex 5.00682 45.6777 5.8
      vertex 5.53496 44.2584 5.8
    endloop
  endfacet
  facet normal -0 0 1
    outer loop
      vertex 4.73691 45.5285 5.8
      vertex 5.53496 44.2584 5.8
      vertex 5.00682 45.6777 5.8
    endloop
  endfacet
  facet normal 0 0 1
    outer loop
      vertex 5.53496 44.2584 5.8
      vertex 4.73691 45.5285 5.8
      vertex 5.42064 44.1773 5.8
    endloop
  endfacet
  facet normal -0 0 1
    outer loop
      vertex 4.4854 45.35 5.8
      vertex 5.42064 44.1773 5.8
      vertex 4.73691 45.5285 5.8
    endloop
  endfacet
  facet normal 0 0 1
    outer loop
      vertex 5.42064 44.1773 5.8
      vertex 4.4854 45.35 5.8
      vertex 5.31612 44.0839 5.8
    endloop
  endfacet
  facet normal -0 0 1
    outer loop
      vertex 4.25546 45.1445 5.8
      vertex 5.31612 44.0839 5.8
      vertex 4.4854 45.35 5.8
    endloop
  endfacet
  facet normal 0 0 1
    outer loop
      vertex 5.31612 44.0839 5.8
      vertex 4.25546 45.1445 5.8
      vertex 5.22271 43.9794 5.8
    endloop
  endfacet
  facet normal -0 0 1
    outer loop
      vertex 4.04996 44.9146 5.8
      vertex 5.22271 43.9794 5.8
      vertex 4.25546 45.1445 5.8
    endloop
  endfacet
  facet normal 0 0 1
    outer loop
      vertex 5.22271 43.9794 5.8
      vertex 4.04996 44.9146 5.8
      vertex 5.14159 43.865 5.8
    endloop
  endfacet
  facet normal -0 0 1
    outer loop
      vertex 3.87151 44.6631 5.8
      vertex 5.14159 43.865 5.8
      vertex 4.04996 44.9146 5.8
    endloop
  endfacet
  facet normal 0 0 1
    outer loop
      vertex 5.14159 43.865 5.8
      vertex 3.87151 44.6631 5.8
      vertex 5.07379 43.7424 5.8
    endloop
  endfacet
  facet normal -0 0 1
    outer loop
      vertex 7.2584 42.535 5.8
      vertex 8.52849 41.7369 5.8
      vertex 7.32621 42.6576 5.8
    endloop
  endfacet
  facet normal 0 0 1
    outer loop
      vertex 8.52849 41.7369 5.8
      vertex 7.2584 42.535 5.8
      vertex 8.35004 41.4854 5.8
    endloop
  endfacet
  facet normal -0 0 1
    outer loop
      vertex 7.17729 42.4206 5.8
      vertex 8.35004 41.4854 5.8
      vertex 7.2584 42.535 5.8
    endloop
  endfacet
  facet normal 0 0 1
    outer loop
      vertex 8.35004 41.4854 5.8
      vertex 7.17729 42.4206 5.8
      vertex 8.14454 41.2555 5.8
    endloop
  endfacet
  facet normal -0 0 1
    outer loop
      vertex 7.08388 42.3161 5.8
      vertex 8.14454 41.2555 5.8
      vertex 7.17729 42.4206 5.8
    endloop
  endfacet
  facet normal 0 0 1
    outer loop
      vertex 8.14454 41.2555 5.8
      vertex 7.08388 42.3161 5.8
      vertex 7.9146 41.05 5.8
    endloop
  endfacet
  facet normal -0 0 1
    outer loop
      vertex 6.97936 42.2227 5.8
      vertex 7.9146 41.05 5.8
      vertex 7.08388 42.3161 5.8
    endloop
  endfacet
  facet normal 0 0 1
    outer loop
      vertex 7.9146 41.05 5.8
      vertex 6.97936 42.2227 5.8
      vertex 7.66309 40.8715 5.8
    endloop
  endfacet
  facet normal -0 0 1
    outer loop
      vertex 6.86504 42.1416 5.8
      vertex 7.66309 40.8715 5.8
      vertex 6.97936 42.2227 5.8
    endloop
  endfacet
  facet normal 0 0 1
    outer loop
      vertex 7.66309 40.8715 5.8
      vertex 6.86504 42.1416 5.8
      vertex 7.39318 40.7223 5.8
    endloop
  endfacet
  facet normal -0 0 1
    outer loop
      vertex 6.74235 42.0738 5.8
      vertex 7.39318 40.7223 5.8
      vertex 6.86504 42.1416 5.8
    endloop
  endfacet
  facet normal 0 0 1
    outer loop
      vertex 7.39318 40.7223 5.8
      vertex 6.74235 42.0738 5.8
      vertex 7.10827 40.6043 5.8
    endloop
  endfacet
  facet normal -0 0 1
    outer loop
      vertex 6.61285 42.0201 5.8
      vertex 7.10827 40.6043 5.8
      vertex 6.74235 42.0738 5.8
    endloop
  endfacet
  facet normal 0 0 1
    outer loop
      vertex 7.10827 40.6043 5.8
      vertex 6.61285 42.0201 5.8
      vertex 6.81193 40.5189 5.8
    endloop
  endfacet
  facet normal -0 0 1
    outer loop
      vertex 6.47815 41.9813 5.8
      vertex 6.81193 40.5189 5.8
      vertex 6.61285 42.0201 5.8
    endloop
  endfacet
  facet normal 0 0 1
    outer loop
      vertex 6.81193 40.5189 5.8
      vertex 6.47815 41.9813 5.8
      vertex 6.5079 40.4673 5.8
    endloop
  endfacet
  facet normal -0 0 1
    outer loop
      vertex 6.33996 41.9579 5.8
      vertex 6.5079 40.4673 5.8
      vertex 6.47815 41.9813 5.8
    endloop
  endfacet
  facet normal -0 0 1
    outer loop
      vertex 6.2 41.95 5.8
      vertex 6.5079 40.4673 5.8
      vertex 6.33996 41.9579 5.8
    endloop
  endfacet
  facet normal 0 0 1
    outer loop
      vertex 6.2 41.95 5.8
      vertex 6.2 40.45 5.8
      vertex 6.5079 40.4673 5.8
    endloop
  endfacet
  facet normal 0 0 1
    outer loop
      vertex 6.06004 41.9579 5.8
      vertex 6.2 40.45 5.8
      vertex 6.2 41.95 5.8
    endloop
  endfacet
  facet normal 0 0 1
    outer loop
      vertex 5.8921 40.4673 5.8
      vertex 6.06004 41.9579 5.8
      vertex 5.92185 41.9813 5.8
    endloop
  endfacet
  facet normal 0 0 1
    outer loop
      vertex 6.06004 41.9579 5.8
      vertex 5.8921 40.4673 5.8
      vertex 6.2 40.45 5.8
    endloop
  endfacet
  facet normal 0 0 1
    outer loop
      vertex 5.58807 40.5189 5.8
      vertex 5.92185 41.9813 5.8
      vertex 5.78715 42.0201 5.8
    endloop
  endfacet
  facet normal 0 0 1
    outer loop
      vertex 5.29173 40.6043 5.8
      vertex 5.78715 42.0201 5.8
      vertex 5.65765 42.0738 5.8
    endloop
  endfacet
  facet normal 0 0 1
    outer loop
      vertex 5.92185 41.9813 5.8
      vertex 5.58807 40.5189 5.8
      vertex 5.8921 40.4673 5.8
    endloop
  endfacet
  facet normal 0 0 1
    outer loop
      vertex 5.00682 40.7223 5.8
      vertex 5.65765 42.0738 5.8
      vertex 5.53496 42.1416 5.8
    endloop
  endfacet
  facet normal 0 0 1
    outer loop
      vertex 4.73691 40.8715 5.8
      vertex 5.53496 42.1416 5.8
      vertex 5.42064 42.2227 5.8
    endloop
  endfacet
  facet normal 0 0 1
    outer loop
      vertex 4.4854 41.05 5.8
      vertex 5.42064 42.2227 5.8
      vertex 5.31612 42.3161 5.8
    endloop
  endfacet
  facet normal 0 0 1
    outer loop
      vertex 5.78715 42.0201 5.8
      vertex 5.29173 40.6043 5.8
      vertex 5.58807 40.5189 5.8
    endloop
  endfacet
  facet normal 0 0 1
    outer loop
      vertex 4.25546 41.2555 5.8
      vertex 5.31612 42.3161 5.8
      vertex 5.22271 42.4206 5.8
    endloop
  endfacet
  facet normal 0 0 1
    outer loop
      vertex 4.04996 41.4854 5.8
      vertex 5.22271 42.4206 5.8
      vertex 5.14159 42.535 5.8
    endloop
  endfacet
  facet normal 0 0 1
    outer loop
      vertex 3.87151 41.7369 5.8
      vertex 5.14159 42.535 5.8
      vertex 5.07379 42.6576 5.8
    endloop
  endfacet
  facet normal 0 0 1
    outer loop
      vertex 3.72234 42.0068 5.8
      vertex 5.07379 42.6576 5.8
      vertex 5.02015 42.7872 5.8
    endloop
  endfacet
  facet normal 0 0 1
    outer loop
      vertex 5.65765 42.0738 5.8
      vertex 5.00682 40.7223 5.8
      vertex 5.29173 40.6043 5.8
    endloop
  endfacet
  facet normal 0 0 1
    outer loop
      vertex 3.60432 42.2917 5.8
      vertex 5.02015 42.7872 5.8
      vertex 4.98134 42.9218 5.8
    endloop
  endfacet
  facet normal 0 0 1
    outer loop
      vertex 3.51895 42.5881 5.8
      vertex 4.98134 42.9218 5.8
      vertex 4.95786 43.06 5.8
    endloop
  endfacet
  facet normal 0 0 1
    outer loop
      vertex 3.46729 42.8921 5.8
      vertex 4.95786 43.06 5.8
      vertex 4.95 43.2 5.8
    endloop
  endfacet
  facet normal -0 0 1
    outer loop
      vertex 3.72234 44.3932 5.8
      vertex 5.07379 43.7424 5.8
      vertex 3.87151 44.6631 5.8
    endloop
  endfacet
  facet normal 0 0 1
    outer loop
      vertex 5.53496 42.1416 5.8
      vertex 4.73691 40.8715 5.8
      vertex 5.00682 40.7223 5.8
    endloop
  endfacet
  facet normal 0 0 1
    outer loop
      vertex 5.07379 43.7424 5.8
      vertex 3.72234 44.3932 5.8
      vertex 5.02015 43.6129 5.8
    endloop
  endfacet
  facet normal 0 0 1
    outer loop
      vertex 5.42064 42.2227 5.8
      vertex 4.4854 41.05 5.8
      vertex 4.73691 40.8715 5.8
    endloop
  endfacet
  facet normal -0 0 1
    outer loop
      vertex 3.60432 44.1083 5.8
      vertex 5.02015 43.6129 5.8
      vertex 3.72234 44.3932 5.8
    endloop
  endfacet
  facet normal 0 0 1
    outer loop
      vertex 5.31612 42.3161 5.8
      vertex 4.25546 41.2555 5.8
      vertex 4.4854 41.05 5.8
    endloop
  endfacet
  facet normal 0 0 1
    outer loop
      vertex 5.02015 43.6129 5.8
      vertex 3.60432 44.1083 5.8
      vertex 4.98134 43.4781 5.8
    endloop
  endfacet
  facet normal 0 0 1
    outer loop
      vertex 5.22271 42.4206 5.8
      vertex 4.04996 41.4854 5.8
      vertex 4.25546 41.2555 5.8
    endloop
  endfacet
  facet normal -0 0 1
    outer loop
      vertex 3.51895 43.8119 5.8
      vertex 4.98134 43.4781 5.8
      vertex 3.60432 44.1083 5.8
    endloop
  endfacet
  facet normal 0 0 1
    outer loop
      vertex 5.14159 42.535 5.8
      vertex 3.87151 41.7369 5.8
      vertex 4.04996 41.4854 5.8
    endloop
  endfacet
  facet normal 0 0 1
    outer loop
      vertex 4.98134 43.4781 5.8
      vertex 3.51895 43.8119 5.8
      vertex 4.95786 43.34 5.8
    endloop
  endfacet
  facet normal 0 0 1
    outer loop
      vertex 5.07379 42.6576 5.8
      vertex 3.72234 42.0068 5.8
      vertex 3.87151 41.7369 5.8
    endloop
  endfacet
  facet normal -0 0 1
    outer loop
      vertex 3.46729 43.5079 5.8
      vertex 4.95786 43.34 5.8
      vertex 3.51895 43.8119 5.8
    endloop
  endfacet
  facet normal 0 0 1
    outer loop
      vertex 5.02015 42.7872 5.8
      vertex 3.60432 42.2917 5.8
      vertex 3.72234 42.0068 5.8
    endloop
  endfacet
  facet normal 0 0 1
    outer loop
      vertex 4.95786 43.34 5.8
      vertex 3.46729 43.5079 5.8
      vertex 4.95 43.2 5.8
    endloop
  endfacet
  facet normal 0 0 1
    outer loop
      vertex 4.98134 42.9218 5.8
      vertex 3.51895 42.5881 5.8
      vertex 3.60432 42.2917 5.8
    endloop
  endfacet
  facet normal 0 0 1
    outer loop
      vertex 3.45 43.2 5.8
      vertex 4.95 43.2 5.8
      vertex 3.46729 43.5079 5.8
    endloop
  endfacet
  facet normal 0 0 1
    outer loop
      vertex 4.95786 43.06 5.8
      vertex 3.46729 42.8921 5.8
      vertex 3.51895 42.5881 5.8
    endloop
  endfacet
  facet normal 0 0 1
    outer loop
      vertex 4.95 43.2 5.8
      vertex 3.45 43.2 5.8
      vertex 3.46729 42.8921 5.8
    endloop
  endfacet
  facet normal 0.875221 0.483723 -8.21281e-19
    outer loop
      vertex 8.67766 44.3932 5.8
      vertex 8.52849 44.6631 1.8
      vertex 8.52849 44.6631 5.8
    endloop
  endfacet
  facet normal 0.875221 0.483723 -8.21281e-19
    outer loop
      vertex 8.52849 44.6631 1.8
      vertex 8.67766 44.3932 5.8
      vertex 8.67766 44.3932 1.8
    endloop
  endfacet
  facet normal -0.960936 -0.276772 1.0473e-18
    outer loop
      vertex 3.60432 42.2917 1.8
      vertex 3.51895 42.5881 5.8
      vertex 3.51895 42.5881 1.8
    endloop
  endfacet
  facet normal -0.960936 -0.276772 1.0473e-18
    outer loop
      vertex 3.51895 42.5881 5.8
      vertex 3.60432 42.2917 1.8
      vertex 3.60432 42.2917 5.8
    endloop
  endfacet
  facet normal -0.815559 -0.578674 -7.5302e-19
    outer loop
      vertex 4.04996 41.4854 1.8
      vertex 3.87151 41.7369 5.8
      vertex 3.87151 41.7369 1.8
    endloop
  endfacet
  facet normal -0.815559 -0.578674 -7.5302e-19
    outer loop
      vertex 3.87151 41.7369 5.8
      vertex 4.04996 41.4854 1.8
      vertex 4.04996 41.4854 5.8
    endloop
  endfacet
  facet normal -0.875221 -0.483723 -8.21281e-19
    outer loop
      vertex 3.87151 41.7369 1.8
      vertex 3.72234 42.0068 5.8
      vertex 3.72234 42.0068 1.8
    endloop
  endfacet
  facet normal -0.875221 -0.483723 -8.21281e-19
    outer loop
      vertex 3.72234 42.0068 5.8
      vertex 3.87151 41.7369 1.8
      vertex 3.87151 41.7369 5.8
    endloop
  endfacet
  facet normal -0.745564 0.666435 4.50559e-19
    outer loop
      vertex 4.04996 44.9146 1.8
      vertex 4.25546 45.1445 5.8
      vertex 4.25546 45.1445 1.8
    endloop
  endfacet
  facet normal -0.745564 0.666435 4.50559e-19
    outer loop
      vertex 4.25546 45.1445 5.8
      vertex 4.04996 44.9146 1.8
      vertex 4.04996 44.9146 5.8
    endloop
  endfacet
  facet normal 0.483784 -0.875188 0
    outer loop
      vertex 7.39318 40.7223 1.8
      vertex 7.66309 40.8715 5.8
      vertex 7.39318 40.7223 5.8
    endloop
  endfacet
  facet normal 0.483784 -0.875188 0
    outer loop
      vertex 7.66309 40.8715 5.8
      vertex 7.39318 40.7223 1.8
      vertex 7.66309 40.8715 1.8
    endloop
  endfacet
  facet normal 0.276913 0.960895 -0
    outer loop
      vertex 7.10827 45.7957 1.8
      vertex 6.81193 45.8811 5.8
      vertex 7.10827 45.7957 5.8
    endloop
  endfacet
  facet normal 0.276913 0.960895 0
    outer loop
      vertex 6.81193 45.8811 5.8
      vertex 7.10827 45.7957 1.8
      vertex 6.81193 45.8811 1.8
    endloop
  endfacet
  facet normal -0.276913 -0.960895 0
    outer loop
      vertex 5.29173 40.6043 1.8
      vertex 5.58807 40.5189 5.8
      vertex 5.29173 40.6043 5.8
    endloop
  endfacet
  facet normal -0.276913 -0.960895 -0
    outer loop
      vertex 5.58807 40.5189 5.8
      vertex 5.29173 40.6043 1.8
      vertex 5.58807 40.5189 1.8
    endloop
  endfacet
  facet normal 0.923867 -0.382713 -1.40289e-18
    outer loop
      vertex 8.67766 42.0068 5.8
      vertex 8.79568 42.2917 1.8
      vertex 8.79568 42.2917 5.8
    endloop
  endfacet
  facet normal 0.923867 -0.382713 -1.40289e-18
    outer loop
      vertex 8.79568 42.2917 1.8
      vertex 8.67766 42.0068 5.8
      vertex 8.67766 42.0068 1.8
    endloop
  endfacet
  facet normal 0.960936 -0.276772 -7.05355e-19
    outer loop
      vertex 8.79568 42.2917 5.8
      vertex 8.88105 42.5881 1.8
      vertex 8.88105 42.5881 5.8
    endloop
  endfacet
  facet normal 0.960936 -0.276772 -7.05355e-19
    outer loop
      vertex 8.88105 42.5881 1.8
      vertex 8.79568 42.2917 5.8
      vertex 8.79568 42.2917 1.8
    endloop
  endfacet
  facet normal 0.276913 -0.960895 0
    outer loop
      vertex 6.81193 40.5189 1.8
      vertex 7.10827 40.6043 5.8
      vertex 6.81193 40.5189 5.8
    endloop
  endfacet
  facet normal 0.276913 -0.960895 0
    outer loop
      vertex 7.10827 40.6043 5.8
      vertex 6.81193 40.5189 1.8
      vertex 7.10827 40.6043 1.8
    endloop
  endfacet
  facet normal 0.815559 -0.578674 7.5302e-19
    outer loop
      vertex 8.35004 41.4854 5.8
      vertex 8.52849 41.7369 1.8
      vertex 8.52849 41.7369 5.8
    endloop
  endfacet
  facet normal 0.815559 -0.578674 7.5302e-19
    outer loop
      vertex 8.52849 41.7369 1.8
      vertex 8.35004 41.4854 5.8
      vertex 8.35004 41.4854 1.8
    endloop
  endfacet
  facet normal -0.985867 0.167532 8.95349e-19
    outer loop
      vertex 3.46729 43.5079 1.8
      vertex 3.51895 43.8119 5.8
      vertex 3.51895 43.8119 1.8
    endloop
  endfacet
  facet normal -0.985867 0.167532 8.95349e-19
    outer loop
      vertex 3.51895 43.8119 5.8
      vertex 3.46729 43.5079 1.8
      vertex 3.46729 43.5079 5.8
    endloop
  endfacet
  facet normal -0.167327 0.985901 0
    outer loop
      vertex 5.8921 45.9327 1.8
      vertex 5.58807 45.8811 5.8
      vertex 5.8921 45.9327 5.8
    endloop
  endfacet
  facet normal -0.167327 0.985901 0
    outer loop
      vertex 5.58807 45.8811 5.8
      vertex 5.8921 45.9327 1.8
      vertex 5.58807 45.8811 1.8
    endloop
  endfacet
  facet normal 0.923867 0.382713 1.40289e-18
    outer loop
      vertex 8.79568 44.1083 5.8
      vertex 8.67766 44.3932 1.8
      vertex 8.67766 44.3932 5.8
    endloop
  endfacet
  facet normal 0.923867 0.382713 1.40289e-18
    outer loop
      vertex 8.67766 44.3932 1.8
      vertex 8.79568 44.1083 5.8
      vertex 8.79568 44.1083 1.8
    endloop
  endfacet
  facet normal 0.985867 -0.167532 6.47819e-19
    outer loop
      vertex 8.88105 42.5881 5.8
      vertex 8.93271 42.8921 1.8
      vertex 8.93271 42.8921 5.8
    endloop
  endfacet
  facet normal 0.985867 -0.167532 6.47819e-19
    outer loop
      vertex 8.93271 42.8921 1.8
      vertex 8.88105 42.5881 5.8
      vertex 8.88105 42.5881 1.8
    endloop
  endfacet
  facet normal -0.0560986 -0.998425 0
    outer loop
      vertex 5.8921 40.4673 1.8
      vertex 6.2 40.45 5.8
      vertex 5.8921 40.4673 5.8
    endloop
  endfacet
  facet normal -0.0560986 -0.998425 -0
    outer loop
      vertex 6.2 40.45 5.8
      vertex 5.8921 40.4673 1.8
      vertex 6.2 40.45 1.8
    endloop
  endfacet
  facet normal -0.66637 0.745621 0
    outer loop
      vertex 4.4854 45.35 1.8
      vertex 4.25546 45.1445 5.8
      vertex 4.4854 45.35 5.8
    endloop
  endfacet
  facet normal -0.66637 0.745621 0
    outer loop
      vertex 4.25546 45.1445 5.8
      vertex 4.4854 45.35 1.8
      vertex 4.25546 45.1445 1.8
    endloop
  endfacet
  facet normal -0.875221 0.483723 8.21281e-19
    outer loop
      vertex 3.72234 44.3932 1.8
      vertex 3.87151 44.6631 5.8
      vertex 3.87151 44.6631 1.8
    endloop
  endfacet
  facet normal -0.875221 0.483723 8.21281e-19
    outer loop
      vertex 3.87151 44.6631 5.8
      vertex 3.72234 44.3932 1.8
      vertex 3.72234 44.3932 5.8
    endloop
  endfacet
  facet normal -0.0560986 0.998425 0
    outer loop
      vertex 6.2 45.95 1.8
      vertex 5.8921 45.9327 5.8
      vertex 6.2 45.95 5.8
    endloop
  endfacet
  facet normal -0.0560986 0.998425 0
    outer loop
      vertex 5.8921 45.9327 5.8
      vertex 6.2 45.95 1.8
      vertex 5.8921 45.9327 1.8
    endloop
  endfacet
  facet normal -0.998427 -0.0560663 3.32806e-20
    outer loop
      vertex 3.46729 42.8921 1.8
      vertex 3.45 43.2 5.8
      vertex 3.45 43.2 1.8
    endloop
  endfacet
  facet normal -0.998427 -0.0560663 3.32806e-20
    outer loop
      vertex 3.45 43.2 5.8
      vertex 3.46729 42.8921 1.8
      vertex 3.46729 42.8921 5.8
    endloop
  endfacet
  facet normal -0.745564 -0.666435 -4.50559e-19
    outer loop
      vertex 4.25546 41.2555 1.8
      vertex 4.04996 41.4854 5.8
      vertex 4.04996 41.4854 1.8
    endloop
  endfacet
  facet normal -0.745564 -0.666435 -4.50559e-19
    outer loop
      vertex 4.04996 41.4854 5.8
      vertex 4.25546 41.2555 1.8
      vertex 4.25546 41.2555 5.8
    endloop
  endfacet
  facet normal -0.578766 -0.815493 0
    outer loop
      vertex 4.4854 41.05 1.8
      vertex 4.73691 40.8715 5.8
      vertex 4.4854 41.05 5.8
    endloop
  endfacet
  facet normal -0.578766 -0.815493 -0
    outer loop
      vertex 4.73691 40.8715 5.8
      vertex 4.4854 41.05 1.8
      vertex 4.73691 40.8715 1.8
    endloop
  endfacet
  facet normal 0.0560986 0.998425 -0
    outer loop
      vertex 6.5079 45.9327 1.8
      vertex 6.2 45.95 5.8
      vertex 6.5079 45.9327 5.8
    endloop
  endfacet
  facet normal 0.0560986 0.998425 0
    outer loop
      vertex 6.2 45.95 5.8
      vertex 6.5079 45.9327 1.8
      vertex 6.2 45.95 1.8
    endloop
  endfacet
  facet normal -0.66637 -0.745621 0
    outer loop
      vertex 4.25546 41.2555 1.8
      vertex 4.4854 41.05 5.8
      vertex 4.25546 41.2555 5.8
    endloop
  endfacet
  facet normal -0.66637 -0.745621 -0
    outer loop
      vertex 4.4854 41.05 5.8
      vertex 4.25546 41.2555 1.8
      vertex 4.4854 41.05 1.8
    endloop
  endfacet
  facet normal -0.960936 0.276772 -1.0473e-18
    outer loop
      vertex 3.51895 43.8119 1.8
      vertex 3.60432 44.1083 5.8
      vertex 3.60432 44.1083 1.8
    endloop
  endfacet
  facet normal -0.960936 0.276772 -1.0473e-18
    outer loop
      vertex 3.60432 44.1083 5.8
      vertex 3.51895 43.8119 1.8
      vertex 3.51895 43.8119 5.8
    endloop
  endfacet
  facet normal -0.923867 0.382713 2.80203e-19
    outer loop
      vertex 3.60432 44.1083 1.8
      vertex 3.72234 44.3932 5.8
      vertex 3.72234 44.3932 1.8
    endloop
  endfacet
  facet normal -0.923867 0.382713 2.80203e-19
    outer loop
      vertex 3.72234 44.3932 5.8
      vertex 3.60432 44.1083 1.8
      vertex 3.60432 44.1083 5.8
    endloop
  endfacet
  facet normal -0.382646 -0.923895 0
    outer loop
      vertex 5.00682 40.7223 1.8
      vertex 5.29173 40.6043 5.8
      vertex 5.00682 40.7223 5.8
    endloop
  endfacet
  facet normal -0.382646 -0.923895 -0
    outer loop
      vertex 5.29173 40.6043 5.8
      vertex 5.00682 40.7223 1.8
      vertex 5.29173 40.6043 1.8
    endloop
  endfacet
  facet normal 0 0 -1
    outer loop
      vertex 7.45 43.2 1.8
      vertex 8.95 43.2 1.8
      vertex 8.93271 42.8921 1.8
    endloop
  endfacet
  facet normal 0 0 -1
    outer loop
      vertex 7.44214 43.06 1.8
      vertex 8.93271 42.8921 1.8
      vertex 8.88105 42.5881 1.8
    endloop
  endfacet
  facet normal 0 0 -1
    outer loop
      vertex 8.95 43.2 1.8
      vertex 7.45 43.2 1.8
      vertex 8.93271 43.5079 1.8
    endloop
  endfacet
  facet normal 0 0 -1
    outer loop
      vertex 7.41866 42.9218 1.8
      vertex 8.88105 42.5881 1.8
      vertex 8.79568 42.2917 1.8
    endloop
  endfacet
  facet normal 0 0 -1
    outer loop
      vertex 7.44214 43.34 1.8
      vertex 8.93271 43.5079 1.8
      vertex 7.45 43.2 1.8
    endloop
  endfacet
  facet normal 0 0 -1
    outer loop
      vertex 7.37985 42.7872 1.8
      vertex 8.79568 42.2917 1.8
      vertex 8.67766 42.0068 1.8
    endloop
  endfacet
  facet normal -0 0 -1
    outer loop
      vertex 8.93271 43.5079 1.8
      vertex 7.44214 43.34 1.8
      vertex 8.88105 43.8119 1.8
    endloop
  endfacet
  facet normal 0 0 -1
    outer loop
      vertex 7.32621 42.6576 1.8
      vertex 8.67766 42.0068 1.8
      vertex 8.52849 41.7369 1.8
    endloop
  endfacet
  facet normal 0 0 -1
    outer loop
      vertex 7.41866 43.4781 1.8
      vertex 8.88105 43.8119 1.8
      vertex 7.44214 43.34 1.8
    endloop
  endfacet
  facet normal 0 0 -1
    outer loop
      vertex 7.2584 42.535 1.8
      vertex 8.52849 41.7369 1.8
      vertex 8.35004 41.4854 1.8
    endloop
  endfacet
  facet normal -0 0 -1
    outer loop
      vertex 8.88105 43.8119 1.8
      vertex 7.41866 43.4781 1.8
      vertex 8.79568 44.1083 1.8
    endloop
  endfacet
  facet normal 0 0 -1
    outer loop
      vertex 7.17729 42.4206 1.8
      vertex 8.35004 41.4854 1.8
      vertex 8.14454 41.2555 1.8
    endloop
  endfacet
  facet normal 0 0 -1
    outer loop
      vertex 7.37985 43.6129 1.8
      vertex 8.79568 44.1083 1.8
      vertex 7.41866 43.4781 1.8
    endloop
  endfacet
  facet normal 0 0 -1
    outer loop
      vertex 7.08388 42.3161 1.8
      vertex 8.14454 41.2555 1.8
      vertex 7.9146 41.05 1.8
    endloop
  endfacet
  facet normal -0 0 -1
    outer loop
      vertex 8.79568 44.1083 1.8
      vertex 7.37985 43.6129 1.8
      vertex 8.67766 44.3932 1.8
    endloop
  endfacet
  facet normal 0 0 -1
    outer loop
      vertex 6.97936 42.2227 1.8
      vertex 7.9146 41.05 1.8
      vertex 7.66309 40.8715 1.8
    endloop
  endfacet
  facet normal 0 0 -1
    outer loop
      vertex 7.32621 43.7424 1.8
      vertex 8.67766 44.3932 1.8
      vertex 7.37985 43.6129 1.8
    endloop
  endfacet
  facet normal -0 0 -1
    outer loop
      vertex 8.67766 44.3932 1.8
      vertex 7.32621 43.7424 1.8
      vertex 8.52849 44.6631 1.8
    endloop
  endfacet
  facet normal 0 0 -1
    outer loop
      vertex 8.93271 42.8921 1.8
      vertex 7.44214 43.06 1.8
      vertex 7.45 43.2 1.8
    endloop
  endfacet
  facet normal 0 0 -1
    outer loop
      vertex 8.88105 42.5881 1.8
      vertex 7.41866 42.9218 1.8
      vertex 7.44214 43.06 1.8
    endloop
  endfacet
  facet normal 0 0 -1
    outer loop
      vertex 6.86504 42.1416 1.8
      vertex 7.66309 40.8715 1.8
      vertex 7.39318 40.7223 1.8
    endloop
  endfacet
  facet normal 0 0 -1
    outer loop
      vertex 8.79568 42.2917 1.8
      vertex 7.37985 42.7872 1.8
      vertex 7.41866 42.9218 1.8
    endloop
  endfacet
  facet normal 0 0 -1
    outer loop
      vertex 8.67766 42.0068 1.8
      vertex 7.32621 42.6576 1.8
      vertex 7.37985 42.7872 1.8
    endloop
  endfacet
  facet normal 0 0 -1
    outer loop
      vertex 8.52849 41.7369 1.8
      vertex 7.2584 42.535 1.8
      vertex 7.32621 42.6576 1.8
    endloop
  endfacet
  facet normal 0 0 -1
    outer loop
      vertex 8.35004 41.4854 1.8
      vertex 7.17729 42.4206 1.8
      vertex 7.2584 42.535 1.8
    endloop
  endfacet
  facet normal 0 0 -1
    outer loop
      vertex 6.74235 42.0738 1.8
      vertex 7.39318 40.7223 1.8
      vertex 7.10827 40.6043 1.8
    endloop
  endfacet
  facet normal 0 0 -1
    outer loop
      vertex 8.14454 41.2555 1.8
      vertex 7.08388 42.3161 1.8
      vertex 7.17729 42.4206 1.8
    endloop
  endfacet
  facet normal 0 0 -1
    outer loop
      vertex 7.9146 41.05 1.8
      vertex 6.97936 42.2227 1.8
      vertex 7.08388 42.3161 1.8
    endloop
  endfacet
  facet normal 0 0 -1
    outer loop
      vertex 7.66309 40.8715 1.8
      vertex 6.86504 42.1416 1.8
      vertex 6.97936 42.2227 1.8
    endloop
  endfacet
  facet normal 0 0 -1
    outer loop
      vertex 6.61285 42.0201 1.8
      vertex 7.10827 40.6043 1.8
      vertex 6.81193 40.5189 1.8
    endloop
  endfacet
  facet normal 0 0 -1
    outer loop
      vertex 7.39318 40.7223 1.8
      vertex 6.74235 42.0738 1.8
      vertex 6.86504 42.1416 1.8
    endloop
  endfacet
  facet normal 0 0 -1
    outer loop
      vertex 7.10827 40.6043 1.8
      vertex 6.61285 42.0201 1.8
      vertex 6.74235 42.0738 1.8
    endloop
  endfacet
  facet normal 0 0 -1
    outer loop
      vertex 6.47815 41.9813 1.8
      vertex 6.81193 40.5189 1.8
      vertex 6.5079 40.4673 1.8
    endloop
  endfacet
  facet normal 0 0 -1
    outer loop
      vertex 6.81193 40.5189 1.8
      vertex 6.47815 41.9813 1.8
      vertex 6.61285 42.0201 1.8
    endloop
  endfacet
  facet normal 0 0 -1
    outer loop
      vertex 6.5079 40.4673 1.8
      vertex 6.33996 41.9579 1.8
      vertex 6.47815 41.9813 1.8
    endloop
  endfacet
  facet normal 0 0 -1
    outer loop
      vertex 6.2 40.45 1.8
      vertex 6.33996 41.9579 1.8
      vertex 6.5079 40.4673 1.8
    endloop
  endfacet
  facet normal 0 0 -1
    outer loop
      vertex 6.2 40.45 1.8
      vertex 6.2 41.95 1.8
      vertex 6.33996 41.9579 1.8
    endloop
  endfacet
  facet normal 0 0 -1
    outer loop
      vertex 6.2 40.45 1.8
      vertex 6.06004 41.9579 1.8
      vertex 6.2 41.95 1.8
    endloop
  endfacet
  facet normal 0 0 -1
    outer loop
      vertex 5.8921 40.4673 1.8
      vertex 6.06004 41.9579 1.8
      vertex 6.2 40.45 1.8
    endloop
  endfacet
  facet normal -0 0 -1
    outer loop
      vertex 6.06004 41.9579 1.8
      vertex 5.8921 40.4673 1.8
      vertex 5.92185 41.9813 1.8
    endloop
  endfacet
  facet normal 0 0 -1
    outer loop
      vertex 5.58807 40.5189 1.8
      vertex 5.92185 41.9813 1.8
      vertex 5.8921 40.4673 1.8
    endloop
  endfacet
  facet normal -0 0 -1
    outer loop
      vertex 5.92185 41.9813 1.8
      vertex 5.58807 40.5189 1.8
      vertex 5.78715 42.0201 1.8
    endloop
  endfacet
  facet normal 0 0 -1
    outer loop
      vertex 5.29173 40.6043 1.8
      vertex 5.78715 42.0201 1.8
      vertex 5.58807 40.5189 1.8
    endloop
  endfacet
  facet normal -0 0 -1
    outer loop
      vertex 5.78715 42.0201 1.8
      vertex 5.29173 40.6043 1.8
      vertex 5.65765 42.0738 1.8
    endloop
  endfacet
  facet normal 0 0 -1
    outer loop
      vertex 5.00682 40.7223 1.8
      vertex 5.65765 42.0738 1.8
      vertex 5.29173 40.6043 1.8
    endloop
  endfacet
  facet normal -0 0 -1
    outer loop
      vertex 5.65765 42.0738 1.8
      vertex 5.00682 40.7223 1.8
      vertex 5.53496 42.1416 1.8
    endloop
  endfacet
  facet normal 0 0 -1
    outer loop
      vertex 4.73691 40.8715 1.8
      vertex 5.53496 42.1416 1.8
      vertex 5.00682 40.7223 1.8
    endloop
  endfacet
  facet normal -0 0 -1
    outer loop
      vertex 5.53496 42.1416 1.8
      vertex 4.73691 40.8715 1.8
      vertex 5.42064 42.2227 1.8
    endloop
  endfacet
  facet normal 0 0 -1
    outer loop
      vertex 4.4854 41.05 1.8
      vertex 5.42064 42.2227 1.8
      vertex 4.73691 40.8715 1.8
    endloop
  endfacet
  facet normal -0 0 -1
    outer loop
      vertex 5.42064 42.2227 1.8
      vertex 4.4854 41.05 1.8
      vertex 5.31612 42.3161 1.8
    endloop
  endfacet
  facet normal 0 0 -1
    outer loop
      vertex 4.25546 41.2555 1.8
      vertex 5.31612 42.3161 1.8
      vertex 4.4854 41.05 1.8
    endloop
  endfacet
  facet normal -0 0 -1
    outer loop
      vertex 5.31612 42.3161 1.8
      vertex 4.25546 41.2555 1.8
      vertex 5.22271 42.4206 1.8
    endloop
  endfacet
  facet normal 0 0 -1
    outer loop
      vertex 4.04996 41.4854 1.8
      vertex 5.22271 42.4206 1.8
      vertex 4.25546 41.2555 1.8
    endloop
  endfacet
  facet normal -0 0 -1
    outer loop
      vertex 5.22271 42.4206 1.8
      vertex 4.04996 41.4854 1.8
      vertex 5.14159 42.535 1.8
    endloop
  endfacet
  facet normal 0 0 -1
    outer loop
      vertex 3.87151 41.7369 1.8
      vertex 5.14159 42.535 1.8
      vertex 4.04996 41.4854 1.8
    endloop
  endfacet
  facet normal -0 0 -1
    outer loop
      vertex 5.14159 42.535 1.8
      vertex 3.87151 41.7369 1.8
      vertex 5.07379 42.6576 1.8
    endloop
  endfacet
  facet normal 0 0 -1
    outer loop
      vertex 7.2584 43.865 1.8
      vertex 8.52849 44.6631 1.8
      vertex 7.32621 43.7424 1.8
    endloop
  endfacet
  facet normal -0 0 -1
    outer loop
      vertex 8.52849 44.6631 1.8
      vertex 7.2584 43.865 1.8
      vertex 8.35004 44.9146 1.8
    endloop
  endfacet
  facet normal 0 0 -1
    outer loop
      vertex 7.17729 43.9794 1.8
      vertex 8.35004 44.9146 1.8
      vertex 7.2584 43.865 1.8
    endloop
  endfacet
  facet normal -0 0 -1
    outer loop
      vertex 8.35004 44.9146 1.8
      vertex 7.17729 43.9794 1.8
      vertex 8.14454 45.1445 1.8
    endloop
  endfacet
  facet normal 0 0 -1
    outer loop
      vertex 7.08388 44.0839 1.8
      vertex 8.14454 45.1445 1.8
      vertex 7.17729 43.9794 1.8
    endloop
  endfacet
  facet normal -0 0 -1
    outer loop
      vertex 8.14454 45.1445 1.8
      vertex 7.08388 44.0839 1.8
      vertex 7.9146 45.35 1.8
    endloop
  endfacet
  facet normal 0 0 -1
    outer loop
      vertex 6.97936 44.1773 1.8
      vertex 7.9146 45.35 1.8
      vertex 7.08388 44.0839 1.8
    endloop
  endfacet
  facet normal -0 0 -1
    outer loop
      vertex 7.9146 45.35 1.8
      vertex 6.97936 44.1773 1.8
      vertex 7.66309 45.5285 1.8
    endloop
  endfacet
  facet normal 0 0 -1
    outer loop
      vertex 6.86504 44.2584 1.8
      vertex 7.66309 45.5285 1.8
      vertex 6.97936 44.1773 1.8
    endloop
  endfacet
  facet normal -0 0 -1
    outer loop
      vertex 7.66309 45.5285 1.8
      vertex 6.86504 44.2584 1.8
      vertex 7.39318 45.6777 1.8
    endloop
  endfacet
  facet normal 0 0 -1
    outer loop
      vertex 6.74235 44.3262 1.8
      vertex 7.39318 45.6777 1.8
      vertex 6.86504 44.2584 1.8
    endloop
  endfacet
  facet normal -0 0 -1
    outer loop
      vertex 7.39318 45.6777 1.8
      vertex 6.74235 44.3262 1.8
      vertex 7.10827 45.7957 1.8
    endloop
  endfacet
  facet normal 0 0 -1
    outer loop
      vertex 6.61285 44.3799 1.8
      vertex 7.10827 45.7957 1.8
      vertex 6.74235 44.3262 1.8
    endloop
  endfacet
  facet normal -0 0 -1
    outer loop
      vertex 7.10827 45.7957 1.8
      vertex 6.61285 44.3799 1.8
      vertex 6.81193 45.8811 1.8
    endloop
  endfacet
  facet normal 0 0 -1
    outer loop
      vertex 6.47815 44.4187 1.8
      vertex 6.81193 45.8811 1.8
      vertex 6.61285 44.3799 1.8
    endloop
  endfacet
  facet normal -0 0 -1
    outer loop
      vertex 6.81193 45.8811 1.8
      vertex 6.47815 44.4187 1.8
      vertex 6.5079 45.9327 1.8
    endloop
  endfacet
  facet normal 0 0 -1
    outer loop
      vertex 6.33996 44.4421 1.8
      vertex 6.5079 45.9327 1.8
      vertex 6.47815 44.4187 1.8
    endloop
  endfacet
  facet normal 0 0 -1
    outer loop
      vertex 6.2 44.45 1.8
      vertex 6.5079 45.9327 1.8
      vertex 6.33996 44.4421 1.8
    endloop
  endfacet
  facet normal 0 0 -1
    outer loop
      vertex 6.2 44.45 1.8
      vertex 6.2 45.95 1.8
      vertex 6.5079 45.9327 1.8
    endloop
  endfacet
  facet normal 0 0 -1
    outer loop
      vertex 6.06004 44.4421 1.8
      vertex 6.2 45.95 1.8
      vertex 6.2 44.45 1.8
    endloop
  endfacet
  facet normal 0 0 -1
    outer loop
      vertex 5.8921 45.9327 1.8
      vertex 6.06004 44.4421 1.8
      vertex 5.92185 44.4187 1.8
    endloop
  endfacet
  facet normal 0 0 -1
    outer loop
      vertex 6.06004 44.4421 1.8
      vertex 5.8921 45.9327 1.8
      vertex 6.2 45.95 1.8
    endloop
  endfacet
  facet normal 0 0 -1
    outer loop
      vertex 5.58807 45.8811 1.8
      vertex 5.92185 44.4187 1.8
      vertex 5.78715 44.3799 1.8
    endloop
  endfacet
  facet normal 0 0 -1
    outer loop
      vertex 5.29173 45.7957 1.8
      vertex 5.78715 44.3799 1.8
      vertex 5.65765 44.3262 1.8
    endloop
  endfacet
  facet normal 0 0 -1
    outer loop
      vertex 5.92185 44.4187 1.8
      vertex 5.58807 45.8811 1.8
      vertex 5.8921 45.9327 1.8
    endloop
  endfacet
  facet normal 0 0 -1
    outer loop
      vertex 5.00682 45.6777 1.8
      vertex 5.65765 44.3262 1.8
      vertex 5.53496 44.2584 1.8
    endloop
  endfacet
  facet normal 0 0 -1
    outer loop
      vertex 4.73691 45.5285 1.8
      vertex 5.53496 44.2584 1.8
      vertex 5.42064 44.1773 1.8
    endloop
  endfacet
  facet normal 0 0 -1
    outer loop
      vertex 4.4854 45.35 1.8
      vertex 5.42064 44.1773 1.8
      vertex 5.31612 44.0839 1.8
    endloop
  endfacet
  facet normal 0 0 -1
    outer loop
      vertex 5.78715 44.3799 1.8
      vertex 5.29173 45.7957 1.8
      vertex 5.58807 45.8811 1.8
    endloop
  endfacet
  facet normal 0 0 -1
    outer loop
      vertex 4.25546 45.1445 1.8
      vertex 5.31612 44.0839 1.8
      vertex 5.22271 43.9794 1.8
    endloop
  endfacet
  facet normal 0 0 -1
    outer loop
      vertex 4.04996 44.9146 1.8
      vertex 5.22271 43.9794 1.8
      vertex 5.14159 43.865 1.8
    endloop
  endfacet
  facet normal 0 0 -1
    outer loop
      vertex 3.87151 44.6631 1.8
      vertex 5.14159 43.865 1.8
      vertex 5.07379 43.7424 1.8
    endloop
  endfacet
  facet normal 0 0 -1
    outer loop
      vertex 3.72234 44.3932 1.8
      vertex 5.07379 43.7424 1.8
      vertex 5.02015 43.6129 1.8
    endloop
  endfacet
  facet normal 0 0 -1
    outer loop
      vertex 5.65765 44.3262 1.8
      vertex 5.00682 45.6777 1.8
      vertex 5.29173 45.7957 1.8
    endloop
  endfacet
  facet normal 0 0 -1
    outer loop
      vertex 3.60432 44.1083 1.8
      vertex 5.02015 43.6129 1.8
      vertex 4.98134 43.4781 1.8
    endloop
  endfacet
  facet normal 0 0 -1
    outer loop
      vertex 3.51895 43.8119 1.8
      vertex 4.98134 43.4781 1.8
      vertex 4.95786 43.34 1.8
    endloop
  endfacet
  facet normal 0 0 -1
    outer loop
      vertex 3.46729 43.5079 1.8
      vertex 4.95786 43.34 1.8
      vertex 4.95 43.2 1.8
    endloop
  endfacet
  facet normal 0 0 -1
    outer loop
      vertex 3.72234 42.0068 1.8
      vertex 5.07379 42.6576 1.8
      vertex 3.87151 41.7369 1.8
    endloop
  endfacet
  facet normal 0 0 -1
    outer loop
      vertex 5.53496 44.2584 1.8
      vertex 4.73691 45.5285 1.8
      vertex 5.00682 45.6777 1.8
    endloop
  endfacet
  facet normal -0 0 -1
    outer loop
      vertex 5.07379 42.6576 1.8
      vertex 3.72234 42.0068 1.8
      vertex 5.02015 42.7872 1.8
    endloop
  endfacet
  facet normal 0 0 -1
    outer loop
      vertex 5.42064 44.1773 1.8
      vertex 4.4854 45.35 1.8
      vertex 4.73691 45.5285 1.8
    endloop
  endfacet
  facet normal 0 0 -1
    outer loop
      vertex 3.60432 42.2917 1.8
      vertex 5.02015 42.7872 1.8
      vertex 3.72234 42.0068 1.8
    endloop
  endfacet
  facet normal 0 0 -1
    outer loop
      vertex 5.31612 44.0839 1.8
      vertex 4.25546 45.1445 1.8
      vertex 4.4854 45.35 1.8
    endloop
  endfacet
  facet normal -0 0 -1
    outer loop
      vertex 5.02015 42.7872 1.8
      vertex 3.60432 42.2917 1.8
      vertex 4.98134 42.9218 1.8
    endloop
  endfacet
  facet normal 0 0 -1
    outer loop
      vertex 5.22271 43.9794 1.8
      vertex 4.04996 44.9146 1.8
      vertex 4.25546 45.1445 1.8
    endloop
  endfacet
  facet normal 0 0 -1
    outer loop
      vertex 3.51895 42.5881 1.8
      vertex 4.98134 42.9218 1.8
      vertex 3.60432 42.2917 1.8
    endloop
  endfacet
  facet normal 0 0 -1
    outer loop
      vertex 5.14159 43.865 1.8
      vertex 3.87151 44.6631 1.8
      vertex 4.04996 44.9146 1.8
    endloop
  endfacet
  facet normal -0 0 -1
    outer loop
      vertex 4.98134 42.9218 1.8
      vertex 3.51895 42.5881 1.8
      vertex 4.95786 43.06 1.8
    endloop
  endfacet
  facet normal 0 0 -1
    outer loop
      vertex 5.07379 43.7424 1.8
      vertex 3.72234 44.3932 1.8
      vertex 3.87151 44.6631 1.8
    endloop
  endfacet
  facet normal 0 0 -1
    outer loop
      vertex 3.46729 42.8921 1.8
      vertex 4.95786 43.06 1.8
      vertex 3.51895 42.5881 1.8
    endloop
  endfacet
  facet normal 0 0 -1
    outer loop
      vertex 5.02015 43.6129 1.8
      vertex 3.60432 44.1083 1.8
      vertex 3.72234 44.3932 1.8
    endloop
  endfacet
  facet normal -0 0 -1
    outer loop
      vertex 4.95786 43.06 1.8
      vertex 3.46729 42.8921 1.8
      vertex 4.95 43.2 1.8
    endloop
  endfacet
  facet normal 0 0 -1
    outer loop
      vertex 4.98134 43.4781 1.8
      vertex 3.51895 43.8119 1.8
      vertex 3.60432 44.1083 1.8
    endloop
  endfacet
  facet normal 0 0 -1
    outer loop
      vertex 3.45 43.2 1.8
      vertex 4.95 43.2 1.8
      vertex 3.46729 42.8921 1.8
    endloop
  endfacet
  facet normal 0 0 -1
    outer loop
      vertex 4.95786 43.34 1.8
      vertex 3.46729 43.5079 1.8
      vertex 3.51895 43.8119 1.8
    endloop
  endfacet
  facet normal 0 0 -1
    outer loop
      vertex 4.95 43.2 1.8
      vertex 3.45 43.2 1.8
      vertex 3.46729 43.5079 1.8
    endloop
  endfacet
  facet normal -0.998427 0.0560663 2.20078e-19
    outer loop
      vertex 3.45 43.2 1.8
      vertex 3.46729 43.5079 5.8
      vertex 3.46729 43.5079 1.8
    endloop
  endfacet
  facet normal -0.998427 0.0560663 2.20078e-19
    outer loop
      vertex 3.46729 43.5079 5.8
      vertex 3.45 43.2 1.8
      vertex 3.45 43.2 5.8
    endloop
  endfacet
  facet normal 0.815733 -0.578429 -1.70595e-19
    outer loop
      vertex 5.14159 43.865 5.8
      vertex 5.22271 43.9794 1.8
      vertex 5.22271 43.9794 5.8
    endloop
  endfacet
  facet normal 0.815733 -0.578429 -1.70595e-19
    outer loop
      vertex 5.22271 43.9794 1.8
      vertex 5.14159 43.865 5.8
      vertex 5.14159 43.865 1.8
    endloop
  endfacet
  facet normal -0.985852 -0.167616 -1.74897e-19
    outer loop
      vertex 7.44214 43.34 1.8
      vertex 7.41866 43.4781 5.8
      vertex 7.41866 43.4781 1.8
    endloop
  endfacet
  facet normal -0.985852 -0.167616 -1.74897e-19
    outer loop
      vertex 7.41866 43.4781 5.8
      vertex 7.44214 43.34 1.8
      vertex 7.44214 43.34 5.8
    endloop
  endfacet
  facet normal -0.998428 -0.0560546 -4.81396e-20
    outer loop
      vertex 7.45 43.2 1.8
      vertex 7.44214 43.34 5.8
      vertex 7.44214 43.34 1.8
    endloop
  endfacet
  facet normal -0.998428 -0.0560546 -4.81396e-20
    outer loop
      vertex 7.44214 43.34 5.8
      vertex 7.45 43.2 1.8
      vertex 7.45 43.2 5.8
    endloop
  endfacet
  facet normal -0.483673 -0.875249 0
    outer loop
      vertex 6.74235 44.3262 1.8
      vertex 6.86504 44.2584 5.8
      vertex 6.74235 44.3262 5.8
    endloop
  endfacet
  facet normal -0.483673 -0.875249 -0
    outer loop
      vertex 6.86504 44.2584 5.8
      vertex 6.74235 44.3262 1.8
      vertex 6.86504 44.2584 1.8
    endloop
  endfacet
  facet normal -0.383045 0.92373 0
    outer loop
      vertex 6.74235 42.0738 1.8
      vertex 6.61285 42.0201 5.8
      vertex 6.74235 42.0738 5.8
    endloop
  endfacet
  facet normal -0.383045 0.92373 0
    outer loop
      vertex 6.61285 42.0201 5.8
      vertex 6.74235 42.0738 1.8
      vertex 6.61285 42.0201 1.8
    endloop
  endfacet
  facet normal -0.875068 -0.484 1.47185e-19
    outer loop
      vertex 7.32621 43.7424 1.8
      vertex 7.2584 43.865 5.8
      vertex 7.2584 43.865 1.8
    endloop
  endfacet
  facet normal -0.875068 -0.484 1.47185e-19
    outer loop
      vertex 7.2584 43.865 5.8
      vertex 7.32621 43.7424 1.8
      vertex 7.32621 43.7424 5.8
    endloop
  endfacet
  facet normal 0.985852 -0.167616 1.74897e-19
    outer loop
      vertex 4.95786 43.34 5.8
      vertex 4.98134 43.4781 1.8
      vertex 4.98134 43.4781 5.8
    endloop
  endfacet
  facet normal 0.985852 -0.167616 1.74897e-19
    outer loop
      vertex 4.98134 43.4781 1.8
      vertex 4.95786 43.34 5.8
      vertex 4.95786 43.34 1.8
    endloop
  endfacet
  facet normal -0.383045 -0.92373 0
    outer loop
      vertex 6.61285 44.3799 1.8
      vertex 6.74235 44.3262 5.8
      vertex 6.61285 44.3799 5.8
    endloop
  endfacet
  facet normal -0.383045 -0.92373 -0
    outer loop
      vertex 6.74235 44.3262 5.8
      vertex 6.61285 44.3799 1.8
      vertex 6.74235 44.3262 1.8
    endloop
  endfacet
  facet normal -0.056355 0.998411 0
    outer loop
      vertex 6.33996 41.9579 1.8
      vertex 6.2 41.95 5.8
      vertex 6.33996 41.9579 5.8
    endloop
  endfacet
  facet normal -0.056355 0.998411 0
    outer loop
      vertex 6.2 41.95 5.8
      vertex 6.33996 41.9579 1.8
      vertex 6.2 41.95 1.8
    endloop
  endfacet
  facet normal -0.483673 0.875249 0
    outer loop
      vertex 6.86504 42.1416 1.8
      vertex 6.74235 42.0738 5.8
      vertex 6.86504 42.1416 5.8
    endloop
  endfacet
  facet normal -0.483673 0.875249 0
    outer loop
      vertex 6.74235 42.0738 5.8
      vertex 6.86504 42.1416 1.8
      vertex 6.74235 42.0738 1.8
    endloop
  endfacet
  facet normal 0.056355 -0.998411 0
    outer loop
      vertex 6.06004 44.4421 1.8
      vertex 6.2 44.45 5.8
      vertex 6.06004 44.4421 5.8
    endloop
  endfacet
  facet normal 0.056355 -0.998411 0
    outer loop
      vertex 6.2 44.45 5.8
      vertex 6.06004 44.4421 1.8
      vertex 6.2 44.45 1.8
    endloop
  endfacet
  facet normal 0.875098 -0.483945 -8.68091e-19
    outer loop
      vertex 5.07379 43.7424 5.8
      vertex 5.14159 43.865 1.8
      vertex 5.14159 43.865 5.8
    endloop
  endfacet
  facet normal 0.875098 -0.483945 -8.68091e-19
    outer loop
      vertex 5.14159 43.865 1.8
      vertex 5.07379 43.7424 5.8
      vertex 5.07379 43.7424 1.8
    endloop
  endfacet
  facet normal -0.166955 -0.985964 0
    outer loop
      vertex 6.33996 44.4421 1.8
      vertex 6.47815 44.4187 5.8
      vertex 6.33996 44.4421 5.8
    endloop
  endfacet
  facet normal -0.166955 -0.985964 -0
    outer loop
      vertex 6.47815 44.4187 5.8
      vertex 6.33996 44.4421 1.8
      vertex 6.47815 44.4187 1.8
    endloop
  endfacet
  facet normal -0.578603 -0.815609 0
    outer loop
      vertex 6.86504 44.2584 1.8
      vertex 6.97936 44.1773 5.8
      vertex 6.86504 44.2584 5.8
    endloop
  endfacet
  facet normal -0.578603 -0.815609 -0
    outer loop
      vertex 6.97936 44.1773 5.8
      vertex 6.86504 44.2584 1.8
      vertex 6.97936 44.1773 1.8
    endloop
  endfacet
  facet normal -0.666328 -0.745659 0
    outer loop
      vertex 6.97936 44.1773 1.8
      vertex 7.08388 44.0839 5.8
      vertex 6.97936 44.1773 5.8
    endloop
  endfacet
  facet normal -0.666328 -0.745659 -0
    outer loop
      vertex 7.08388 44.0839 5.8
      vertex 6.97936 44.1773 1.8
      vertex 7.08388 44.0839 1.8
    endloop
  endfacet
  facet normal -0.276793 0.960929 0
    outer loop
      vertex 6.61285 42.0201 1.8
      vertex 6.47815 41.9813 5.8
      vertex 6.61285 42.0201 5.8
    endloop
  endfacet
  facet normal -0.276793 0.960929 0
    outer loop
      vertex 6.47815 41.9813 5.8
      vertex 6.61285 42.0201 1.8
      vertex 6.47815 41.9813 1.8
    endloop
  endfacet
  facet normal -0.74556 -0.666438 -1.18829e-18
    outer loop
      vertex 7.17729 43.9794 1.8
      vertex 7.08388 44.0839 5.8
      vertex 7.08388 44.0839 1.8
    endloop
  endfacet
  facet normal -0.74556 -0.666438 -1.18829e-18
    outer loop
      vertex 7.08388 44.0839 5.8
      vertex 7.17729 43.9794 1.8
      vertex 7.17729 43.9794 5.8
    endloop
  endfacet
  facet normal -0.166955 0.985964 0
    outer loop
      vertex 6.47815 41.9813 1.8
      vertex 6.33996 41.9579 5.8
      vertex 6.47815 41.9813 5.8
    endloop
  endfacet
  facet normal -0.166955 0.985964 0
    outer loop
      vertex 6.33996 41.9579 5.8
      vertex 6.47815 41.9813 1.8
      vertex 6.33996 41.9579 1.8
    endloop
  endfacet
  facet normal 0.276793 -0.960929 0
    outer loop
      vertex 5.78715 44.3799 1.8
      vertex 5.92185 44.4187 5.8
      vertex 5.78715 44.3799 5.8
    endloop
  endfacet
  facet normal 0.276793 -0.960929 0
    outer loop
      vertex 5.92185 44.4187 5.8
      vertex 5.78715 44.3799 1.8
      vertex 5.92185 44.4187 1.8
    endloop
  endfacet
  facet normal 0.666328 -0.745659 0
    outer loop
      vertex 5.31612 44.0839 1.8
      vertex 5.42064 44.1773 5.8
      vertex 5.31612 44.0839 5.8
    endloop
  endfacet
  facet normal 0.666328 -0.745659 0
    outer loop
      vertex 5.42064 44.1773 5.8
      vertex 5.31612 44.0839 1.8
      vertex 5.42064 44.1773 1.8
    endloop
  endfacet
  facet normal -0.74556 0.666438 1.18829e-18
    outer loop
      vertex 7.08388 42.3161 1.8
      vertex 7.17729 42.4206 5.8
      vertex 7.17729 42.4206 1.8
    endloop
  endfacet
  facet normal -0.74556 0.666438 1.18829e-18
    outer loop
      vertex 7.17729 42.4206 5.8
      vertex 7.08388 42.3161 1.8
      vertex 7.08388 42.3161 5.8
    endloop
  endfacet
  facet normal -0.276793 -0.960929 0
    outer loop
      vertex 6.47815 44.4187 1.8
      vertex 6.61285 44.3799 5.8
      vertex 6.47815 44.4187 5.8
    endloop
  endfacet
  facet normal -0.276793 -0.960929 -0
    outer loop
      vertex 6.61285 44.3799 5.8
      vertex 6.47815 44.4187 1.8
      vertex 6.61285 44.3799 1.8
    endloop
  endfacet
  facet normal 0.960856 0.277049 3.62375e-20
    outer loop
      vertex 5.02015 42.7872 5.8
      vertex 4.98134 42.9218 1.8
      vertex 4.98134 42.9218 5.8
    endloop
  endfacet
  facet normal 0.960856 0.277049 3.62375e-20
    outer loop
      vertex 4.98134 42.9218 1.8
      vertex 5.02015 42.7872 5.8
      vertex 5.02015 42.7872 1.8
    endloop
  endfacet
  facet normal -0.960856 0.277049 -3.62375e-20
    outer loop
      vertex 7.37985 42.7872 1.8
      vertex 7.41866 42.9218 5.8
      vertex 7.41866 42.9218 1.8
    endloop
  endfacet
  facet normal -0.960856 0.277049 -3.62375e-20
    outer loop
      vertex 7.41866 42.9218 5.8
      vertex 7.37985 42.7872 1.8
      vertex 7.37985 42.7872 5.8
    endloop
  endfacet
  facet normal 0.985872 0.167498 -3.43724e-19
    outer loop
      vertex 4.98134 42.9218 5.8
      vertex 4.95786 43.06 1.8
      vertex 4.95786 43.06 5.8
    endloop
  endfacet
  facet normal 0.985872 0.167498 -3.43724e-19
    outer loop
      vertex 4.95786 43.06 1.8
      vertex 4.98134 42.9218 5.8
      vertex 4.98134 42.9218 1.8
    endloop
  endfacet
  facet normal 0.815733 0.578429 1.70595e-19
    outer loop
      vertex 5.22271 42.4206 5.8
      vertex 5.14159 42.535 1.8
      vertex 5.14159 42.535 5.8
    endloop
  endfacet
  facet normal 0.815733 0.578429 1.70595e-19
    outer loop
      vertex 5.14159 42.535 1.8
      vertex 5.22271 42.4206 5.8
      vertex 5.22271 42.4206 1.8
    endloop
  endfacet
  facet normal 0.74556 0.666438 3.71144e-19
    outer loop
      vertex 5.31612 42.3161 5.8
      vertex 5.22271 42.4206 1.8
      vertex 5.22271 42.4206 5.8
    endloop
  endfacet
  facet normal 0.74556 0.666438 3.71144e-19
    outer loop
      vertex 5.22271 42.4206 1.8
      vertex 5.31612 42.3161 5.8
      vertex 5.31612 42.3161 1.8
    endloop
  endfacet
  facet normal 0.166955 -0.985964 0
    outer loop
      vertex 5.92185 44.4187 1.8
      vertex 6.06004 44.4421 5.8
      vertex 5.92185 44.4187 5.8
    endloop
  endfacet
  facet normal 0.166955 -0.985964 0
    outer loop
      vertex 6.06004 44.4421 5.8
      vertex 5.92185 44.4187 1.8
      vertex 6.06004 44.4421 1.8
    endloop
  endfacet
  facet normal 0.74556 -0.666438 -3.71144e-19
    outer loop
      vertex 5.22271 43.9794 5.8
      vertex 5.31612 44.0839 1.8
      vertex 5.31612 44.0839 5.8
    endloop
  endfacet
  facet normal 0.74556 -0.666438 -3.71144e-19
    outer loop
      vertex 5.31612 44.0839 1.8
      vertex 5.22271 43.9794 5.8
      vertex 5.22271 43.9794 1.8
    endloop
  endfacet
  facet normal -0.815767 -0.578381 -7.51676e-19
    outer loop
      vertex 7.2584 43.865 1.8
      vertex 7.17729 43.9794 5.8
      vertex 7.17729 43.9794 1.8
    endloop
  endfacet
  facet normal -0.815767 -0.578381 -7.51676e-19
    outer loop
      vertex 7.17729 43.9794 5.8
      vertex 7.2584 43.865 1.8
      vertex 7.2584 43.865 5.8
    endloop
  endfacet
  facet normal 0.483673 -0.875249 0
    outer loop
      vertex 5.53496 44.2584 1.8
      vertex 5.65765 44.3262 5.8
      vertex 5.53496 44.2584 5.8
    endloop
  endfacet
  facet normal 0.483673 -0.875249 0
    outer loop
      vertex 5.65765 44.3262 5.8
      vertex 5.53496 44.2584 1.8
      vertex 5.65765 44.3262 1.8
    endloop
  endfacet
  facet normal -0.923986 0.382427 5.09047e-19
    outer loop
      vertex 7.32621 42.6576 1.8
      vertex 7.37985 42.7872 5.8
      vertex 7.37985 42.7872 1.8
    endloop
  endfacet
  facet normal -0.923986 0.382427 5.09047e-19
    outer loop
      vertex 7.37985 42.7872 5.8
      vertex 7.32621 42.6576 1.8
      vertex 7.32621 42.6576 5.8
    endloop
  endfacet
  facet normal 0.276793 0.960929 -0
    outer loop
      vertex 5.92185 41.9813 1.8
      vertex 5.78715 42.0201 5.8
      vertex 5.92185 41.9813 5.8
    endloop
  endfacet
  facet normal 0.276793 0.960929 0
    outer loop
      vertex 5.78715 42.0201 5.8
      vertex 5.92185 41.9813 1.8
      vertex 5.78715 42.0201 1.8
    endloop
  endfacet
  facet normal 0.875098 0.483945 -1.32603e-18
    outer loop
      vertex 5.14159 42.535 5.8
      vertex 5.07379 42.6576 1.8
      vertex 5.07379 42.6576 5.8
    endloop
  endfacet
  facet normal 0.875098 0.483945 -1.32603e-18
    outer loop
      vertex 5.07379 42.6576 1.8
      vertex 5.14159 42.535 5.8
      vertex 5.14159 42.535 1.8
    endloop
  endfacet
  facet normal 0.923881 -0.382679 -5.41363e-19
    outer loop
      vertex 5.02015 43.6129 5.8
      vertex 5.07379 43.7424 1.8
      vertex 5.07379 43.7424 5.8
    endloop
  endfacet
  facet normal 0.923881 -0.382679 -5.41363e-19
    outer loop
      vertex 5.07379 43.7424 1.8
      vertex 5.02015 43.6129 5.8
      vertex 5.02015 43.6129 1.8
    endloop
  endfacet
  facet normal -0.998428 0.0560546 4.81396e-20
    outer loop
      vertex 7.44214 43.06 1.8
      vertex 7.45 43.2 5.8
      vertex 7.45 43.2 1.8
    endloop
  endfacet
  facet normal -0.998428 0.0560546 4.81396e-20
    outer loop
      vertex 7.45 43.2 5.8
      vertex 7.44214 43.06 1.8
      vertex 7.44214 43.06 5.8
    endloop
  endfacet
  facet normal 0.960965 -0.27667 5.40112e-19
    outer loop
      vertex 4.98134 43.4781 5.8
      vertex 5.02015 43.6129 1.8
      vertex 5.02015 43.6129 5.8
    endloop
  endfacet
  facet normal 0.960965 -0.27667 5.40112e-19
    outer loop
      vertex 5.02015 43.6129 1.8
      vertex 4.98134 43.4781 5.8
      vertex 4.98134 43.4781 1.8
    endloop
  endfacet
  facet normal -0.815767 0.578381 7.51676e-19
    outer loop
      vertex 7.17729 42.4206 1.8
      vertex 7.2584 42.535 5.8
      vertex 7.2584 42.535 1.8
    endloop
  endfacet
  facet normal -0.815767 0.578381 7.51676e-19
    outer loop
      vertex 7.2584 42.535 5.8
      vertex 7.17729 42.4206 1.8
      vertex 7.17729 42.4206 5.8
    endloop
  endfacet
  facet normal -0.056355 -0.998411 0
    outer loop
      vertex 6.2 44.45 1.8
      vertex 6.33996 44.4421 5.8
      vertex 6.2 44.45 5.8
    endloop
  endfacet
  facet normal -0.056355 -0.998411 -0
    outer loop
      vertex 6.33996 44.4421 5.8
      vertex 6.2 44.45 1.8
      vertex 6.33996 44.4421 1.8
    endloop
  endfacet
  facet normal -0.875068 0.484 -9.21786e-19
    outer loop
      vertex 7.2584 42.535 1.8
      vertex 7.32621 42.6576 5.8
      vertex 7.32621 42.6576 1.8
    endloop
  endfacet
  facet normal -0.875068 0.484 -9.21786e-19
    outer loop
      vertex 7.32621 42.6576 5.8
      vertex 7.2584 42.535 1.8
      vertex 7.2584 42.535 5.8
    endloop
  endfacet
  facet normal -0.923881 -0.382679 -3.99205e-19
    outer loop
      vertex 7.37985 43.6129 1.8
      vertex 7.32621 43.7424 5.8
      vertex 7.32621 43.7424 1.8
    endloop
  endfacet
  facet normal -0.923881 -0.382679 -3.99205e-19
    outer loop
      vertex 7.32621 43.7424 5.8
      vertex 7.37985 43.6129 1.8
      vertex 7.37985 43.6129 5.8
    endloop
  endfacet
  facet normal -0.985872 0.167498 3.43724e-19
    outer loop
      vertex 7.41866 42.9218 1.8
      vertex 7.44214 43.06 5.8
      vertex 7.44214 43.06 1.8
    endloop
  endfacet
  facet normal -0.985872 0.167498 3.43724e-19
    outer loop
      vertex 7.44214 43.06 5.8
      vertex 7.41866 42.9218 1.8
      vertex 7.41866 42.9218 5.8
    endloop
  endfacet
  facet normal 0.998428 0.0560546 -4.81396e-20
    outer loop
      vertex 4.95786 43.06 5.8
      vertex 4.95 43.2 1.8
      vertex 4.95 43.2 5.8
    endloop
  endfacet
  facet normal 0.998428 0.0560546 -4.81396e-20
    outer loop
      vertex 4.95 43.2 1.8
      vertex 4.95786 43.06 5.8
      vertex 4.95786 43.06 1.8
    endloop
  endfacet
  facet normal 0.383045 0.92373 -0
    outer loop
      vertex 5.78715 42.0201 1.8
      vertex 5.65765 42.0738 5.8
      vertex 5.78715 42.0201 5.8
    endloop
  endfacet
  facet normal 0.383045 0.92373 0
    outer loop
      vertex 5.65765 42.0738 5.8
      vertex 5.78715 42.0201 1.8
      vertex 5.65765 42.0738 1.8
    endloop
  endfacet
  facet normal -0.960965 -0.27667 -5.40112e-19
    outer loop
      vertex 7.41866 43.4781 1.8
      vertex 7.37985 43.6129 5.8
      vertex 7.37985 43.6129 1.8
    endloop
  endfacet
  facet normal -0.960965 -0.27667 -5.40112e-19
    outer loop
      vertex 7.37985 43.6129 5.8
      vertex 7.41866 43.4781 1.8
      vertex 7.41866 43.4781 5.8
    endloop
  endfacet
  facet normal 0.578603 -0.815609 0
    outer loop
      vertex 5.42064 44.1773 1.8
      vertex 5.53496 44.2584 5.8
      vertex 5.42064 44.1773 5.8
    endloop
  endfacet
  facet normal 0.578603 -0.815609 0
    outer loop
      vertex 5.53496 44.2584 5.8
      vertex 5.42064 44.1773 1.8
      vertex 5.53496 44.2584 1.8
    endloop
  endfacet
  facet normal 0.998428 -0.0560546 4.81396e-20
    outer loop
      vertex 4.95 43.2 5.8
      vertex 4.95786 43.34 1.8
      vertex 4.95786 43.34 5.8
    endloop
  endfacet
  facet normal 0.998428 -0.0560546 4.81396e-20
    outer loop
      vertex 4.95786 43.34 1.8
      vertex 4.95 43.2 5.8
      vertex 4.95 43.2 1.8
    endloop
  endfacet
  facet normal 0.483673 0.875249 -0
    outer loop
      vertex 5.65765 42.0738 1.8
      vertex 5.53496 42.1416 5.8
      vertex 5.65765 42.0738 5.8
    endloop
  endfacet
  facet normal 0.483673 0.875249 0
    outer loop
      vertex 5.53496 42.1416 5.8
      vertex 5.65765 42.0738 1.8
      vertex 5.53496 42.1416 1.8
    endloop
  endfacet
  facet normal 0.383045 -0.92373 0
    outer loop
      vertex 5.65765 44.3262 1.8
      vertex 5.78715 44.3799 5.8
      vertex 5.65765 44.3262 5.8
    endloop
  endfacet
  facet normal 0.383045 -0.92373 0
    outer loop
      vertex 5.78715 44.3799 5.8
      vertex 5.65765 44.3262 1.8
      vertex 5.78715 44.3799 1.8
    endloop
  endfacet
  facet normal 0.056355 0.998411 -0
    outer loop
      vertex 6.2 41.95 1.8
      vertex 6.06004 41.9579 5.8
      vertex 6.2 41.95 5.8
    endloop
  endfacet
  facet normal 0.056355 0.998411 0
    outer loop
      vertex 6.06004 41.9579 5.8
      vertex 6.2 41.95 1.8
      vertex 6.06004 41.9579 1.8
    endloop
  endfacet
  facet normal 0.166955 0.985964 -0
    outer loop
      vertex 6.06004 41.9579 1.8
      vertex 5.92185 41.9813 5.8
      vertex 6.06004 41.9579 5.8
    endloop
  endfacet
  facet normal 0.166955 0.985964 0
    outer loop
      vertex 5.92185 41.9813 5.8
      vertex 6.06004 41.9579 1.8
      vertex 5.92185 41.9813 1.8
    endloop
  endfacet
  facet normal 0.923986 0.382427 5.89209e-19
    outer loop
      vertex 5.07379 42.6576 5.8
      vertex 5.02015 42.7872 1.8
      vertex 5.02015 42.7872 5.8
    endloop
  endfacet
  facet normal 0.923986 0.382427 5.89209e-19
    outer loop
      vertex 5.02015 42.7872 1.8
      vertex 5.07379 42.6576 5.8
      vertex 5.07379 42.6576 1.8
    endloop
  endfacet
  facet normal 0.578603 0.815609 -0
    outer loop
      vertex 5.53496 42.1416 1.8
      vertex 5.42064 42.2227 5.8
      vertex 5.53496 42.1416 5.8
    endloop
  endfacet
  facet normal 0.578603 0.815609 0
    outer loop
      vertex 5.42064 42.2227 5.8
      vertex 5.53496 42.1416 1.8
      vertex 5.42064 42.2227 1.8
    endloop
  endfacet
  facet normal 0.666328 0.745659 -0
    outer loop
      vertex 5.42064 42.2227 1.8
      vertex 5.31612 42.3161 5.8
      vertex 5.42064 42.2227 5.8
    endloop
  endfacet
  facet normal 0.666328 0.745659 0
    outer loop
      vertex 5.31612 42.3161 5.8
      vertex 5.42064 42.2227 1.8
      vertex 5.31612 42.3161 1.8
    endloop
  endfacet
  facet normal -0.666328 0.745659 0
    outer loop
      vertex 7.08388 42.3161 1.8
      vertex 6.97936 42.2227 5.8
      vertex 7.08388 42.3161 5.8
    endloop
  endfacet
  facet normal -0.666328 0.745659 0
    outer loop
      vertex 6.97936 42.2227 5.8
      vertex 7.08388 42.3161 1.8
      vertex 6.97936 42.2227 1.8
    endloop
  endfacet
  facet normal -0.578603 0.815609 0
    outer loop
      vertex 6.97936 42.2227 1.8
      vertex 6.86504 42.1416 5.8
      vertex 6.97936 42.2227 5.8
    endloop
  endfacet
  facet normal -0.578603 0.815609 0
    outer loop
      vertex 6.86504 42.1416 5.8
      vertex 6.97936 42.2227 1.8
      vertex 6.86504 42.1416 1.8
    endloop
  endfacet
  facet normal 0.985901 0.167327 -1.27948e-18
    outer loop
      vertex 60.9327 6.5079 5.8
      vertex 60.8811 6.81193 1.8
      vertex 60.8811 6.81193 5.8
    endloop
  endfacet
  facet normal 0.985901 0.167327 -1.27948e-18
    outer loop
      vertex 60.8811 6.81193 1.8
      vertex 60.9327 6.5079 5.8
      vertex 60.9327 6.5079 1.8
    endloop
  endfacet
  facet normal 0.998425 0.0560986 -1.78283e-19
    outer loop
      vertex 60.95 6.2 5.8
      vertex 60.9327 6.5079 1.8
      vertex 60.9327 6.5079 5.8
    endloop
  endfacet
  facet normal 0.998425 0.0560986 -1.78283e-19
    outer loop
      vertex 60.9327 6.5079 1.8
      vertex 60.95 6.2 5.8
      vertex 60.95 6.2 1.8
    endloop
  endfacet
  facet normal -0.578674 0.815559 0
    outer loop
      vertex 56.7369 8.52849 1.8
      vertex 56.4854 8.35004 5.8
      vertex 56.7369 8.52849 5.8
    endloop
  endfacet
  facet normal -0.578674 0.815559 0
    outer loop
      vertex 56.4854 8.35004 5.8
      vertex 56.7369 8.52849 1.8
      vertex 56.4854 8.35004 1.8
    endloop
  endfacet
  facet normal -0.815493 0.578766 2.59735e-18
    outer loop
      vertex 55.8715 7.66309 1.8
      vertex 56.05 7.9146 5.8
      vertex 56.05 7.9146 1.8
    endloop
  endfacet
  facet normal -0.815493 0.578766 2.59735e-18
    outer loop
      vertex 56.05 7.9146 5.8
      vertex 55.8715 7.66309 1.8
      vertex 55.8715 7.66309 5.8
    endloop
  endfacet
  facet normal -0.276772 0.960936 0
    outer loop
      vertex 57.5881 8.88105 1.8
      vertex 57.2917 8.79568 5.8
      vertex 57.5881 8.88105 5.8
    endloop
  endfacet
  facet normal -0.276772 0.960936 0
    outer loop
      vertex 57.2917 8.79568 5.8
      vertex 57.5881 8.88105 1.8
      vertex 57.2917 8.79568 1.8
    endloop
  endfacet
  facet normal -0.483723 -0.875221 0
    outer loop
      vertex 56.7369 3.87151 1.8
      vertex 57.0068 3.72234 5.8
      vertex 56.7369 3.87151 5.8
    endloop
  endfacet
  facet normal -0.483723 -0.875221 -0
    outer loop
      vertex 57.0068 3.72234 5.8
      vertex 56.7369 3.87151 1.8
      vertex 57.0068 3.72234 1.8
    endloop
  endfacet
  facet normal 0.875188 -0.483784 2.26908e-18
    outer loop
      vertex 60.5285 4.73691 5.8
      vertex 60.6777 5.00682 1.8
      vertex 60.6777 5.00682 5.8
    endloop
  endfacet
  facet normal 0.875188 -0.483784 2.26908e-18
    outer loop
      vertex 60.6777 5.00682 1.8
      vertex 60.5285 4.73691 5.8
      vertex 60.5285 4.73691 1.8
    endloop
  endfacet
  facet normal -0.382713 0.923867 0
    outer loop
      vertex 57.2917 8.79568 1.8
      vertex 57.0068 8.67766 5.8
      vertex 57.2917 8.79568 5.8
    endloop
  endfacet
  facet normal -0.382713 0.923867 0
    outer loop
      vertex 57.0068 8.67766 5.8
      vertex 57.2917 8.79568 1.8
      vertex 57.0068 8.67766 1.8
    endloop
  endfacet
  facet normal 0.666435 0.745564 -0
    outer loop
      vertex 60.1445 8.14454 1.8
      vertex 59.9146 8.35004 5.8
      vertex 60.1445 8.14454 5.8
    endloop
  endfacet
  facet normal 0.666435 0.745564 0
    outer loop
      vertex 59.9146 8.35004 5.8
      vertex 60.1445 8.14454 1.8
      vertex 59.9146 8.35004 1.8
    endloop
  endfacet
  facet normal 0.578674 -0.815559 0
    outer loop
      vertex 59.6631 3.87151 1.8
      vertex 59.9146 4.04996 5.8
      vertex 59.6631 3.87151 5.8
    endloop
  endfacet
  facet normal 0.578674 -0.815559 0
    outer loop
      vertex 59.9146 4.04996 5.8
      vertex 59.6631 3.87151 1.8
      vertex 59.9146 4.04996 1.8
    endloop
  endfacet
  facet normal 0.960895 0.276913 -1.97411e-19
    outer loop
      vertex 60.8811 6.81193 5.8
      vertex 60.7957 7.10827 1.8
      vertex 60.7957 7.10827 5.8
    endloop
  endfacet
  facet normal 0.960895 0.276913 -1.97411e-19
    outer loop
      vertex 60.7957 7.10827 1.8
      vertex 60.8811 6.81193 5.8
      vertex 60.8811 6.81193 1.8
    endloop
  endfacet
  facet normal 0.666435 -0.745564 0
    outer loop
      vertex 59.9146 4.04996 1.8
      vertex 60.1445 4.25546 5.8
      vertex 59.9146 4.04996 5.8
    endloop
  endfacet
  facet normal 0.666435 -0.745564 0
    outer loop
      vertex 60.1445 4.25546 5.8
      vertex 59.9146 4.04996 1.8
      vertex 60.1445 4.25546 1.8
    endloop
  endfacet
  facet normal 0.578674 0.815559 -0
    outer loop
      vertex 59.9146 8.35004 1.8
      vertex 59.6631 8.52849 5.8
      vertex 59.9146 8.35004 5.8
    endloop
  endfacet
  facet normal 0.578674 0.815559 0
    outer loop
      vertex 59.6631 8.52849 5.8
      vertex 59.9146 8.35004 1.8
      vertex 59.6631 8.52849 1.8
    endloop
  endfacet
  facet normal 0.483723 0.875221 -0
    outer loop
      vertex 59.6631 8.52849 1.8
      vertex 59.3932 8.67766 5.8
      vertex 59.6631 8.52849 5.8
    endloop
  endfacet
  facet normal 0.483723 0.875221 0
    outer loop
      vertex 59.3932 8.67766 5.8
      vertex 59.6631 8.52849 1.8
      vertex 59.3932 8.67766 1.8
    endloop
  endfacet
  facet normal 0.745621 -0.66637 4.27634e-19
    outer loop
      vertex 60.1445 4.25546 5.8
      vertex 60.35 4.4854 1.8
      vertex 60.35 4.4854 5.8
    endloop
  endfacet
  facet normal 0.745621 -0.66637 4.27634e-19
    outer loop
      vertex 60.35 4.4854 1.8
      vertex 60.1445 4.25546 5.8
      vertex 60.1445 4.25546 1.8
    endloop
  endfacet
  facet normal 0.167532 -0.985867 0
    outer loop
      vertex 58.5079 3.46729 1.8
      vertex 58.8119 3.51895 5.8
      vertex 58.5079 3.46729 5.8
    endloop
  endfacet
  facet normal 0.167532 -0.985867 0
    outer loop
      vertex 58.8119 3.51895 5.8
      vertex 58.5079 3.46729 1.8
      vertex 58.8119 3.51895 1.8
    endloop
  endfacet
  facet normal 0.0560663 -0.998427 0
    outer loop
      vertex 58.2 3.45 1.8
      vertex 58.5079 3.46729 5.8
      vertex 58.2 3.45 5.8
    endloop
  endfacet
  facet normal 0.0560663 -0.998427 0
    outer loop
      vertex 58.5079 3.46729 5.8
      vertex 58.2 3.45 1.8
      vertex 58.5079 3.46729 1.8
    endloop
  endfacet
  facet normal 0.815493 0.578766 -2.59735e-18
    outer loop
      vertex 60.5285 7.66309 5.8
      vertex 60.35 7.9146 1.8
      vertex 60.35 7.9146 5.8
    endloop
  endfacet
  facet normal 0.815493 0.578766 -2.59735e-18
    outer loop
      vertex 60.35 7.9146 1.8
      vertex 60.5285 7.66309 5.8
      vertex 60.5285 7.66309 1.8
    endloop
  endfacet
  facet normal 0.745621 0.66637 1.28241e-18
    outer loop
      vertex 60.35 7.9146 5.8
      vertex 60.1445 8.14454 1.8
      vertex 60.1445 8.14454 5.8
    endloop
  endfacet
  facet normal 0.745621 0.66637 1.28241e-18
    outer loop
      vertex 60.1445 8.14454 1.8
      vertex 60.35 7.9146 5.8
      vertex 60.35 7.9146 1.8
    endloop
  endfacet
  facet normal 0.382713 -0.923867 0
    outer loop
      vertex 59.1083 3.60432 1.8
      vertex 59.3932 3.72234 5.8
      vertex 59.1083 3.60432 5.8
    endloop
  endfacet
  facet normal 0.382713 -0.923867 0
    outer loop
      vertex 59.3932 3.72234 5.8
      vertex 59.1083 3.60432 1.8
      vertex 59.3932 3.72234 1.8
    endloop
  endfacet
  facet normal -0.483723 0.875221 0
    outer loop
      vertex 57.0068 8.67766 1.8
      vertex 56.7369 8.52849 5.8
      vertex 57.0068 8.67766 5.8
    endloop
  endfacet
  facet normal -0.483723 0.875221 0
    outer loop
      vertex 56.7369 8.52849 5.8
      vertex 57.0068 8.67766 1.8
      vertex 56.7369 8.52849 1.8
    endloop
  endfacet
  facet normal 0.167532 0.985867 -0
    outer loop
      vertex 58.8119 8.88105 1.8
      vertex 58.5079 8.93271 5.8
      vertex 58.8119 8.88105 5.8
    endloop
  endfacet
  facet normal 0.167532 0.985867 0
    outer loop
      vertex 58.5079 8.93271 5.8
      vertex 58.8119 8.88105 1.8
      vertex 58.5079 8.93271 1.8
    endloop
  endfacet
  facet normal -0.985901 -0.167327 -3.0472e-19
    outer loop
      vertex 55.5189 5.58807 1.8
      vertex 55.4673 5.8921 5.8
      vertex 55.4673 5.8921 1.8
    endloop
  endfacet
  facet normal -0.985901 -0.167327 -3.0472e-19
    outer loop
      vertex 55.4673 5.8921 5.8
      vertex 55.5189 5.58807 1.8
      vertex 55.5189 5.58807 5.8
    endloop
  endfacet
  facet normal -0.167532 -0.985867 0
    outer loop
      vertex 57.5881 3.51895 1.8
      vertex 57.8921 3.46729 5.8
      vertex 57.5881 3.51895 5.8
    endloop
  endfacet
  facet normal -0.167532 -0.985867 -0
    outer loop
      vertex 57.8921 3.46729 5.8
      vertex 57.5881 3.51895 1.8
      vertex 57.8921 3.46729 1.8
    endloop
  endfacet
  facet normal 0.382713 0.923867 -0
    outer loop
      vertex 59.3932 8.67766 1.8
      vertex 59.1083 8.79568 5.8
      vertex 59.3932 8.67766 5.8
    endloop
  endfacet
  facet normal 0.382713 0.923867 0
    outer loop
      vertex 59.1083 8.79568 5.8
      vertex 59.3932 8.67766 1.8
      vertex 59.1083 8.79568 1.8
    endloop
  endfacet
  facet normal 0.998425 -0.0560986 1.78283e-19
    outer loop
      vertex 60.9327 5.8921 5.8
      vertex 60.95 6.2 1.8
      vertex 60.95 6.2 5.8
    endloop
  endfacet
  facet normal 0.998425 -0.0560986 1.78283e-19
    outer loop
      vertex 60.95 6.2 1.8
      vertex 60.9327 5.8921 5.8
      vertex 60.9327 5.8921 1.8
    endloop
  endfacet
  facet normal -0.923895 -0.382646 3.51465e-19
    outer loop
      vertex 55.7223 5.00682 1.8
      vertex 55.6043 5.29173 5.8
      vertex 55.6043 5.29173 1.8
    endloop
  endfacet
  facet normal -0.923895 -0.382646 3.51465e-19
    outer loop
      vertex 55.6043 5.29173 5.8
      vertex 55.7223 5.00682 1.8
      vertex 55.7223 5.00682 5.8
    endloop
  endfacet
  facet normal 0 0 1
    outer loop
      vertex 59.45 6.2 5.8
      vertex 60.95 6.2 5.8
      vertex 60.9327 6.5079 5.8
    endloop
  endfacet
  facet normal 0 0 1
    outer loop
      vertex 59.4421 6.33996 5.8
      vertex 60.9327 6.5079 5.8
      vertex 60.8811 6.81193 5.8
    endloop
  endfacet
  facet normal 0 0 1
    outer loop
      vertex 60.95 6.2 5.8
      vertex 59.45 6.2 5.8
      vertex 60.9327 5.8921 5.8
    endloop
  endfacet
  facet normal 0 0 1
    outer loop
      vertex 59.4187 6.47815 5.8
      vertex 60.8811 6.81193 5.8
      vertex 60.7957 7.10827 5.8
    endloop
  endfacet
  facet normal -0 0 1
    outer loop
      vertex 59.4421 6.06004 5.8
      vertex 60.9327 5.8921 5.8
      vertex 59.45 6.2 5.8
    endloop
  endfacet
  facet normal 0 0 1
    outer loop
      vertex 59.3799 6.61285 5.8
      vertex 60.7957 7.10827 5.8
      vertex 60.6777 7.39318 5.8
    endloop
  endfacet
  facet normal 0 0 1
    outer loop
      vertex 60.9327 5.8921 5.8
      vertex 59.4421 6.06004 5.8
      vertex 60.8811 5.58807 5.8
    endloop
  endfacet
  facet normal 0 0 1
    outer loop
      vertex 59.3262 6.74235 5.8
      vertex 60.6777 7.39318 5.8
      vertex 60.5285 7.66309 5.8
    endloop
  endfacet
  facet normal -0 0 1
    outer loop
      vertex 59.4187 5.92185 5.8
      vertex 60.8811 5.58807 5.8
      vertex 59.4421 6.06004 5.8
    endloop
  endfacet
  facet normal 0 0 1
    outer loop
      vertex 59.2584 6.86504 5.8
      vertex 60.5285 7.66309 5.8
      vertex 60.35 7.9146 5.8
    endloop
  endfacet
  facet normal 0 0 1
    outer loop
      vertex 60.8811 5.58807 5.8
      vertex 59.4187 5.92185 5.8
      vertex 60.7957 5.29173 5.8
    endloop
  endfacet
  facet normal 0 0 1
    outer loop
      vertex 59.1773 6.97936 5.8
      vertex 60.35 7.9146 5.8
      vertex 60.1445 8.14454 5.8
    endloop
  endfacet
  facet normal -0 0 1
    outer loop
      vertex 59.3799 5.78715 5.8
      vertex 60.7957 5.29173 5.8
      vertex 59.4187 5.92185 5.8
    endloop
  endfacet
  facet normal 0 0 1
    outer loop
      vertex 59.0839 7.08388 5.8
      vertex 60.1445 8.14454 5.8
      vertex 59.9146 8.35004 5.8
    endloop
  endfacet
  facet normal 0 0 1
    outer loop
      vertex 60.7957 5.29173 5.8
      vertex 59.3799 5.78715 5.8
      vertex 60.6777 5.00682 5.8
    endloop
  endfacet
  facet normal 0 0 1
    outer loop
      vertex 58.9794 7.17729 5.8
      vertex 59.9146 8.35004 5.8
      vertex 59.6631 8.52849 5.8
    endloop
  endfacet
  facet normal -0 0 1
    outer loop
      vertex 59.3262 5.65765 5.8
      vertex 60.6777 5.00682 5.8
      vertex 59.3799 5.78715 5.8
    endloop
  endfacet
  facet normal 0 0 1
    outer loop
      vertex 60.6777 5.00682 5.8
      vertex 59.3262 5.65765 5.8
      vertex 60.5285 4.73691 5.8
    endloop
  endfacet
  facet normal 0 0 1
    outer loop
      vertex 60.9327 6.5079 5.8
      vertex 59.4421 6.33996 5.8
      vertex 59.45 6.2 5.8
    endloop
  endfacet
  facet normal 0 0 1
    outer loop
      vertex 60.8811 6.81193 5.8
      vertex 59.4187 6.47815 5.8
      vertex 59.4421 6.33996 5.8
    endloop
  endfacet
  facet normal 0 0 1
    outer loop
      vertex 58.865 7.2584 5.8
      vertex 59.6631 8.52849 5.8
      vertex 59.3932 8.67766 5.8
    endloop
  endfacet
  facet normal 0 0 1
    outer loop
      vertex 60.7957 7.10827 5.8
      vertex 59.3799 6.61285 5.8
      vertex 59.4187 6.47815 5.8
    endloop
  endfacet
  facet normal 0 0 1
    outer loop
      vertex 60.6777 7.39318 5.8
      vertex 59.3262 6.74235 5.8
      vertex 59.3799 6.61285 5.8
    endloop
  endfacet
  facet normal 0 0 1
    outer loop
      vertex 60.5285 7.66309 5.8
      vertex 59.2584 6.86504 5.8
      vertex 59.3262 6.74235 5.8
    endloop
  endfacet
  facet normal 0 0 1
    outer loop
      vertex 60.35 7.9146 5.8
      vertex 59.1773 6.97936 5.8
      vertex 59.2584 6.86504 5.8
    endloop
  endfacet
  facet normal 0 0 1
    outer loop
      vertex 58.7424 7.32621 5.8
      vertex 59.3932 8.67766 5.8
      vertex 59.1083 8.79568 5.8
    endloop
  endfacet
  facet normal 0 0 1
    outer loop
      vertex 60.1445 8.14454 5.8
      vertex 59.0839 7.08388 5.8
      vertex 59.1773 6.97936 5.8
    endloop
  endfacet
  facet normal 0 0 1
    outer loop
      vertex 59.9146 8.35004 5.8
      vertex 58.9794 7.17729 5.8
      vertex 59.0839 7.08388 5.8
    endloop
  endfacet
  facet normal 0 0 1
    outer loop
      vertex 59.6631 8.52849 5.8
      vertex 58.865 7.2584 5.8
      vertex 58.9794 7.17729 5.8
    endloop
  endfacet
  facet normal 0 0 1
    outer loop
      vertex 58.6129 7.37985 5.8
      vertex 59.1083 8.79568 5.8
      vertex 58.8119 8.88105 5.8
    endloop
  endfacet
  facet normal 0 0 1
    outer loop
      vertex 59.3932 8.67766 5.8
      vertex 58.7424 7.32621 5.8
      vertex 58.865 7.2584 5.8
    endloop
  endfacet
  facet normal 0 0 1
    outer loop
      vertex 59.1083 8.79568 5.8
      vertex 58.6129 7.37985 5.8
      vertex 58.7424 7.32621 5.8
    endloop
  endfacet
  facet normal 0 0 1
    outer loop
      vertex 58.4781 7.41866 5.8
      vertex 58.8119 8.88105 5.8
      vertex 58.5079 8.93271 5.8
    endloop
  endfacet
  facet normal 0 0 1
    outer loop
      vertex 58.8119 8.88105 5.8
      vertex 58.4781 7.41866 5.8
      vertex 58.6129 7.37985 5.8
    endloop
  endfacet
  facet normal 0 0 1
    outer loop
      vertex 58.5079 8.93271 5.8
      vertex 58.34 7.44214 5.8
      vertex 58.4781 7.41866 5.8
    endloop
  endfacet
  facet normal 0 0 1
    outer loop
      vertex 58.2 8.95 5.8
      vertex 58.34 7.44214 5.8
      vertex 58.5079 8.93271 5.8
    endloop
  endfacet
  facet normal 0 0 1
    outer loop
      vertex 58.2 8.95 5.8
      vertex 58.2 7.45 5.8
      vertex 58.34 7.44214 5.8
    endloop
  endfacet
  facet normal 0 0 1
    outer loop
      vertex 58.2 8.95 5.8
      vertex 58.06 7.44214 5.8
      vertex 58.2 7.45 5.8
    endloop
  endfacet
  facet normal -0 0 1
    outer loop
      vertex 57.8921 8.93271 5.8
      vertex 58.06 7.44214 5.8
      vertex 58.2 8.95 5.8
    endloop
  endfacet
  facet normal 0 0 1
    outer loop
      vertex 58.06 7.44214 5.8
      vertex 57.8921 8.93271 5.8
      vertex 57.9218 7.41866 5.8
    endloop
  endfacet
  facet normal -0 0 1
    outer loop
      vertex 57.5881 8.88105 5.8
      vertex 57.9218 7.41866 5.8
      vertex 57.8921 8.93271 5.8
    endloop
  endfacet
  facet normal 0 0 1
    outer loop
      vertex 57.9218 7.41866 5.8
      vertex 57.5881 8.88105 5.8
      vertex 57.7872 7.37985 5.8
    endloop
  endfacet
  facet normal -0 0 1
    outer loop
      vertex 57.2917 8.79568 5.8
      vertex 57.7872 7.37985 5.8
      vertex 57.5881 8.88105 5.8
    endloop
  endfacet
  facet normal 0 0 1
    outer loop
      vertex 57.7872 7.37985 5.8
      vertex 57.2917 8.79568 5.8
      vertex 57.6576 7.32621 5.8
    endloop
  endfacet
  facet normal -0 0 1
    outer loop
      vertex 57.0068 8.67766 5.8
      vertex 57.6576 7.32621 5.8
      vertex 57.2917 8.79568 5.8
    endloop
  endfacet
  facet normal 0 0 1
    outer loop
      vertex 57.6576 7.32621 5.8
      vertex 57.0068 8.67766 5.8
      vertex 57.535 7.2584 5.8
    endloop
  endfacet
  facet normal -0 0 1
    outer loop
      vertex 56.7369 8.52849 5.8
      vertex 57.535 7.2584 5.8
      vertex 57.0068 8.67766 5.8
    endloop
  endfacet
  facet normal 0 0 1
    outer loop
      vertex 57.535 7.2584 5.8
      vertex 56.7369 8.52849 5.8
      vertex 57.4206 7.17729 5.8
    endloop
  endfacet
  facet normal -0 0 1
    outer loop
      vertex 56.4854 8.35004 5.8
      vertex 57.4206 7.17729 5.8
      vertex 56.7369 8.52849 5.8
    endloop
  endfacet
  facet normal 0 0 1
    outer loop
      vertex 57.4206 7.17729 5.8
      vertex 56.4854 8.35004 5.8
      vertex 57.3161 7.08388 5.8
    endloop
  endfacet
  facet normal -0 0 1
    outer loop
      vertex 56.2555 8.14454 5.8
      vertex 57.3161 7.08388 5.8
      vertex 56.4854 8.35004 5.8
    endloop
  endfacet
  facet normal 0 0 1
    outer loop
      vertex 57.3161 7.08388 5.8
      vertex 56.2555 8.14454 5.8
      vertex 57.2227 6.97936 5.8
    endloop
  endfacet
  facet normal -0 0 1
    outer loop
      vertex 56.05 7.9146 5.8
      vertex 57.2227 6.97936 5.8
      vertex 56.2555 8.14454 5.8
    endloop
  endfacet
  facet normal 0 0 1
    outer loop
      vertex 57.2227 6.97936 5.8
      vertex 56.05 7.9146 5.8
      vertex 57.1416 6.86504 5.8
    endloop
  endfacet
  facet normal -0 0 1
    outer loop
      vertex 55.8715 7.66309 5.8
      vertex 57.1416 6.86504 5.8
      vertex 56.05 7.9146 5.8
    endloop
  endfacet
  facet normal 0 0 1
    outer loop
      vertex 57.1416 6.86504 5.8
      vertex 55.8715 7.66309 5.8
      vertex 57.0738 6.74235 5.8
    endloop
  endfacet
  facet normal -0 0 1
    outer loop
      vertex 59.2584 5.53496 5.8
      vertex 60.5285 4.73691 5.8
      vertex 59.3262 5.65765 5.8
    endloop
  endfacet
  facet normal 0 0 1
    outer loop
      vertex 60.5285 4.73691 5.8
      vertex 59.2584 5.53496 5.8
      vertex 60.35 4.4854 5.8
    endloop
  endfacet
  facet normal -0 0 1
    outer loop
      vertex 59.1773 5.42064 5.8
      vertex 60.35 4.4854 5.8
      vertex 59.2584 5.53496 5.8
    endloop
  endfacet
  facet normal 0 0 1
    outer loop
      vertex 60.35 4.4854 5.8
      vertex 59.1773 5.42064 5.8
      vertex 60.1445 4.25546 5.8
    endloop
  endfacet
  facet normal -0 0 1
    outer loop
      vertex 59.0839 5.31612 5.8
      vertex 60.1445 4.25546 5.8
      vertex 59.1773 5.42064 5.8
    endloop
  endfacet
  facet normal 0 0 1
    outer loop
      vertex 60.1445 4.25546 5.8
      vertex 59.0839 5.31612 5.8
      vertex 59.9146 4.04996 5.8
    endloop
  endfacet
  facet normal -0 0 1
    outer loop
      vertex 58.9794 5.22271 5.8
      vertex 59.9146 4.04996 5.8
      vertex 59.0839 5.31612 5.8
    endloop
  endfacet
  facet normal 0 0 1
    outer loop
      vertex 59.9146 4.04996 5.8
      vertex 58.9794 5.22271 5.8
      vertex 59.6631 3.87151 5.8
    endloop
  endfacet
  facet normal -0 0 1
    outer loop
      vertex 58.865 5.14159 5.8
      vertex 59.6631 3.87151 5.8
      vertex 58.9794 5.22271 5.8
    endloop
  endfacet
  facet normal 0 0 1
    outer loop
      vertex 59.6631 3.87151 5.8
      vertex 58.865 5.14159 5.8
      vertex 59.3932 3.72234 5.8
    endloop
  endfacet
  facet normal -0 0 1
    outer loop
      vertex 58.7424 5.07379 5.8
      vertex 59.3932 3.72234 5.8
      vertex 58.865 5.14159 5.8
    endloop
  endfacet
  facet normal 0 0 1
    outer loop
      vertex 59.3932 3.72234 5.8
      vertex 58.7424 5.07379 5.8
      vertex 59.1083 3.60432 5.8
    endloop
  endfacet
  facet normal -0 0 1
    outer loop
      vertex 58.6129 5.02015 5.8
      vertex 59.1083 3.60432 5.8
      vertex 58.7424 5.07379 5.8
    endloop
  endfacet
  facet normal 0 0 1
    outer loop
      vertex 59.1083 3.60432 5.8
      vertex 58.6129 5.02015 5.8
      vertex 58.8119 3.51895 5.8
    endloop
  endfacet
  facet normal -0 0 1
    outer loop
      vertex 58.4781 4.98134 5.8
      vertex 58.8119 3.51895 5.8
      vertex 58.6129 5.02015 5.8
    endloop
  endfacet
  facet normal 0 0 1
    outer loop
      vertex 58.8119 3.51895 5.8
      vertex 58.4781 4.98134 5.8
      vertex 58.5079 3.46729 5.8
    endloop
  endfacet
  facet normal -0 0 1
    outer loop
      vertex 58.34 4.95786 5.8
      vertex 58.5079 3.46729 5.8
      vertex 58.4781 4.98134 5.8
    endloop
  endfacet
  facet normal -0 0 1
    outer loop
      vertex 58.2 4.95 5.8
      vertex 58.5079 3.46729 5.8
      vertex 58.34 4.95786 5.8
    endloop
  endfacet
  facet normal 0 0 1
    outer loop
      vertex 58.2 4.95 5.8
      vertex 58.2 3.45 5.8
      vertex 58.5079 3.46729 5.8
    endloop
  endfacet
  facet normal 0 0 1
    outer loop
      vertex 58.06 4.95786 5.8
      vertex 58.2 3.45 5.8
      vertex 58.2 4.95 5.8
    endloop
  endfacet
  facet normal 0 0 1
    outer loop
      vertex 57.8921 3.46729 5.8
      vertex 58.06 4.95786 5.8
      vertex 57.9218 4.98134 5.8
    endloop
  endfacet
  facet normal 0 0 1
    outer loop
      vertex 58.06 4.95786 5.8
      vertex 57.8921 3.46729 5.8
      vertex 58.2 3.45 5.8
    endloop
  endfacet
  facet normal 0 0 1
    outer loop
      vertex 57.5881 3.51895 5.8
      vertex 57.9218 4.98134 5.8
      vertex 57.7872 5.02015 5.8
    endloop
  endfacet
  facet normal 0 0 1
    outer loop
      vertex 57.2917 3.60432 5.8
      vertex 57.7872 5.02015 5.8
      vertex 57.6576 5.07379 5.8
    endloop
  endfacet
  facet normal 0 0 1
    outer loop
      vertex 57.9218 4.98134 5.8
      vertex 57.5881 3.51895 5.8
      vertex 57.8921 3.46729 5.8
    endloop
  endfacet
  facet normal 0 0 1
    outer loop
      vertex 57.0068 3.72234 5.8
      vertex 57.6576 5.07379 5.8
      vertex 57.535 5.14159 5.8
    endloop
  endfacet
  facet normal 0 0 1
    outer loop
      vertex 56.7369 3.87151 5.8
      vertex 57.535 5.14159 5.8
      vertex 57.4206 5.22271 5.8
    endloop
  endfacet
  facet normal 0 0 1
    outer loop
      vertex 56.4854 4.04996 5.8
      vertex 57.4206 5.22271 5.8
      vertex 57.3161 5.31612 5.8
    endloop
  endfacet
  facet normal 0 0 1
    outer loop
      vertex 57.7872 5.02015 5.8
      vertex 57.2917 3.60432 5.8
      vertex 57.5881 3.51895 5.8
    endloop
  endfacet
  facet normal 0 0 1
    outer loop
      vertex 56.2555 4.25546 5.8
      vertex 57.3161 5.31612 5.8
      vertex 57.2227 5.42064 5.8
    endloop
  endfacet
  facet normal 0 0 1
    outer loop
      vertex 56.05 4.4854 5.8
      vertex 57.2227 5.42064 5.8
      vertex 57.1416 5.53496 5.8
    endloop
  endfacet
  facet normal 0 0 1
    outer loop
      vertex 55.8715 4.73691 5.8
      vertex 57.1416 5.53496 5.8
      vertex 57.0738 5.65765 5.8
    endloop
  endfacet
  facet normal 0 0 1
    outer loop
      vertex 55.7223 5.00682 5.8
      vertex 57.0738 5.65765 5.8
      vertex 57.0201 5.78715 5.8
    endloop
  endfacet
  facet normal 0 0 1
    outer loop
      vertex 57.6576 5.07379 5.8
      vertex 57.0068 3.72234 5.8
      vertex 57.2917 3.60432 5.8
    endloop
  endfacet
  facet normal 0 0 1
    outer loop
      vertex 55.6043 5.29173 5.8
      vertex 57.0201 5.78715 5.8
      vertex 56.9813 5.92185 5.8
    endloop
  endfacet
  facet normal 0 0 1
    outer loop
      vertex 55.5189 5.58807 5.8
      vertex 56.9813 5.92185 5.8
      vertex 56.9579 6.06004 5.8
    endloop
  endfacet
  facet normal 0 0 1
    outer loop
      vertex 55.4673 5.8921 5.8
      vertex 56.9579 6.06004 5.8
      vertex 56.95 6.2 5.8
    endloop
  endfacet
  facet normal -0 0 1
    outer loop
      vertex 55.7223 7.39318 5.8
      vertex 57.0738 6.74235 5.8
      vertex 55.8715 7.66309 5.8
    endloop
  endfacet
  facet normal 0 0 1
    outer loop
      vertex 57.535 5.14159 5.8
      vertex 56.7369 3.87151 5.8
      vertex 57.0068 3.72234 5.8
    endloop
  endfacet
  facet normal 0 0 1
    outer loop
      vertex 57.0738 6.74235 5.8
      vertex 55.7223 7.39318 5.8
      vertex 57.0201 6.61285 5.8
    endloop
  endfacet
  facet normal 0 0 1
    outer loop
      vertex 57.4206 5.22271 5.8
      vertex 56.4854 4.04996 5.8
      vertex 56.7369 3.87151 5.8
    endloop
  endfacet
  facet normal -0 0 1
    outer loop
      vertex 55.6043 7.10827 5.8
      vertex 57.0201 6.61285 5.8
      vertex 55.7223 7.39318 5.8
    endloop
  endfacet
  facet normal 0 0 1
    outer loop
      vertex 57.3161 5.31612 5.8
      vertex 56.2555 4.25546 5.8
      vertex 56.4854 4.04996 5.8
    endloop
  endfacet
  facet normal 0 0 1
    outer loop
      vertex 57.0201 6.61285 5.8
      vertex 55.6043 7.10827 5.8
      vertex 56.9813 6.47815 5.8
    endloop
  endfacet
  facet normal 0 0 1
    outer loop
      vertex 57.2227 5.42064 5.8
      vertex 56.05 4.4854 5.8
      vertex 56.2555 4.25546 5.8
    endloop
  endfacet
  facet normal -0 0 1
    outer loop
      vertex 55.5189 6.81193 5.8
      vertex 56.9813 6.47815 5.8
      vertex 55.6043 7.10827 5.8
    endloop
  endfacet
  facet normal 0 0 1
    outer loop
      vertex 57.1416 5.53496 5.8
      vertex 55.8715 4.73691 5.8
      vertex 56.05 4.4854 5.8
    endloop
  endfacet
  facet normal 0 0 1
    outer loop
      vertex 56.9813 6.47815 5.8
      vertex 55.5189 6.81193 5.8
      vertex 56.9579 6.33996 5.8
    endloop
  endfacet
  facet normal 0 0 1
    outer loop
      vertex 57.0738 5.65765 5.8
      vertex 55.7223 5.00682 5.8
      vertex 55.8715 4.73691 5.8
    endloop
  endfacet
  facet normal -0 0 1
    outer loop
      vertex 55.4673 6.5079 5.8
      vertex 56.9579 6.33996 5.8
      vertex 55.5189 6.81193 5.8
    endloop
  endfacet
  facet normal 0 0 1
    outer loop
      vertex 57.0201 5.78715 5.8
      vertex 55.6043 5.29173 5.8
      vertex 55.7223 5.00682 5.8
    endloop
  endfacet
  facet normal 0 0 1
    outer loop
      vertex 56.9579 6.33996 5.8
      vertex 55.4673 6.5079 5.8
      vertex 56.95 6.2 5.8
    endloop
  endfacet
  facet normal 0 0 1
    outer loop
      vertex 56.9813 5.92185 5.8
      vertex 55.5189 5.58807 5.8
      vertex 55.6043 5.29173 5.8
    endloop
  endfacet
  facet normal 0 0 1
    outer loop
      vertex 55.45 6.2 5.8
      vertex 56.95 6.2 5.8
      vertex 55.4673 6.5079 5.8
    endloop
  endfacet
  facet normal 0 0 1
    outer loop
      vertex 56.9579 6.06004 5.8
      vertex 55.4673 5.8921 5.8
      vertex 55.5189 5.58807 5.8
    endloop
  endfacet
  facet normal 0 0 1
    outer loop
      vertex 56.95 6.2 5.8
      vertex 55.45 6.2 5.8
      vertex 55.4673 5.8921 5.8
    endloop
  endfacet
  facet normal 0.875188 0.483784 -2.26908e-18
    outer loop
      vertex 60.6777 7.39318 5.8
      vertex 60.5285 7.66309 1.8
      vertex 60.5285 7.66309 5.8
    endloop
  endfacet
  facet normal 0.875188 0.483784 -2.26908e-18
    outer loop
      vertex 60.5285 7.66309 1.8
      vertex 60.6777 7.39318 5.8
      vertex 60.6777 7.39318 1.8
    endloop
  endfacet
  facet normal -0.960895 -0.276913 -4.66507e-19
    outer loop
      vertex 55.6043 5.29173 1.8
      vertex 55.5189 5.58807 5.8
      vertex 55.5189 5.58807 1.8
    endloop
  endfacet
  facet normal -0.960895 -0.276913 -4.66507e-19
    outer loop
      vertex 55.5189 5.58807 5.8
      vertex 55.6043 5.29173 1.8
      vertex 55.6043 5.29173 5.8
    endloop
  endfacet
  facet normal -0.815493 -0.578766 -2.59735e-18
    outer loop
      vertex 56.05 4.4854 1.8
      vertex 55.8715 4.73691 5.8
      vertex 55.8715 4.73691 1.8
    endloop
  endfacet
  facet normal -0.815493 -0.578766 -2.59735e-18
    outer loop
      vertex 55.8715 4.73691 5.8
      vertex 56.05 4.4854 1.8
      vertex 56.05 4.4854 5.8
    endloop
  endfacet
  facet normal -0.875188 -0.483784 -2.26908e-18
    outer loop
      vertex 55.8715 4.73691 1.8
      vertex 55.7223 5.00682 5.8
      vertex 55.7223 5.00682 1.8
    endloop
  endfacet
  facet normal -0.875188 -0.483784 -2.26908e-18
    outer loop
      vertex 55.7223 5.00682 5.8
      vertex 55.8715 4.73691 1.8
      vertex 55.8715 4.73691 5.8
    endloop
  endfacet
  facet normal -0.745621 0.66637 -1.28241e-18
    outer loop
      vertex 56.05 7.9146 1.8
      vertex 56.2555 8.14454 5.8
      vertex 56.2555 8.14454 1.8
    endloop
  endfacet
  facet normal -0.745621 0.66637 -1.28241e-18
    outer loop
      vertex 56.2555 8.14454 5.8
      vertex 56.05 7.9146 1.8
      vertex 56.05 7.9146 5.8
    endloop
  endfacet
  facet normal 0.483723 -0.875221 0
    outer loop
      vertex 59.3932 3.72234 1.8
      vertex 59.6631 3.87151 5.8
      vertex 59.3932 3.72234 5.8
    endloop
  endfacet
  facet normal 0.483723 -0.875221 0
    outer loop
      vertex 59.6631 3.87151 5.8
      vertex 59.3932 3.72234 1.8
      vertex 59.6631 3.87151 1.8
    endloop
  endfacet
  facet normal 0.276772 0.960936 -0
    outer loop
      vertex 59.1083 8.79568 1.8
      vertex 58.8119 8.88105 5.8
      vertex 59.1083 8.79568 5.8
    endloop
  endfacet
  facet normal 0.276772 0.960936 0
    outer loop
      vertex 58.8119 8.88105 5.8
      vertex 59.1083 8.79568 1.8
      vertex 58.8119 8.88105 1.8
    endloop
  endfacet
  facet normal -0.276772 -0.960936 0
    outer loop
      vertex 57.2917 3.60432 1.8
      vertex 57.5881 3.51895 5.8
      vertex 57.2917 3.60432 5.8
    endloop
  endfacet
  facet normal -0.276772 -0.960936 -0
    outer loop
      vertex 57.5881 3.51895 5.8
      vertex 57.2917 3.60432 1.8
      vertex 57.5881 3.51895 1.8
    endloop
  endfacet
  facet normal 0.923895 -0.382646 -3.51465e-19
    outer loop
      vertex 60.6777 5.00682 5.8
      vertex 60.7957 5.29173 1.8
      vertex 60.7957 5.29173 5.8
    endloop
  endfacet
  facet normal 0.923895 -0.382646 -3.51465e-19
    outer loop
      vertex 60.7957 5.29173 1.8
      vertex 60.6777 5.00682 5.8
      vertex 60.6777 5.00682 1.8
    endloop
  endfacet
  facet normal 0.960895 -0.276913 1.97411e-19
    outer loop
      vertex 60.7957 5.29173 5.8
      vertex 60.8811 5.58807 1.8
      vertex 60.8811 5.58807 5.8
    endloop
  endfacet
  facet normal 0.960895 -0.276913 1.97411e-19
    outer loop
      vertex 60.8811 5.58807 1.8
      vertex 60.7957 5.29173 5.8
      vertex 60.7957 5.29173 1.8
    endloop
  endfacet
  facet normal 0.276772 -0.960936 0
    outer loop
      vertex 58.8119 3.51895 1.8
      vertex 59.1083 3.60432 5.8
      vertex 58.8119 3.51895 5.8
    endloop
  endfacet
  facet normal 0.276772 -0.960936 0
    outer loop
      vertex 59.1083 3.60432 5.8
      vertex 58.8119 3.51895 1.8
      vertex 59.1083 3.60432 1.8
    endloop
  endfacet
  facet normal 0.815493 -0.578766 2.59735e-18
    outer loop
      vertex 60.35 4.4854 5.8
      vertex 60.5285 4.73691 1.8
      vertex 60.5285 4.73691 5.8
    endloop
  endfacet
  facet normal 0.815493 -0.578766 2.59735e-18
    outer loop
      vertex 60.5285 4.73691 1.8
      vertex 60.35 4.4854 5.8
      vertex 60.35 4.4854 1.8
    endloop
  endfacet
  facet normal -0.985901 0.167327 3.0472e-19
    outer loop
      vertex 55.4673 6.5079 1.8
      vertex 55.5189 6.81193 5.8
      vertex 55.5189 6.81193 1.8
    endloop
  endfacet
  facet normal -0.985901 0.167327 3.0472e-19
    outer loop
      vertex 55.5189 6.81193 5.8
      vertex 55.4673 6.5079 1.8
      vertex 55.4673 6.5079 5.8
    endloop
  endfacet
  facet normal -0.167532 0.985867 0
    outer loop
      vertex 57.8921 8.93271 1.8
      vertex 57.5881 8.88105 5.8
      vertex 57.8921 8.93271 5.8
    endloop
  endfacet
  facet normal -0.167532 0.985867 0
    outer loop
      vertex 57.5881 8.88105 5.8
      vertex 57.8921 8.93271 1.8
      vertex 57.5881 8.88105 1.8
    endloop
  endfacet
  facet normal 0.923895 0.382646 3.51465e-19
    outer loop
      vertex 60.7957 7.10827 5.8
      vertex 60.6777 7.39318 1.8
      vertex 60.6777 7.39318 5.8
    endloop
  endfacet
  facet normal 0.923895 0.382646 3.51465e-19
    outer loop
      vertex 60.6777 7.39318 1.8
      vertex 60.7957 7.10827 5.8
      vertex 60.7957 7.10827 1.8
    endloop
  endfacet
  facet normal 0.985901 -0.167327 1.27948e-18
    outer loop
      vertex 60.8811 5.58807 5.8
      vertex 60.9327 5.8921 1.8
      vertex 60.9327 5.8921 5.8
    endloop
  endfacet
  facet normal 0.985901 -0.167327 1.27948e-18
    outer loop
      vertex 60.9327 5.8921 1.8
      vertex 60.8811 5.58807 5.8
      vertex 60.8811 5.58807 1.8
    endloop
  endfacet
  facet normal -0.0560663 -0.998427 0
    outer loop
      vertex 57.8921 3.46729 1.8
      vertex 58.2 3.45 5.8
      vertex 57.8921 3.46729 5.8
    endloop
  endfacet
  facet normal -0.0560663 -0.998427 -0
    outer loop
      vertex 58.2 3.45 5.8
      vertex 57.8921 3.46729 1.8
      vertex 58.2 3.45 1.8
    endloop
  endfacet
  facet normal -0.666435 0.745564 0
    outer loop
      vertex 56.4854 8.35004 1.8
      vertex 56.2555 8.14454 5.8
      vertex 56.4854 8.35004 5.8
    endloop
  endfacet
  facet normal -0.666435 0.745564 0
    outer loop
      vertex 56.2555 8.14454 5.8
      vertex 56.4854 8.35004 1.8
      vertex 56.2555 8.14454 1.8
    endloop
  endfacet
  facet normal -0.875188 0.483784 2.26908e-18
    outer loop
      vertex 55.7223 7.39318 1.8
      vertex 55.8715 7.66309 5.8
      vertex 55.8715 7.66309 1.8
    endloop
  endfacet
  facet normal -0.875188 0.483784 2.26908e-18
    outer loop
      vertex 55.8715 7.66309 5.8
      vertex 55.7223 7.39318 1.8
      vertex 55.7223 7.39318 5.8
    endloop
  endfacet
  facet normal -0.0560663 0.998427 0
    outer loop
      vertex 58.2 8.95 1.8
      vertex 57.8921 8.93271 5.8
      vertex 58.2 8.95 5.8
    endloop
  endfacet
  facet normal -0.0560663 0.998427 0
    outer loop
      vertex 57.8921 8.93271 5.8
      vertex 58.2 8.95 1.8
      vertex 57.8921 8.93271 1.8
    endloop
  endfacet
  facet normal -0.998425 -0.0560986 4.4474e-20
    outer loop
      vertex 55.4673 5.8921 1.8
      vertex 55.45 6.2 5.8
      vertex 55.45 6.2 1.8
    endloop
  endfacet
  facet normal -0.998425 -0.0560986 4.4474e-20
    outer loop
      vertex 55.45 6.2 5.8
      vertex 55.4673 5.8921 1.8
      vertex 55.4673 5.8921 5.8
    endloop
  endfacet
  facet normal -0.745621 -0.66637 -4.27634e-19
    outer loop
      vertex 56.2555 4.25546 1.8
      vertex 56.05 4.4854 5.8
      vertex 56.05 4.4854 1.8
    endloop
  endfacet
  facet normal -0.745621 -0.66637 -4.27634e-19
    outer loop
      vertex 56.05 4.4854 5.8
      vertex 56.2555 4.25546 1.8
      vertex 56.2555 4.25546 5.8
    endloop
  endfacet
  facet normal -0.578674 -0.815559 0
    outer loop
      vertex 56.4854 4.04996 1.8
      vertex 56.7369 3.87151 5.8
      vertex 56.4854 4.04996 5.8
    endloop
  endfacet
  facet normal -0.578674 -0.815559 -0
    outer loop
      vertex 56.7369 3.87151 5.8
      vertex 56.4854 4.04996 1.8
      vertex 56.7369 3.87151 1.8
    endloop
  endfacet
  facet normal 0.0560663 0.998427 -0
    outer loop
      vertex 58.5079 8.93271 1.8
      vertex 58.2 8.95 5.8
      vertex 58.5079 8.93271 5.8
    endloop
  endfacet
  facet normal 0.0560663 0.998427 0
    outer loop
      vertex 58.2 8.95 5.8
      vertex 58.5079 8.93271 1.8
      vertex 58.2 8.95 1.8
    endloop
  endfacet
  facet normal -0.666435 -0.745564 0
    outer loop
      vertex 56.2555 4.25546 1.8
      vertex 56.4854 4.04996 5.8
      vertex 56.2555 4.25546 5.8
    endloop
  endfacet
  facet normal -0.666435 -0.745564 -0
    outer loop
      vertex 56.4854 4.04996 5.8
      vertex 56.2555 4.25546 1.8
      vertex 56.4854 4.04996 1.8
    endloop
  endfacet
  facet normal -0.960895 0.276913 4.66507e-19
    outer loop
      vertex 55.5189 6.81193 1.8
      vertex 55.6043 7.10827 5.8
      vertex 55.6043 7.10827 1.8
    endloop
  endfacet
  facet normal -0.960895 0.276913 4.66507e-19
    outer loop
      vertex 55.6043 7.10827 5.8
      vertex 55.5189 6.81193 1.8
      vertex 55.5189 6.81193 5.8
    endloop
  endfacet
  facet normal -0.923895 0.382646 -3.51465e-19
    outer loop
      vertex 55.6043 7.10827 1.8
      vertex 55.7223 7.39318 5.8
      vertex 55.7223 7.39318 1.8
    endloop
  endfacet
  facet normal -0.923895 0.382646 -3.51465e-19
    outer loop
      vertex 55.7223 7.39318 5.8
      vertex 55.6043 7.10827 1.8
      vertex 55.6043 7.10827 5.8
    endloop
  endfacet
  facet normal -0.382713 -0.923867 0
    outer loop
      vertex 57.0068 3.72234 1.8
      vertex 57.2917 3.60432 5.8
      vertex 57.0068 3.72234 5.8
    endloop
  endfacet
  facet normal -0.382713 -0.923867 -0
    outer loop
      vertex 57.2917 3.60432 5.8
      vertex 57.0068 3.72234 1.8
      vertex 57.2917 3.60432 1.8
    endloop
  endfacet
  facet normal 0 0 -1
    outer loop
      vertex 59.45 6.2 1.8
      vertex 60.95 6.2 1.8
      vertex 60.9327 5.8921 1.8
    endloop
  endfacet
  facet normal 0 0 -1
    outer loop
      vertex 59.4421 6.06004 1.8
      vertex 60.9327 5.8921 1.8
      vertex 60.8811 5.58807 1.8
    endloop
  endfacet
  facet normal 0 0 -1
    outer loop
      vertex 60.95 6.2 1.8
      vertex 59.45 6.2 1.8
      vertex 60.9327 6.5079 1.8
    endloop
  endfacet
  facet normal 0 0 -1
    outer loop
      vertex 59.4187 5.92185 1.8
      vertex 60.8811 5.58807 1.8
      vertex 60.7957 5.29173 1.8
    endloop
  endfacet
  facet normal 0 0 -1
    outer loop
      vertex 59.4421 6.33996 1.8
      vertex 60.9327 6.5079 1.8
      vertex 59.45 6.2 1.8
    endloop
  endfacet
  facet normal 0 0 -1
    outer loop
      vertex 59.3799 5.78715 1.8
      vertex 60.7957 5.29173 1.8
      vertex 60.6777 5.00682 1.8
    endloop
  endfacet
  facet normal -0 0 -1
    outer loop
      vertex 60.9327 6.5079 1.8
      vertex 59.4421 6.33996 1.8
      vertex 60.8811 6.81193 1.8
    endloop
  endfacet
  facet normal 0 0 -1
    outer loop
      vertex 59.3262 5.65765 1.8
      vertex 60.6777 5.00682 1.8
      vertex 60.5285 4.73691 1.8
    endloop
  endfacet
  facet normal 0 0 -1
    outer loop
      vertex 59.4187 6.47815 1.8
      vertex 60.8811 6.81193 1.8
      vertex 59.4421 6.33996 1.8
    endloop
  endfacet
  facet normal 0 0 -1
    outer loop
      vertex 59.2584 5.53496 1.8
      vertex 60.5285 4.73691 1.8
      vertex 60.35 4.4854 1.8
    endloop
  endfacet
  facet normal -0 0 -1
    outer loop
      vertex 60.8811 6.81193 1.8
      vertex 59.4187 6.47815 1.8
      vertex 60.7957 7.10827 1.8
    endloop
  endfacet
  facet normal 0 0 -1
    outer loop
      vertex 59.1773 5.42064 1.8
      vertex 60.35 4.4854 1.8
      vertex 60.1445 4.25546 1.8
    endloop
  endfacet
  facet normal 0 0 -1
    outer loop
      vertex 59.3799 6.61285 1.8
      vertex 60.7957 7.10827 1.8
      vertex 59.4187 6.47815 1.8
    endloop
  endfacet
  facet normal 0 0 -1
    outer loop
      vertex 59.0839 5.31612 1.8
      vertex 60.1445 4.25546 1.8
      vertex 59.9146 4.04996 1.8
    endloop
  endfacet
  facet normal -0 0 -1
    outer loop
      vertex 60.7957 7.10827 1.8
      vertex 59.3799 6.61285 1.8
      vertex 60.6777 7.39318 1.8
    endloop
  endfacet
  facet normal 0 0 -1
    outer loop
      vertex 58.9794 5.22271 1.8
      vertex 59.9146 4.04996 1.8
      vertex 59.6631 3.87151 1.8
    endloop
  endfacet
  facet normal 0 0 -1
    outer loop
      vertex 59.3262 6.74235 1.8
      vertex 60.6777 7.39318 1.8
      vertex 59.3799 6.61285 1.8
    endloop
  endfacet
  facet normal -0 0 -1
    outer loop
      vertex 60.6777 7.39318 1.8
      vertex 59.3262 6.74235 1.8
      vertex 60.5285 7.66309 1.8
    endloop
  endfacet
  facet normal 0 0 -1
    outer loop
      vertex 60.9327 5.8921 1.8
      vertex 59.4421 6.06004 1.8
      vertex 59.45 6.2 1.8
    endloop
  endfacet
  facet normal 0 0 -1
    outer loop
      vertex 60.8811 5.58807 1.8
      vertex 59.4187 5.92185 1.8
      vertex 59.4421 6.06004 1.8
    endloop
  endfacet
  facet normal 0 0 -1
    outer loop
      vertex 58.865 5.14159 1.8
      vertex 59.6631 3.87151 1.8
      vertex 59.3932 3.72234 1.8
    endloop
  endfacet
  facet normal 0 0 -1
    outer loop
      vertex 60.7957 5.29173 1.8
      vertex 59.3799 5.78715 1.8
      vertex 59.4187 5.92185 1.8
    endloop
  endfacet
  facet normal 0 0 -1
    outer loop
      vertex 60.6777 5.00682 1.8
      vertex 59.3262 5.65765 1.8
      vertex 59.3799 5.78715 1.8
    endloop
  endfacet
  facet normal 0 0 -1
    outer loop
      vertex 60.5285 4.73691 1.8
      vertex 59.2584 5.53496 1.8
      vertex 59.3262 5.65765 1.8
    endloop
  endfacet
  facet normal 0 0 -1
    outer loop
      vertex 60.35 4.4854 1.8
      vertex 59.1773 5.42064 1.8
      vertex 59.2584 5.53496 1.8
    endloop
  endfacet
  facet normal 0 0 -1
    outer loop
      vertex 58.7424 5.07379 1.8
      vertex 59.3932 3.72234 1.8
      vertex 59.1083 3.60432 1.8
    endloop
  endfacet
  facet normal 0 0 -1
    outer loop
      vertex 60.1445 4.25546 1.8
      vertex 59.0839 5.31612 1.8
      vertex 59.1773 5.42064 1.8
    endloop
  endfacet
  facet normal 0 0 -1
    outer loop
      vertex 59.9146 4.04996 1.8
      vertex 58.9794 5.22271 1.8
      vertex 59.0839 5.31612 1.8
    endloop
  endfacet
  facet normal 0 0 -1
    outer loop
      vertex 59.6631 3.87151 1.8
      vertex 58.865 5.14159 1.8
      vertex 58.9794 5.22271 1.8
    endloop
  endfacet
  facet normal 0 0 -1
    outer loop
      vertex 58.6129 5.02015 1.8
      vertex 59.1083 3.60432 1.8
      vertex 58.8119 3.51895 1.8
    endloop
  endfacet
  facet normal 0 0 -1
    outer loop
      vertex 59.3932 3.72234 1.8
      vertex 58.7424 5.07379 1.8
      vertex 58.865 5.14159 1.8
    endloop
  endfacet
  facet normal 0 0 -1
    outer loop
      vertex 59.1083 3.60432 1.8
      vertex 58.6129 5.02015 1.8
      vertex 58.7424 5.07379 1.8
    endloop
  endfacet
  facet normal 0 0 -1
    outer loop
      vertex 58.4781 4.98134 1.8
      vertex 58.8119 3.51895 1.8
      vertex 58.5079 3.46729 1.8
    endloop
  endfacet
  facet normal 0 0 -1
    outer loop
      vertex 58.8119 3.51895 1.8
      vertex 58.4781 4.98134 1.8
      vertex 58.6129 5.02015 1.8
    endloop
  endfacet
  facet normal 0 0 -1
    outer loop
      vertex 58.5079 3.46729 1.8
      vertex 58.34 4.95786 1.8
      vertex 58.4781 4.98134 1.8
    endloop
  endfacet
  facet normal 0 0 -1
    outer loop
      vertex 58.2 3.45 1.8
      vertex 58.34 4.95786 1.8
      vertex 58.5079 3.46729 1.8
    endloop
  endfacet
  facet normal 0 0 -1
    outer loop
      vertex 58.2 3.45 1.8
      vertex 58.2 4.95 1.8
      vertex 58.34 4.95786 1.8
    endloop
  endfacet
  facet normal 0 0 -1
    outer loop
      vertex 58.2 3.45 1.8
      vertex 58.06 4.95786 1.8
      vertex 58.2 4.95 1.8
    endloop
  endfacet
  facet normal 0 0 -1
    outer loop
      vertex 57.8921 3.46729 1.8
      vertex 58.06 4.95786 1.8
      vertex 58.2 3.45 1.8
    endloop
  endfacet
  facet normal -0 0 -1
    outer loop
      vertex 58.06 4.95786 1.8
      vertex 57.8921 3.46729 1.8
      vertex 57.9218 4.98134 1.8
    endloop
  endfacet
  facet normal 0 0 -1
    outer loop
      vertex 57.5881 3.51895 1.8
      vertex 57.9218 4.98134 1.8
      vertex 57.8921 3.46729 1.8
    endloop
  endfacet
  facet normal -0 0 -1
    outer loop
      vertex 57.9218 4.98134 1.8
      vertex 57.5881 3.51895 1.8
      vertex 57.7872 5.02015 1.8
    endloop
  endfacet
  facet normal 0 0 -1
    outer loop
      vertex 57.2917 3.60432 1.8
      vertex 57.7872 5.02015 1.8
      vertex 57.5881 3.51895 1.8
    endloop
  endfacet
  facet normal -0 0 -1
    outer loop
      vertex 57.7872 5.02015 1.8
      vertex 57.2917 3.60432 1.8
      vertex 57.6576 5.07379 1.8
    endloop
  endfacet
  facet normal 0 0 -1
    outer loop
      vertex 57.0068 3.72234 1.8
      vertex 57.6576 5.07379 1.8
      vertex 57.2917 3.60432 1.8
    endloop
  endfacet
  facet normal -0 0 -1
    outer loop
      vertex 57.6576 5.07379 1.8
      vertex 57.0068 3.72234 1.8
      vertex 57.535 5.14159 1.8
    endloop
  endfacet
  facet normal 0 0 -1
    outer loop
      vertex 56.7369 3.87151 1.8
      vertex 57.535 5.14159 1.8
      vertex 57.0068 3.72234 1.8
    endloop
  endfacet
  facet normal -0 0 -1
    outer loop
      vertex 57.535 5.14159 1.8
      vertex 56.7369 3.87151 1.8
      vertex 57.4206 5.22271 1.8
    endloop
  endfacet
  facet normal 0 0 -1
    outer loop
      vertex 56.4854 4.04996 1.8
      vertex 57.4206 5.22271 1.8
      vertex 56.7369 3.87151 1.8
    endloop
  endfacet
  facet normal -0 0 -1
    outer loop
      vertex 57.4206 5.22271 1.8
      vertex 56.4854 4.04996 1.8
      vertex 57.3161 5.31612 1.8
    endloop
  endfacet
  facet normal 0 0 -1
    outer loop
      vertex 56.2555 4.25546 1.8
      vertex 57.3161 5.31612 1.8
      vertex 56.4854 4.04996 1.8
    endloop
  endfacet
  facet normal -0 0 -1
    outer loop
      vertex 57.3161 5.31612 1.8
      vertex 56.2555 4.25546 1.8
      vertex 57.2227 5.42064 1.8
    endloop
  endfacet
  facet normal 0 0 -1
    outer loop
      vertex 56.05 4.4854 1.8
      vertex 57.2227 5.42064 1.8
      vertex 56.2555 4.25546 1.8
    endloop
  endfacet
  facet normal -0 0 -1
    outer loop
      vertex 57.2227 5.42064 1.8
      vertex 56.05 4.4854 1.8
      vertex 57.1416 5.53496 1.8
    endloop
  endfacet
  facet normal 0 0 -1
    outer loop
      vertex 55.8715 4.73691 1.8
      vertex 57.1416 5.53496 1.8
      vertex 56.05 4.4854 1.8
    endloop
  endfacet
  facet normal -0 0 -1
    outer loop
      vertex 57.1416 5.53496 1.8
      vertex 55.8715 4.73691 1.8
      vertex 57.0738 5.65765 1.8
    endloop
  endfacet
  facet normal 0 0 -1
    outer loop
      vertex 59.2584 6.86504 1.8
      vertex 60.5285 7.66309 1.8
      vertex 59.3262 6.74235 1.8
    endloop
  endfacet
  facet normal -0 0 -1
    outer loop
      vertex 60.5285 7.66309 1.8
      vertex 59.2584 6.86504 1.8
      vertex 60.35 7.9146 1.8
    endloop
  endfacet
  facet normal 0 0 -1
    outer loop
      vertex 59.1773 6.97936 1.8
      vertex 60.35 7.9146 1.8
      vertex 59.2584 6.86504 1.8
    endloop
  endfacet
  facet normal -0 0 -1
    outer loop
      vertex 60.35 7.9146 1.8
      vertex 59.1773 6.97936 1.8
      vertex 60.1445 8.14454 1.8
    endloop
  endfacet
  facet normal 0 0 -1
    outer loop
      vertex 59.0839 7.08388 1.8
      vertex 60.1445 8.14454 1.8
      vertex 59.1773 6.97936 1.8
    endloop
  endfacet
  facet normal -0 0 -1
    outer loop
      vertex 60.1445 8.14454 1.8
      vertex 59.0839 7.08388 1.8
      vertex 59.9146 8.35004 1.8
    endloop
  endfacet
  facet normal 0 0 -1
    outer loop
      vertex 58.9794 7.17729 1.8
      vertex 59.9146 8.35004 1.8
      vertex 59.0839 7.08388 1.8
    endloop
  endfacet
  facet normal -0 0 -1
    outer loop
      vertex 59.9146 8.35004 1.8
      vertex 58.9794 7.17729 1.8
      vertex 59.6631 8.52849 1.8
    endloop
  endfacet
  facet normal 0 0 -1
    outer loop
      vertex 58.865 7.2584 1.8
      vertex 59.6631 8.52849 1.8
      vertex 58.9794 7.17729 1.8
    endloop
  endfacet
  facet normal -0 0 -1
    outer loop
      vertex 59.6631 8.52849 1.8
      vertex 58.865 7.2584 1.8
      vertex 59.3932 8.67766 1.8
    endloop
  endfacet
  facet normal 0 0 -1
    outer loop
      vertex 58.7424 7.32621 1.8
      vertex 59.3932 8.67766 1.8
      vertex 58.865 7.2584 1.8
    endloop
  endfacet
  facet normal -0 0 -1
    outer loop
      vertex 59.3932 8.67766 1.8
      vertex 58.7424 7.32621 1.8
      vertex 59.1083 8.79568 1.8
    endloop
  endfacet
  facet normal 0 0 -1
    outer loop
      vertex 58.6129 7.37985 1.8
      vertex 59.1083 8.79568 1.8
      vertex 58.7424 7.32621 1.8
    endloop
  endfacet
  facet normal -0 0 -1
    outer loop
      vertex 59.1083 8.79568 1.8
      vertex 58.6129 7.37985 1.8
      vertex 58.8119 8.88105 1.8
    endloop
  endfacet
  facet normal 0 0 -1
    outer loop
      vertex 58.4781 7.41866 1.8
      vertex 58.8119 8.88105 1.8
      vertex 58.6129 7.37985 1.8
    endloop
  endfacet
  facet normal -0 0 -1
    outer loop
      vertex 58.8119 8.88105 1.8
      vertex 58.4781 7.41866 1.8
      vertex 58.5079 8.93271 1.8
    endloop
  endfacet
  facet normal 0 0 -1
    outer loop
      vertex 58.34 7.44214 1.8
      vertex 58.5079 8.93271 1.8
      vertex 58.4781 7.41866 1.8
    endloop
  endfacet
  facet normal 0 0 -1
    outer loop
      vertex 58.2 7.45 1.8
      vertex 58.5079 8.93271 1.8
      vertex 58.34 7.44214 1.8
    endloop
  endfacet
  facet normal 0 0 -1
    outer loop
      vertex 58.2 7.45 1.8
      vertex 58.2 8.95 1.8
      vertex 58.5079 8.93271 1.8
    endloop
  endfacet
  facet normal 0 0 -1
    outer loop
      vertex 58.06 7.44214 1.8
      vertex 58.2 8.95 1.8
      vertex 58.2 7.45 1.8
    endloop
  endfacet
  facet normal 0 0 -1
    outer loop
      vertex 57.8921 8.93271 1.8
      vertex 58.06 7.44214 1.8
      vertex 57.9218 7.41866 1.8
    endloop
  endfacet
  facet normal 0 0 -1
    outer loop
      vertex 58.06 7.44214 1.8
      vertex 57.8921 8.93271 1.8
      vertex 58.2 8.95 1.8
    endloop
  endfacet
  facet normal 0 0 -1
    outer loop
      vertex 57.5881 8.88105 1.8
      vertex 57.9218 7.41866 1.8
      vertex 57.7872 7.37985 1.8
    endloop
  endfacet
  facet normal 0 0 -1
    outer loop
      vertex 57.2917 8.79568 1.8
      vertex 57.7872 7.37985 1.8
      vertex 57.6576 7.32621 1.8
    endloop
  endfacet
  facet normal 0 0 -1
    outer loop
      vertex 57.9218 7.41866 1.8
      vertex 57.5881 8.88105 1.8
      vertex 57.8921 8.93271 1.8
    endloop
  endfacet
  facet normal 0 0 -1
    outer loop
      vertex 57.0068 8.67766 1.8
      vertex 57.6576 7.32621 1.8
      vertex 57.535 7.2584 1.8
    endloop
  endfacet
  facet normal 0 0 -1
    outer loop
      vertex 56.7369 8.52849 1.8
      vertex 57.535 7.2584 1.8
      vertex 57.4206 7.17729 1.8
    endloop
  endfacet
  facet normal 0 0 -1
    outer loop
      vertex 56.4854 8.35004 1.8
      vertex 57.4206 7.17729 1.8
      vertex 57.3161 7.08388 1.8
    endloop
  endfacet
  facet normal 0 0 -1
    outer loop
      vertex 57.7872 7.37985 1.8
      vertex 57.2917 8.79568 1.8
      vertex 57.5881 8.88105 1.8
    endloop
  endfacet
  facet normal 0 0 -1
    outer loop
      vertex 56.2555 8.14454 1.8
      vertex 57.3161 7.08388 1.8
      vertex 57.2227 6.97936 1.8
    endloop
  endfacet
  facet normal 0 0 -1
    outer loop
      vertex 56.05 7.9146 1.8
      vertex 57.2227 6.97936 1.8
      vertex 57.1416 6.86504 1.8
    endloop
  endfacet
  facet normal 0 0 -1
    outer loop
      vertex 55.8715 7.66309 1.8
      vertex 57.1416 6.86504 1.8
      vertex 57.0738 6.74235 1.8
    endloop
  endfacet
  facet normal 0 0 -1
    outer loop
      vertex 55.7223 7.39318 1.8
      vertex 57.0738 6.74235 1.8
      vertex 57.0201 6.61285 1.8
    endloop
  endfacet
  facet normal 0 0 -1
    outer loop
      vertex 57.6576 7.32621 1.8
      vertex 57.0068 8.67766 1.8
      vertex 57.2917 8.79568 1.8
    endloop
  endfacet
  facet normal 0 0 -1
    outer loop
      vertex 55.6043 7.10827 1.8
      vertex 57.0201 6.61285 1.8
      vertex 56.9813 6.47815 1.8
    endloop
  endfacet
  facet normal 0 0 -1
    outer loop
      vertex 55.5189 6.81193 1.8
      vertex 56.9813 6.47815 1.8
      vertex 56.9579 6.33996 1.8
    endloop
  endfacet
  facet normal 0 0 -1
    outer loop
      vertex 55.4673 6.5079 1.8
      vertex 56.9579 6.33996 1.8
      vertex 56.95 6.2 1.8
    endloop
  endfacet
  facet normal 0 0 -1
    outer loop
      vertex 55.7223 5.00682 1.8
      vertex 57.0738 5.65765 1.8
      vertex 55.8715 4.73691 1.8
    endloop
  endfacet
  facet normal 0 0 -1
    outer loop
      vertex 57.535 7.2584 1.8
      vertex 56.7369 8.52849 1.8
      vertex 57.0068 8.67766 1.8
    endloop
  endfacet
  facet normal -0 0 -1
    outer loop
      vertex 57.0738 5.65765 1.8
      vertex 55.7223 5.00682 1.8
      vertex 57.0201 5.78715 1.8
    endloop
  endfacet
  facet normal 0 0 -1
    outer loop
      vertex 57.4206 7.17729 1.8
      vertex 56.4854 8.35004 1.8
      vertex 56.7369 8.52849 1.8
    endloop
  endfacet
  facet normal 0 0 -1
    outer loop
      vertex 55.6043 5.29173 1.8
      vertex 57.0201 5.78715 1.8
      vertex 55.7223 5.00682 1.8
    endloop
  endfacet
  facet normal 0 0 -1
    outer loop
      vertex 57.3161 7.08388 1.8
      vertex 56.2555 8.14454 1.8
      vertex 56.4854 8.35004 1.8
    endloop
  endfacet
  facet normal -0 0 -1
    outer loop
      vertex 57.0201 5.78715 1.8
      vertex 55.6043 5.29173 1.8
      vertex 56.9813 5.92185 1.8
    endloop
  endfacet
  facet normal 0 0 -1
    outer loop
      vertex 57.2227 6.97936 1.8
      vertex 56.05 7.9146 1.8
      vertex 56.2555 8.14454 1.8
    endloop
  endfacet
  facet normal 0 0 -1
    outer loop
      vertex 55.5189 5.58807 1.8
      vertex 56.9813 5.92185 1.8
      vertex 55.6043 5.29173 1.8
    endloop
  endfacet
  facet normal 0 0 -1
    outer loop
      vertex 57.1416 6.86504 1.8
      vertex 55.8715 7.66309 1.8
      vertex 56.05 7.9146 1.8
    endloop
  endfacet
  facet normal -0 0 -1
    outer loop
      vertex 56.9813 5.92185 1.8
      vertex 55.5189 5.58807 1.8
      vertex 56.9579 6.06004 1.8
    endloop
  endfacet
  facet normal 0 0 -1
    outer loop
      vertex 57.0738 6.74235 1.8
      vertex 55.7223 7.39318 1.8
      vertex 55.8715 7.66309 1.8
    endloop
  endfacet
  facet normal 0 0 -1
    outer loop
      vertex 55.4673 5.8921 1.8
      vertex 56.9579 6.06004 1.8
      vertex 55.5189 5.58807 1.8
    endloop
  endfacet
  facet normal 0 0 -1
    outer loop
      vertex 57.0201 6.61285 1.8
      vertex 55.6043 7.10827 1.8
      vertex 55.7223 7.39318 1.8
    endloop
  endfacet
  facet normal -0 0 -1
    outer loop
      vertex 56.9579 6.06004 1.8
      vertex 55.4673 5.8921 1.8
      vertex 56.95 6.2 1.8
    endloop
  endfacet
  facet normal 0 0 -1
    outer loop
      vertex 56.9813 6.47815 1.8
      vertex 55.5189 6.81193 1.8
      vertex 55.6043 7.10827 1.8
    endloop
  endfacet
  facet normal 0 0 -1
    outer loop
      vertex 55.45 6.2 1.8
      vertex 56.95 6.2 1.8
      vertex 55.4673 5.8921 1.8
    endloop
  endfacet
  facet normal 0 0 -1
    outer loop
      vertex 56.9579 6.33996 1.8
      vertex 55.4673 6.5079 1.8
      vertex 55.5189 6.81193 1.8
    endloop
  endfacet
  facet normal 0 0 -1
    outer loop
      vertex 56.95 6.2 1.8
      vertex 55.45 6.2 1.8
      vertex 55.4673 6.5079 1.8
    endloop
  endfacet
  facet normal -0.998425 0.0560986 -4.4474e-20
    outer loop
      vertex 55.45 6.2 1.8
      vertex 55.4673 6.5079 5.8
      vertex 55.4673 6.5079 1.8
    endloop
  endfacet
  facet normal -0.998425 0.0560986 -4.4474e-20
    outer loop
      vertex 55.4673 6.5079 5.8
      vertex 55.45 6.2 1.8
      vertex 55.45 6.2 5.8
    endloop
  endfacet
  facet normal 0.815609 -0.578603 1.02551e-18
    outer loop
      vertex 57.1416 6.86504 5.8
      vertex 57.2227 6.97936 1.8
      vertex 57.2227 6.97936 5.8
    endloop
  endfacet
  facet normal 0.815609 -0.578603 1.02551e-18
    outer loop
      vertex 57.2227 6.97936 1.8
      vertex 57.1416 6.86504 5.8
      vertex 57.1416 6.86504 1.8
    endloop
  endfacet
  facet normal -0.985964 -0.166955 1.49382e-19
    outer loop
      vertex 59.4421 6.33996 1.8
      vertex 59.4187 6.47815 5.8
      vertex 59.4187 6.47815 1.8
    endloop
  endfacet
  facet normal -0.985964 -0.166955 1.49382e-19
    outer loop
      vertex 59.4187 6.47815 5.8
      vertex 59.4421 6.33996 1.8
      vertex 59.4421 6.33996 5.8
    endloop
  endfacet
  facet normal -0.998411 -0.056355 1.89908e-19
    outer loop
      vertex 59.45 6.2 1.8
      vertex 59.4421 6.33996 5.8
      vertex 59.4421 6.33996 1.8
    endloop
  endfacet
  facet normal -0.998411 -0.056355 1.89908e-19
    outer loop
      vertex 59.4421 6.33996 5.8
      vertex 59.45 6.2 1.8
      vertex 59.45 6.2 5.8
    endloop
  endfacet
  facet normal -0.484 -0.875068 0
    outer loop
      vertex 58.7424 7.32621 1.8
      vertex 58.865 7.2584 5.8
      vertex 58.7424 7.32621 5.8
    endloop
  endfacet
  facet normal -0.484 -0.875068 -0
    outer loop
      vertex 58.865 7.2584 5.8
      vertex 58.7424 7.32621 1.8
      vertex 58.865 7.2584 1.8
    endloop
  endfacet
  facet normal -0.382679 0.923881 0
    outer loop
      vertex 58.7424 5.07379 1.8
      vertex 58.6129 5.02015 5.8
      vertex 58.7424 5.07379 5.8
    endloop
  endfacet
  facet normal -0.382679 0.923881 0
    outer loop
      vertex 58.6129 5.02015 5.8
      vertex 58.7424 5.07379 1.8
      vertex 58.6129 5.02015 1.8
    endloop
  endfacet
  facet normal -0.875249 -0.483673 6.03799e-20
    outer loop
      vertex 59.3262 6.74235 1.8
      vertex 59.2584 6.86504 5.8
      vertex 59.2584 6.86504 1.8
    endloop
  endfacet
  facet normal -0.875249 -0.483673 6.03799e-20
    outer loop
      vertex 59.2584 6.86504 5.8
      vertex 59.3262 6.74235 1.8
      vertex 59.3262 6.74235 5.8
    endloop
  endfacet
  facet normal 0.985964 -0.166955 -2.30575e-19
    outer loop
      vertex 56.9579 6.33996 5.8
      vertex 56.9813 6.47815 1.8
      vertex 56.9813 6.47815 5.8
    endloop
  endfacet
  facet normal 0.985964 -0.166955 -2.30575e-19
    outer loop
      vertex 56.9813 6.47815 1.8
      vertex 56.9579 6.33996 5.8
      vertex 56.9579 6.33996 1.8
    endloop
  endfacet
  facet normal -0.382679 -0.923881 0
    outer loop
      vertex 58.6129 7.37985 1.8
      vertex 58.7424 7.32621 5.8
      vertex 58.6129 7.37985 5.8
    endloop
  endfacet
  facet normal -0.382679 -0.923881 -0
    outer loop
      vertex 58.7424 7.32621 5.8
      vertex 58.6129 7.37985 1.8
      vertex 58.7424 7.32621 1.8
    endloop
  endfacet
  facet normal -0.0560546 0.998428 0
    outer loop
      vertex 58.34 4.95786 1.8
      vertex 58.2 4.95 5.8
      vertex 58.34 4.95786 5.8
    endloop
  endfacet
  facet normal -0.0560546 0.998428 0
    outer loop
      vertex 58.2 4.95 5.8
      vertex 58.34 4.95786 1.8
      vertex 58.2 4.95 1.8
    endloop
  endfacet
  facet normal -0.483945 0.875098 0
    outer loop
      vertex 58.865 5.14159 1.8
      vertex 58.7424 5.07379 5.8
      vertex 58.865 5.14159 5.8
    endloop
  endfacet
  facet normal -0.483945 0.875098 0
    outer loop
      vertex 58.7424 5.07379 5.8
      vertex 58.865 5.14159 1.8
      vertex 58.7424 5.07379 1.8
    endloop
  endfacet
  facet normal 0.0560546 -0.998428 0
    outer loop
      vertex 58.06 7.44214 1.8
      vertex 58.2 7.45 5.8
      vertex 58.06 7.44214 5.8
    endloop
  endfacet
  facet normal 0.0560546 -0.998428 0
    outer loop
      vertex 58.2 7.45 5.8
      vertex 58.06 7.44214 1.8
      vertex 58.2 7.45 1.8
    endloop
  endfacet
  facet normal 0.875249 -0.483673 -6.03799e-20
    outer loop
      vertex 57.0738 6.74235 5.8
      vertex 57.1416 6.86504 1.8
      vertex 57.1416 6.86504 5.8
    endloop
  endfacet
  facet normal 0.875249 -0.483673 -6.03799e-20
    outer loop
      vertex 57.1416 6.86504 1.8
      vertex 57.0738 6.74235 5.8
      vertex 57.0738 6.74235 1.8
    endloop
  endfacet
  facet normal -0.167616 -0.985852 0
    outer loop
      vertex 58.34 7.44214 1.8
      vertex 58.4781 7.41866 5.8
      vertex 58.34 7.44214 5.8
    endloop
  endfacet
  facet normal -0.167616 -0.985852 -0
    outer loop
      vertex 58.4781 7.41866 5.8
      vertex 58.34 7.44214 1.8
      vertex 58.4781 7.41866 1.8
    endloop
  endfacet
  facet normal -0.578381 -0.815767 0
    outer loop
      vertex 58.865 7.2584 1.8
      vertex 58.9794 7.17729 5.8
      vertex 58.865 7.2584 5.8
    endloop
  endfacet
  facet normal -0.578381 -0.815767 -0
    outer loop
      vertex 58.9794 7.17729 5.8
      vertex 58.865 7.2584 1.8
      vertex 58.9794 7.17729 1.8
    endloop
  endfacet
  facet normal -0.666438 -0.74556 0
    outer loop
      vertex 58.9794 7.17729 1.8
      vertex 59.0839 7.08388 5.8
      vertex 58.9794 7.17729 5.8
    endloop
  endfacet
  facet normal -0.666438 -0.74556 -0
    outer loop
      vertex 59.0839 7.08388 5.8
      vertex 58.9794 7.17729 1.8
      vertex 59.0839 7.08388 1.8
    endloop
  endfacet
  facet normal -0.27667 0.960965 0
    outer loop
      vertex 58.6129 5.02015 1.8
      vertex 58.4781 4.98134 5.8
      vertex 58.6129 5.02015 5.8
    endloop
  endfacet
  facet normal -0.27667 0.960965 0
    outer loop
      vertex 58.4781 4.98134 5.8
      vertex 58.6129 5.02015 1.8
      vertex 58.4781 4.98134 1.8
    endloop
  endfacet
  facet normal -0.745659 -0.666328 -1.07903e-18
    outer loop
      vertex 59.1773 6.97936 1.8
      vertex 59.0839 7.08388 5.8
      vertex 59.0839 7.08388 1.8
    endloop
  endfacet
  facet normal -0.745659 -0.666328 -1.07903e-18
    outer loop
      vertex 59.0839 7.08388 5.8
      vertex 59.1773 6.97936 1.8
      vertex 59.1773 6.97936 5.8
    endloop
  endfacet
  facet normal -0.167616 0.985852 0
    outer loop
      vertex 58.4781 4.98134 1.8
      vertex 58.34 4.95786 5.8
      vertex 58.4781 4.98134 5.8
    endloop
  endfacet
  facet normal -0.167616 0.985852 0
    outer loop
      vertex 58.34 4.95786 5.8
      vertex 58.4781 4.98134 1.8
      vertex 58.34 4.95786 1.8
    endloop
  endfacet
  facet normal 0.277049 -0.960856 0
    outer loop
      vertex 57.7872 7.37985 1.8
      vertex 57.9218 7.41866 5.8
      vertex 57.7872 7.37985 5.8
    endloop
  endfacet
  facet normal 0.277049 -0.960856 0
    outer loop
      vertex 57.9218 7.41866 5.8
      vertex 57.7872 7.37985 1.8
      vertex 57.9218 7.41866 1.8
    endloop
  endfacet
  facet normal 0.666438 -0.74556 0
    outer loop
      vertex 57.3161 7.08388 1.8
      vertex 57.4206 7.17729 5.8
      vertex 57.3161 7.08388 5.8
    endloop
  endfacet
  facet normal 0.666438 -0.74556 0
    outer loop
      vertex 57.4206 7.17729 5.8
      vertex 57.3161 7.08388 1.8
      vertex 57.4206 7.17729 1.8
    endloop
  endfacet
  facet normal -0.745659 0.666328 1.07903e-18
    outer loop
      vertex 59.0839 5.31612 1.8
      vertex 59.1773 5.42064 5.8
      vertex 59.1773 5.42064 1.8
    endloop
  endfacet
  facet normal -0.745659 0.666328 1.07903e-18
    outer loop
      vertex 59.1773 5.42064 5.8
      vertex 59.0839 5.31612 1.8
      vertex 59.0839 5.31612 5.8
    endloop
  endfacet
  facet normal -0.27667 -0.960965 0
    outer loop
      vertex 58.4781 7.41866 1.8
      vertex 58.6129 7.37985 5.8
      vertex 58.4781 7.41866 5.8
    endloop
  endfacet
  facet normal -0.27667 -0.960965 -0
    outer loop
      vertex 58.6129 7.37985 5.8
      vertex 58.4781 7.41866 1.8
      vertex 58.6129 7.37985 1.8
    endloop
  endfacet
  facet normal 0.960929 0.276793 -6.33787e-19
    outer loop
      vertex 57.0201 5.78715 5.8
      vertex 56.9813 5.92185 1.8
      vertex 56.9813 5.92185 5.8
    endloop
  endfacet
  facet normal 0.960929 0.276793 -6.33787e-19
    outer loop
      vertex 56.9813 5.92185 1.8
      vertex 57.0201 5.78715 5.8
      vertex 57.0201 5.78715 1.8
    endloop
  endfacet
  facet normal -0.960929 0.276793 6.33787e-19
    outer loop
      vertex 59.3799 5.78715 1.8
      vertex 59.4187 5.92185 5.8
      vertex 59.4187 5.92185 1.8
    endloop
  endfacet
  facet normal -0.960929 0.276793 6.33787e-19
    outer loop
      vertex 59.4187 5.92185 5.8
      vertex 59.3799 5.78715 1.8
      vertex 59.3799 5.78715 5.8
    endloop
  endfacet
  facet normal 0.985964 0.166955 1.71165e-19
    outer loop
      vertex 56.9813 5.92185 5.8
      vertex 56.9579 6.06004 1.8
      vertex 56.9579 6.06004 5.8
    endloop
  endfacet
  facet normal 0.985964 0.166955 1.71165e-19
    outer loop
      vertex 56.9579 6.06004 1.8
      vertex 56.9813 5.92185 5.8
      vertex 56.9813 5.92185 1.8
    endloop
  endfacet
  facet normal 0.815609 0.578603 -1.02551e-18
    outer loop
      vertex 57.2227 5.42064 5.8
      vertex 57.1416 5.53496 1.8
      vertex 57.1416 5.53496 5.8
    endloop
  endfacet
  facet normal 0.815609 0.578603 -1.02551e-18
    outer loop
      vertex 57.1416 5.53496 1.8
      vertex 57.2227 5.42064 5.8
      vertex 57.2227 5.42064 1.8
    endloop
  endfacet
  facet normal 0.745659 0.666328 -7.26574e-19
    outer loop
      vertex 57.3161 5.31612 5.8
      vertex 57.2227 5.42064 1.8
      vertex 57.2227 5.42064 5.8
    endloop
  endfacet
  facet normal 0.745659 0.666328 -7.26574e-19
    outer loop
      vertex 57.2227 5.42064 1.8
      vertex 57.3161 5.31612 5.8
      vertex 57.3161 5.31612 1.8
    endloop
  endfacet
  facet normal 0.167498 -0.985872 0
    outer loop
      vertex 57.9218 7.41866 1.8
      vertex 58.06 7.44214 5.8
      vertex 57.9218 7.41866 5.8
    endloop
  endfacet
  facet normal 0.167498 -0.985872 0
    outer loop
      vertex 58.06 7.44214 5.8
      vertex 57.9218 7.41866 1.8
      vertex 58.06 7.44214 1.8
    endloop
  endfacet
  facet normal 0.745659 -0.666328 7.26574e-19
    outer loop
      vertex 57.2227 6.97936 5.8
      vertex 57.3161 7.08388 1.8
      vertex 57.3161 7.08388 5.8
    endloop
  endfacet
  facet normal 0.745659 -0.666328 7.26574e-19
    outer loop
      vertex 57.3161 7.08388 1.8
      vertex 57.2227 6.97936 5.8
      vertex 57.2227 6.97936 1.8
    endloop
  endfacet
  facet normal -0.815609 -0.578603 -2.3739e-19
    outer loop
      vertex 59.2584 6.86504 1.8
      vertex 59.1773 6.97936 5.8
      vertex 59.1773 6.97936 1.8
    endloop
  endfacet
  facet normal -0.815609 -0.578603 -2.3739e-19
    outer loop
      vertex 59.1773 6.97936 5.8
      vertex 59.2584 6.86504 1.8
      vertex 59.2584 6.86504 5.8
    endloop
  endfacet
  facet normal 0.484 -0.875068 0
    outer loop
      vertex 57.535 7.2584 1.8
      vertex 57.6576 7.32621 5.8
      vertex 57.535 7.2584 5.8
    endloop
  endfacet
  facet normal 0.484 -0.875068 0
    outer loop
      vertex 57.6576 7.32621 5.8
      vertex 57.535 7.2584 1.8
      vertex 57.6576 7.32621 1.8
    endloop
  endfacet
  facet normal -0.92373 0.383045 -7.26198e-20
    outer loop
      vertex 59.3262 5.65765 1.8
      vertex 59.3799 5.78715 5.8
      vertex 59.3799 5.78715 1.8
    endloop
  endfacet
  facet normal -0.92373 0.383045 -7.26198e-20
    outer loop
      vertex 59.3799 5.78715 5.8
      vertex 59.3262 5.65765 1.8
      vertex 59.3262 5.65765 5.8
    endloop
  endfacet
  facet normal 0.277049 0.960856 -0
    outer loop
      vertex 57.9218 4.98134 1.8
      vertex 57.7872 5.02015 5.8
      vertex 57.9218 4.98134 5.8
    endloop
  endfacet
  facet normal 0.277049 0.960856 0
    outer loop
      vertex 57.7872 5.02015 5.8
      vertex 57.9218 4.98134 1.8
      vertex 57.7872 5.02015 1.8
    endloop
  endfacet
  facet normal 0.875249 0.483673 9.46445e-19
    outer loop
      vertex 57.1416 5.53496 5.8
      vertex 57.0738 5.65765 1.8
      vertex 57.0738 5.65765 5.8
    endloop
  endfacet
  facet normal 0.875249 0.483673 9.46445e-19
    outer loop
      vertex 57.0738 5.65765 1.8
      vertex 57.1416 5.53496 5.8
      vertex 57.1416 5.53496 1.8
    endloop
  endfacet
  facet normal 0.92373 -0.383045 -8.99432e-20
    outer loop
      vertex 57.0201 6.61285 5.8
      vertex 57.0738 6.74235 1.8
      vertex 57.0738 6.74235 5.8
    endloop
  endfacet
  facet normal 0.92373 -0.383045 -8.99432e-20
    outer loop
      vertex 57.0738 6.74235 1.8
      vertex 57.0201 6.61285 5.8
      vertex 57.0201 6.61285 1.8
    endloop
  endfacet
  facet normal -0.998411 0.056355 -5.13112e-20
    outer loop
      vertex 59.4421 6.06004 1.8
      vertex 59.45 6.2 5.8
      vertex 59.45 6.2 1.8
    endloop
  endfacet
  facet normal -0.998411 0.056355 -5.13112e-20
    outer loop
      vertex 59.45 6.2 5.8
      vertex 59.4421 6.06004 1.8
      vertex 59.4421 6.06004 5.8
    endloop
  endfacet
  facet normal 0.960929 -0.276793 -4.97311e-19
    outer loop
      vertex 56.9813 6.47815 5.8
      vertex 57.0201 6.61285 1.8
      vertex 57.0201 6.61285 5.8
    endloop
  endfacet
  facet normal 0.960929 -0.276793 -4.97311e-19
    outer loop
      vertex 57.0201 6.61285 1.8
      vertex 56.9813 6.47815 5.8
      vertex 56.9813 6.47815 1.8
    endloop
  endfacet
  facet normal -0.815609 0.578603 2.3739e-19
    outer loop
      vertex 59.1773 5.42064 1.8
      vertex 59.2584 5.53496 5.8
      vertex 59.2584 5.53496 1.8
    endloop
  endfacet
  facet normal -0.815609 0.578603 2.3739e-19
    outer loop
      vertex 59.2584 5.53496 5.8
      vertex 59.1773 5.42064 1.8
      vertex 59.1773 5.42064 5.8
    endloop
  endfacet
  facet normal -0.0560546 -0.998428 0
    outer loop
      vertex 58.2 7.45 1.8
      vertex 58.34 7.44214 5.8
      vertex 58.2 7.45 5.8
    endloop
  endfacet
  facet normal -0.0560546 -0.998428 -0
    outer loop
      vertex 58.34 7.44214 5.8
      vertex 58.2 7.45 1.8
      vertex 58.34 7.44214 1.8
    endloop
  endfacet
  facet normal -0.875249 0.483673 -9.46445e-19
    outer loop
      vertex 59.2584 5.53496 1.8
      vertex 59.3262 5.65765 5.8
      vertex 59.3262 5.65765 1.8
    endloop
  endfacet
  facet normal -0.875249 0.483673 -9.46445e-19
    outer loop
      vertex 59.3262 5.65765 5.8
      vertex 59.2584 5.53496 1.8
      vertex 59.2584 5.53496 5.8
    endloop
  endfacet
  facet normal -0.92373 -0.383045 8.99432e-20
    outer loop
      vertex 59.3799 6.61285 1.8
      vertex 59.3262 6.74235 5.8
      vertex 59.3262 6.74235 1.8
    endloop
  endfacet
  facet normal -0.92373 -0.383045 8.99432e-20
    outer loop
      vertex 59.3262 6.74235 5.8
      vertex 59.3799 6.61285 1.8
      vertex 59.3799 6.61285 5.8
    endloop
  endfacet
  facet normal -0.985964 0.166955 -8.99722e-20
    outer loop
      vertex 59.4187 5.92185 1.8
      vertex 59.4421 6.06004 5.8
      vertex 59.4421 6.06004 1.8
    endloop
  endfacet
  facet normal -0.985964 0.166955 -8.99722e-20
    outer loop
      vertex 59.4421 6.06004 5.8
      vertex 59.4187 5.92185 1.8
      vertex 59.4187 5.92185 5.8
    endloop
  endfacet
  facet normal 0.998411 0.056355 5.13112e-20
    outer loop
      vertex 56.9579 6.06004 5.8
      vertex 56.95 6.2 1.8
      vertex 56.95 6.2 5.8
    endloop
  endfacet
  facet normal 0.998411 0.056355 5.13112e-20
    outer loop
      vertex 56.95 6.2 1.8
      vertex 56.9579 6.06004 5.8
      vertex 56.9579 6.06004 1.8
    endloop
  endfacet
  facet normal 0.382427 0.923986 -0
    outer loop
      vertex 57.7872 5.02015 1.8
      vertex 57.6576 5.07379 5.8
      vertex 57.7872 5.02015 5.8
    endloop
  endfacet
  facet normal 0.382427 0.923986 0
    outer loop
      vertex 57.6576 5.07379 5.8
      vertex 57.7872 5.02015 1.8
      vertex 57.6576 5.07379 1.8
    endloop
  endfacet
  facet normal -0.960929 -0.276793 4.97311e-19
    outer loop
      vertex 59.4187 6.47815 1.8
      vertex 59.3799 6.61285 5.8
      vertex 59.3799 6.61285 1.8
    endloop
  endfacet
  facet normal -0.960929 -0.276793 4.97311e-19
    outer loop
      vertex 59.3799 6.61285 5.8
      vertex 59.4187 6.47815 1.8
      vertex 59.4187 6.47815 5.8
    endloop
  endfacet
  facet normal 0.578381 -0.815767 0
    outer loop
      vertex 57.4206 7.17729 1.8
      vertex 57.535 7.2584 5.8
      vertex 57.4206 7.17729 5.8
    endloop
  endfacet
  facet normal 0.578381 -0.815767 0
    outer loop
      vertex 57.535 7.2584 5.8
      vertex 57.4206 7.17729 1.8
      vertex 57.535 7.2584 1.8
    endloop
  endfacet
  facet normal 0.998411 -0.056355 -1.89908e-19
    outer loop
      vertex 56.95 6.2 5.8
      vertex 56.9579 6.33996 1.8
      vertex 56.9579 6.33996 5.8
    endloop
  endfacet
  facet normal 0.998411 -0.056355 -1.89908e-19
    outer loop
      vertex 56.9579 6.33996 1.8
      vertex 56.95 6.2 5.8
      vertex 56.95 6.2 1.8
    endloop
  endfacet
  facet normal 0.483945 0.875098 -0
    outer loop
      vertex 57.6576 5.07379 1.8
      vertex 57.535 5.14159 5.8
      vertex 57.6576 5.07379 5.8
    endloop
  endfacet
  facet normal 0.483945 0.875098 0
    outer loop
      vertex 57.535 5.14159 5.8
      vertex 57.6576 5.07379 1.8
      vertex 57.535 5.14159 1.8
    endloop
  endfacet
  facet normal 0.382427 -0.923986 0
    outer loop
      vertex 57.6576 7.32621 1.8
      vertex 57.7872 7.37985 5.8
      vertex 57.6576 7.32621 5.8
    endloop
  endfacet
  facet normal 0.382427 -0.923986 0
    outer loop
      vertex 57.7872 7.37985 5.8
      vertex 57.6576 7.32621 1.8
      vertex 57.7872 7.37985 1.8
    endloop
  endfacet
  facet normal 0.0560546 0.998428 -0
    outer loop
      vertex 58.2 4.95 1.8
      vertex 58.06 4.95786 5.8
      vertex 58.2 4.95 5.8
    endloop
  endfacet
  facet normal 0.0560546 0.998428 0
    outer loop
      vertex 58.06 4.95786 5.8
      vertex 58.2 4.95 1.8
      vertex 58.06 4.95786 1.8
    endloop
  endfacet
  facet normal 0.167498 0.985872 -0
    outer loop
      vertex 58.06 4.95786 1.8
      vertex 57.9218 4.98134 5.8
      vertex 58.06 4.95786 5.8
    endloop
  endfacet
  facet normal 0.167498 0.985872 0
    outer loop
      vertex 57.9218 4.98134 5.8
      vertex 58.06 4.95786 1.8
      vertex 57.9218 4.98134 1.8
    endloop
  endfacet
  facet normal 0.92373 0.383045 7.26198e-20
    outer loop
      vertex 57.0738 5.65765 5.8
      vertex 57.0201 5.78715 1.8
      vertex 57.0201 5.78715 5.8
    endloop
  endfacet
  facet normal 0.92373 0.383045 7.26198e-20
    outer loop
      vertex 57.0201 5.78715 1.8
      vertex 57.0738 5.65765 5.8
      vertex 57.0738 5.65765 1.8
    endloop
  endfacet
  facet normal 0.578429 0.815733 -0
    outer loop
      vertex 57.535 5.14159 1.8
      vertex 57.4206 5.22271 5.8
      vertex 57.535 5.14159 5.8
    endloop
  endfacet
  facet normal 0.578429 0.815733 0
    outer loop
      vertex 57.4206 5.22271 5.8
      vertex 57.535 5.14159 1.8
      vertex 57.4206 5.22271 1.8
    endloop
  endfacet
  facet normal 0.666438 0.74556 -0
    outer loop
      vertex 57.4206 5.22271 1.8
      vertex 57.3161 5.31612 5.8
      vertex 57.4206 5.22271 5.8
    endloop
  endfacet
  facet normal 0.666438 0.74556 0
    outer loop
      vertex 57.3161 5.31612 5.8
      vertex 57.4206 5.22271 1.8
      vertex 57.3161 5.31612 1.8
    endloop
  endfacet
  facet normal -0.666438 0.74556 0
    outer loop
      vertex 59.0839 5.31612 1.8
      vertex 58.9794 5.22271 5.8
      vertex 59.0839 5.31612 5.8
    endloop
  endfacet
  facet normal -0.666438 0.74556 0
    outer loop
      vertex 58.9794 5.22271 5.8
      vertex 59.0839 5.31612 1.8
      vertex 58.9794 5.22271 1.8
    endloop
  endfacet
  facet normal -0.578429 0.815733 0
    outer loop
      vertex 58.9794 5.22271 1.8
      vertex 58.865 5.14159 5.8
      vertex 58.9794 5.22271 5.8
    endloop
  endfacet
  facet normal -0.578429 0.815733 0
    outer loop
      vertex 58.865 5.14159 5.8
      vertex 58.9794 5.22271 1.8
      vertex 58.865 5.14159 1.8
    endloop
  endfacet
  facet normal 0.985899 0.167343 6.66894e-19
    outer loop
      vertex 60.9327 43.5079 5.8
      vertex 60.8811 43.8119 1.8
      vertex 60.8811 43.8119 5.8
    endloop
  endfacet
  facet normal 0.985899 0.167343 6.66894e-19
    outer loop
      vertex 60.8811 43.8119 1.8
      vertex 60.9327 43.5079 5.8
      vertex 60.9327 43.5079 1.8
    endloop
  endfacet
  facet normal 0.998425 0.0560986 -2.76161e-19
    outer loop
      vertex 60.95 43.2 5.8
      vertex 60.9327 43.5079 1.8
      vertex 60.9327 43.5079 5.8
    endloop
  endfacet
  facet normal 0.998425 0.0560986 -2.76161e-19
    outer loop
      vertex 60.9327 43.5079 1.8
      vertex 60.95 43.2 5.8
      vertex 60.95 43.2 1.8
    endloop
  endfacet
  facet normal -0.578782 0.815482 0
    outer loop
      vertex 56.7369 45.5285 1.8
      vertex 56.4854 45.35 5.8
      vertex 56.7369 45.5285 5.8
    endloop
  endfacet
  facet normal -0.578782 0.815482 0
    outer loop
      vertex 56.4854 45.35 5.8
      vertex 56.7369 45.5285 1.8
      vertex 56.4854 45.35 1.8
    endloop
  endfacet
  facet normal -0.815482 0.578782 -1.13468e-18
    outer loop
      vertex 55.8715 44.6631 1.8
      vertex 56.05 44.9146 5.8
      vertex 56.05 44.9146 1.8
    endloop
  endfacet
  facet normal -0.815482 0.578782 -1.13468e-18
    outer loop
      vertex 56.05 44.9146 5.8
      vertex 55.8715 44.6631 1.8
      vertex 55.8715 44.6631 5.8
    endloop
  endfacet
  facet normal -0.276861 0.96091 0
    outer loop
      vertex 57.5881 45.8811 1.8
      vertex 57.2917 45.7957 5.8
      vertex 57.5881 45.8811 5.8
    endloop
  endfacet
  facet normal -0.276861 0.96091 0
    outer loop
      vertex 57.2917 45.7957 5.8
      vertex 57.5881 45.8811 1.8
      vertex 57.2917 45.7957 1.8
    endloop
  endfacet
  facet normal -0.483797 -0.87518 0
    outer loop
      vertex 56.7369 40.8715 1.8
      vertex 57.0068 40.7223 5.8
      vertex 56.7369 40.8715 5.8
    endloop
  endfacet
  facet normal -0.483797 -0.87518 -0
    outer loop
      vertex 57.0068 40.7223 5.8
      vertex 56.7369 40.8715 1.8
      vertex 57.0068 40.7223 1.8
    endloop
  endfacet
  facet normal 0.87518 -0.483797 1.50955e-18
    outer loop
      vertex 60.5285 41.7369 5.8
      vertex 60.6777 42.0068 1.8
      vertex 60.6777 42.0068 5.8
    endloop
  endfacet
  facet normal 0.87518 -0.483797 1.50955e-18
    outer loop
      vertex 60.6777 42.0068 1.8
      vertex 60.5285 41.7369 5.8
      vertex 60.5285 41.7369 1.8
    endloop
  endfacet
  facet normal -0.382657 0.92389 0
    outer loop
      vertex 57.2917 45.7957 1.8
      vertex 57.0068 45.6777 5.8
      vertex 57.2917 45.7957 5.8
    endloop
  endfacet
  facet normal -0.382657 0.92389 0
    outer loop
      vertex 57.0068 45.6777 5.8
      vertex 57.2917 45.7957 1.8
      vertex 57.0068 45.6777 1.8
    endloop
  endfacet
  facet normal 0.666435 0.745564 -0
    outer loop
      vertex 60.1445 45.1445 1.8
      vertex 59.9146 45.35 5.8
      vertex 60.1445 45.1445 5.8
    endloop
  endfacet
  facet normal 0.666435 0.745564 0
    outer loop
      vertex 59.9146 45.35 5.8
      vertex 60.1445 45.1445 1.8
      vertex 59.9146 45.35 1.8
    endloop
  endfacet
  facet normal 0.578782 -0.815482 0
    outer loop
      vertex 59.6631 40.8715 1.8
      vertex 59.9146 41.05 5.8
      vertex 59.6631 40.8715 5.8
    endloop
  endfacet
  facet normal 0.578782 -0.815482 0
    outer loop
      vertex 59.9146 41.05 5.8
      vertex 59.6631 40.8715 1.8
      vertex 59.9146 41.05 1.8
    endloop
  endfacet
  facet normal 0.96091 0.276861 1.36858e-18
    outer loop
      vertex 60.8811 43.8119 5.8
      vertex 60.7957 44.1083 1.8
      vertex 60.7957 44.1083 5.8
    endloop
  endfacet
  facet normal 0.96091 0.276861 1.36858e-18
    outer loop
      vertex 60.7957 44.1083 1.8
      vertex 60.8811 43.8119 5.8
      vertex 60.8811 43.8119 1.8
    endloop
  endfacet
  facet normal 0.666435 -0.745564 0
    outer loop
      vertex 59.9146 41.05 1.8
      vertex 60.1445 41.2555 5.8
      vertex 59.9146 41.05 5.8
    endloop
  endfacet
  facet normal 0.666435 -0.745564 0
    outer loop
      vertex 60.1445 41.2555 5.8
      vertex 59.9146 41.05 1.8
      vertex 60.1445 41.2555 1.8
    endloop
  endfacet
  facet normal 0.578782 0.815482 -0
    outer loop
      vertex 59.9146 45.35 1.8
      vertex 59.6631 45.5285 5.8
      vertex 59.9146 45.35 5.8
    endloop
  endfacet
  facet normal 0.578782 0.815482 0
    outer loop
      vertex 59.6631 45.5285 5.8
      vertex 59.9146 45.35 1.8
      vertex 59.6631 45.5285 1.8
    endloop
  endfacet
  facet normal 0.483797 0.87518 -0
    outer loop
      vertex 59.6631 45.5285 1.8
      vertex 59.3932 45.6777 5.8
      vertex 59.6631 45.5285 5.8
    endloop
  endfacet
  facet normal 0.483797 0.87518 0
    outer loop
      vertex 59.3932 45.6777 5.8
      vertex 59.6631 45.5285 1.8
      vertex 59.3932 45.6777 1.8
    endloop
  endfacet
  facet normal 0.745564 -0.666435 4.50559e-19
    outer loop
      vertex 60.1445 41.2555 5.8
      vertex 60.35 41.4854 1.8
      vertex 60.35 41.4854 5.8
    endloop
  endfacet
  facet normal 0.745564 -0.666435 4.50559e-19
    outer loop
      vertex 60.35 41.4854 1.8
      vertex 60.1445 41.2555 5.8
      vertex 60.1445 41.2555 1.8
    endloop
  endfacet
  facet normal 0.167343 -0.985899 0
    outer loop
      vertex 58.5079 40.4673 1.8
      vertex 58.8119 40.5189 5.8
      vertex 58.5079 40.4673 5.8
    endloop
  endfacet
  facet normal 0.167343 -0.985899 0
    outer loop
      vertex 58.8119 40.5189 5.8
      vertex 58.5079 40.4673 1.8
      vertex 58.8119 40.5189 1.8
    endloop
  endfacet
  facet normal 0.0560986 -0.998425 0
    outer loop
      vertex 58.2 40.45 1.8
      vertex 58.5079 40.4673 5.8
      vertex 58.2 40.45 5.8
    endloop
  endfacet
  facet normal 0.0560986 -0.998425 0
    outer loop
      vertex 58.5079 40.4673 5.8
      vertex 58.2 40.45 1.8
      vertex 58.5079 40.4673 1.8
    endloop
  endfacet
  facet normal 0.815482 0.578782 1.13468e-18
    outer loop
      vertex 60.5285 44.6631 5.8
      vertex 60.35 44.9146 1.8
      vertex 60.35 44.9146 5.8
    endloop
  endfacet
  facet normal 0.815482 0.578782 1.13468e-18
    outer loop
      vertex 60.35 44.9146 1.8
      vertex 60.5285 44.6631 5.8
      vertex 60.5285 44.6631 1.8
    endloop
  endfacet
  facet normal 0.745564 0.666435 -4.50559e-19
    outer loop
      vertex 60.35 44.9146 5.8
      vertex 60.1445 45.1445 1.8
      vertex 60.1445 45.1445 5.8
    endloop
  endfacet
  facet normal 0.745564 0.666435 -4.50559e-19
    outer loop
      vertex 60.1445 45.1445 1.8
      vertex 60.35 44.9146 5.8
      vertex 60.35 44.9146 1.8
    endloop
  endfacet
  facet normal 0.382657 -0.92389 0
    outer loop
      vertex 59.1083 40.6043 1.8
      vertex 59.3932 40.7223 5.8
      vertex 59.1083 40.6043 5.8
    endloop
  endfacet
  facet normal 0.382657 -0.92389 0
    outer loop
      vertex 59.3932 40.7223 5.8
      vertex 59.1083 40.6043 1.8
      vertex 59.3932 40.7223 1.8
    endloop
  endfacet
  facet normal -0.483797 0.87518 0
    outer loop
      vertex 57.0068 45.6777 1.8
      vertex 56.7369 45.5285 5.8
      vertex 57.0068 45.6777 5.8
    endloop
  endfacet
  facet normal -0.483797 0.87518 0
    outer loop
      vertex 56.7369 45.5285 5.8
      vertex 57.0068 45.6777 1.8
      vertex 56.7369 45.5285 1.8
    endloop
  endfacet
  facet normal 0.167343 0.985899 -0
    outer loop
      vertex 58.8119 45.8811 1.8
      vertex 58.5079 45.9327 5.8
      vertex 58.8119 45.8811 5.8
    endloop
  endfacet
  facet normal 0.167343 0.985899 0
    outer loop
      vertex 58.5079 45.9327 5.8
      vertex 58.8119 45.8811 1.8
      vertex 58.5079 45.9327 1.8
    endloop
  endfacet
  facet normal -0.985899 -0.167343 -9.98361e-19
    outer loop
      vertex 55.5189 42.5881 1.8
      vertex 55.4673 42.8921 5.8
      vertex 55.4673 42.8921 1.8
    endloop
  endfacet
  facet normal -0.985899 -0.167343 -9.98361e-19
    outer loop
      vertex 55.4673 42.8921 5.8
      vertex 55.5189 42.5881 1.8
      vertex 55.5189 42.5881 5.8
    endloop
  endfacet
  facet normal -0.167343 -0.985899 0
    outer loop
      vertex 57.5881 40.5189 1.8
      vertex 57.8921 40.4673 5.8
      vertex 57.5881 40.5189 5.8
    endloop
  endfacet
  facet normal -0.167343 -0.985899 -0
    outer loop
      vertex 57.8921 40.4673 5.8
      vertex 57.5881 40.5189 1.8
      vertex 57.8921 40.4673 1.8
    endloop
  endfacet
  facet normal 0.382657 0.92389 -0
    outer loop
      vertex 59.3932 45.6777 1.8
      vertex 59.1083 45.7957 5.8
      vertex 59.3932 45.6777 5.8
    endloop
  endfacet
  facet normal 0.382657 0.92389 0
    outer loop
      vertex 59.1083 45.7957 5.8
      vertex 59.3932 45.6777 1.8
      vertex 59.1083 45.7957 1.8
    endloop
  endfacet
  facet normal 0.998425 -0.0560986 8.04049e-20
    outer loop
      vertex 60.9327 42.8921 5.8
      vertex 60.95 43.2 1.8
      vertex 60.95 43.2 5.8
    endloop
  endfacet
  facet normal 0.998425 -0.0560986 8.04049e-20
    outer loop
      vertex 60.95 43.2 1.8
      vertex 60.9327 42.8921 5.8
      vertex 60.9327 42.8921 1.8
    endloop
  endfacet
  facet normal -0.92389 -0.382657 7.15955e-19
    outer loop
      vertex 55.7223 42.0068 1.8
      vertex 55.6043 42.2917 5.8
      vertex 55.6043 42.2917 1.8
    endloop
  endfacet
  facet normal -0.92389 -0.382657 7.15955e-19
    outer loop
      vertex 55.6043 42.2917 5.8
      vertex 55.7223 42.0068 1.8
      vertex 55.7223 42.0068 5.8
    endloop
  endfacet
  facet normal 0 0 1
    outer loop
      vertex 59.45 43.2 5.8
      vertex 60.95 43.2 5.8
      vertex 60.9327 43.5079 5.8
    endloop
  endfacet
  facet normal 0 0 1
    outer loop
      vertex 59.4421 43.34 5.8
      vertex 60.9327 43.5079 5.8
      vertex 60.8811 43.8119 5.8
    endloop
  endfacet
  facet normal 0 0 1
    outer loop
      vertex 60.95 43.2 5.8
      vertex 59.45 43.2 5.8
      vertex 60.9327 42.8921 5.8
    endloop
  endfacet
  facet normal 0 0 1
    outer loop
      vertex 59.4187 43.4781 5.8
      vertex 60.8811 43.8119 5.8
      vertex 60.7957 44.1083 5.8
    endloop
  endfacet
  facet normal -0 0 1
    outer loop
      vertex 59.4421 43.06 5.8
      vertex 60.9327 42.8921 5.8
      vertex 59.45 43.2 5.8
    endloop
  endfacet
  facet normal 0 0 1
    outer loop
      vertex 59.3799 43.6129 5.8
      vertex 60.7957 44.1083 5.8
      vertex 60.6777 44.3932 5.8
    endloop
  endfacet
  facet normal 0 0 1
    outer loop
      vertex 60.9327 42.8921 5.8
      vertex 59.4421 43.06 5.8
      vertex 60.8811 42.5881 5.8
    endloop
  endfacet
  facet normal 0 0 1
    outer loop
      vertex 59.3262 43.7424 5.8
      vertex 60.6777 44.3932 5.8
      vertex 60.5285 44.6631 5.8
    endloop
  endfacet
  facet normal -0 0 1
    outer loop
      vertex 59.4187 42.9218 5.8
      vertex 60.8811 42.5881 5.8
      vertex 59.4421 43.06 5.8
    endloop
  endfacet
  facet normal 0 0 1
    outer loop
      vertex 59.2584 43.865 5.8
      vertex 60.5285 44.6631 5.8
      vertex 60.35 44.9146 5.8
    endloop
  endfacet
  facet normal 0 0 1
    outer loop
      vertex 60.8811 42.5881 5.8
      vertex 59.4187 42.9218 5.8
      vertex 60.7957 42.2917 5.8
    endloop
  endfacet
  facet normal 0 0 1
    outer loop
      vertex 59.1773 43.9794 5.8
      vertex 60.35 44.9146 5.8
      vertex 60.1445 45.1445 5.8
    endloop
  endfacet
  facet normal -0 0 1
    outer loop
      vertex 59.3799 42.7872 5.8
      vertex 60.7957 42.2917 5.8
      vertex 59.4187 42.9218 5.8
    endloop
  endfacet
  facet normal 0 0 1
    outer loop
      vertex 59.0839 44.0839 5.8
      vertex 60.1445 45.1445 5.8
      vertex 59.9146 45.35 5.8
    endloop
  endfacet
  facet normal 0 0 1
    outer loop
      vertex 60.7957 42.2917 5.8
      vertex 59.3799 42.7872 5.8
      vertex 60.6777 42.0068 5.8
    endloop
  endfacet
  facet normal 0 0 1
    outer loop
      vertex 58.9794 44.1773 5.8
      vertex 59.9146 45.35 5.8
      vertex 59.6631 45.5285 5.8
    endloop
  endfacet
  facet normal -0 0 1
    outer loop
      vertex 59.3262 42.6576 5.8
      vertex 60.6777 42.0068 5.8
      vertex 59.3799 42.7872 5.8
    endloop
  endfacet
  facet normal 0 0 1
    outer loop
      vertex 60.6777 42.0068 5.8
      vertex 59.3262 42.6576 5.8
      vertex 60.5285 41.7369 5.8
    endloop
  endfacet
  facet normal 0 0 1
    outer loop
      vertex 60.9327 43.5079 5.8
      vertex 59.4421 43.34 5.8
      vertex 59.45 43.2 5.8
    endloop
  endfacet
  facet normal 0 0 1
    outer loop
      vertex 60.8811 43.8119 5.8
      vertex 59.4187 43.4781 5.8
      vertex 59.4421 43.34 5.8
    endloop
  endfacet
  facet normal 0 0 1
    outer loop
      vertex 58.865 44.2584 5.8
      vertex 59.6631 45.5285 5.8
      vertex 59.3932 45.6777 5.8
    endloop
  endfacet
  facet normal 0 0 1
    outer loop
      vertex 60.7957 44.1083 5.8
      vertex 59.3799 43.6129 5.8
      vertex 59.4187 43.4781 5.8
    endloop
  endfacet
  facet normal 0 0 1
    outer loop
      vertex 60.6777 44.3932 5.8
      vertex 59.3262 43.7424 5.8
      vertex 59.3799 43.6129 5.8
    endloop
  endfacet
  facet normal 0 0 1
    outer loop
      vertex 60.5285 44.6631 5.8
      vertex 59.2584 43.865 5.8
      vertex 59.3262 43.7424 5.8
    endloop
  endfacet
  facet normal 0 0 1
    outer loop
      vertex 60.35 44.9146 5.8
      vertex 59.1773 43.9794 5.8
      vertex 59.2584 43.865 5.8
    endloop
  endfacet
  facet normal 0 0 1
    outer loop
      vertex 58.7424 44.3262 5.8
      vertex 59.3932 45.6777 5.8
      vertex 59.1083 45.7957 5.8
    endloop
  endfacet
  facet normal 0 0 1
    outer loop
      vertex 60.1445 45.1445 5.8
      vertex 59.0839 44.0839 5.8
      vertex 59.1773 43.9794 5.8
    endloop
  endfacet
  facet normal 0 0 1
    outer loop
      vertex 59.9146 45.35 5.8
      vertex 58.9794 44.1773 5.8
      vertex 59.0839 44.0839 5.8
    endloop
  endfacet
  facet normal 0 0 1
    outer loop
      vertex 59.6631 45.5285 5.8
      vertex 58.865 44.2584 5.8
      vertex 58.9794 44.1773 5.8
    endloop
  endfacet
  facet normal 0 0 1
    outer loop
      vertex 58.6129 44.3799 5.8
      vertex 59.1083 45.7957 5.8
      vertex 58.8119 45.8811 5.8
    endloop
  endfacet
  facet normal 0 0 1
    outer loop
      vertex 59.3932 45.6777 5.8
      vertex 58.7424 44.3262 5.8
      vertex 58.865 44.2584 5.8
    endloop
  endfacet
  facet normal 0 0 1
    outer loop
      vertex 59.1083 45.7957 5.8
      vertex 58.6129 44.3799 5.8
      vertex 58.7424 44.3262 5.8
    endloop
  endfacet
  facet normal 0 0 1
    outer loop
      vertex 58.4781 44.4187 5.8
      vertex 58.8119 45.8811 5.8
      vertex 58.5079 45.9327 5.8
    endloop
  endfacet
  facet normal 0 0 1
    outer loop
      vertex 58.8119 45.8811 5.8
      vertex 58.4781 44.4187 5.8
      vertex 58.6129 44.3799 5.8
    endloop
  endfacet
  facet normal 0 0 1
    outer loop
      vertex 58.5079 45.9327 5.8
      vertex 58.34 44.4421 5.8
      vertex 58.4781 44.4187 5.8
    endloop
  endfacet
  facet normal 0 0 1
    outer loop
      vertex 58.2 45.95 5.8
      vertex 58.34 44.4421 5.8
      vertex 58.5079 45.9327 5.8
    endloop
  endfacet
  facet normal 0 0 1
    outer loop
      vertex 58.2 45.95 5.8
      vertex 58.2 44.45 5.8
      vertex 58.34 44.4421 5.8
    endloop
  endfacet
  facet normal 0 0 1
    outer loop
      vertex 58.2 45.95 5.8
      vertex 58.06 44.4421 5.8
      vertex 58.2 44.45 5.8
    endloop
  endfacet
  facet normal -0 0 1
    outer loop
      vertex 57.8921 45.9327 5.8
      vertex 58.06 44.4421 5.8
      vertex 58.2 45.95 5.8
    endloop
  endfacet
  facet normal 0 0 1
    outer loop
      vertex 58.06 44.4421 5.8
      vertex 57.8921 45.9327 5.8
      vertex 57.9218 44.4187 5.8
    endloop
  endfacet
  facet normal -0 0 1
    outer loop
      vertex 57.5881 45.8811 5.8
      vertex 57.9218 44.4187 5.8
      vertex 57.8921 45.9327 5.8
    endloop
  endfacet
  facet normal 0 0 1
    outer loop
      vertex 57.9218 44.4187 5.8
      vertex 57.5881 45.8811 5.8
      vertex 57.7872 44.3799 5.8
    endloop
  endfacet
  facet normal -0 0 1
    outer loop
      vertex 57.2917 45.7957 5.8
      vertex 57.7872 44.3799 5.8
      vertex 57.5881 45.8811 5.8
    endloop
  endfacet
  facet normal 0 0 1
    outer loop
      vertex 57.7872 44.3799 5.8
      vertex 57.2917 45.7957 5.8
      vertex 57.6576 44.3262 5.8
    endloop
  endfacet
  facet normal -0 0 1
    outer loop
      vertex 57.0068 45.6777 5.8
      vertex 57.6576 44.3262 5.8
      vertex 57.2917 45.7957 5.8
    endloop
  endfacet
  facet normal 0 0 1
    outer loop
      vertex 57.6576 44.3262 5.8
      vertex 57.0068 45.6777 5.8
      vertex 57.535 44.2584 5.8
    endloop
  endfacet
  facet normal -0 0 1
    outer loop
      vertex 56.7369 45.5285 5.8
      vertex 57.535 44.2584 5.8
      vertex 57.0068 45.6777 5.8
    endloop
  endfacet
  facet normal 0 0 1
    outer loop
      vertex 57.535 44.2584 5.8
      vertex 56.7369 45.5285 5.8
      vertex 57.4206 44.1773 5.8
    endloop
  endfacet
  facet normal -0 0 1
    outer loop
      vertex 56.4854 45.35 5.8
      vertex 57.4206 44.1773 5.8
      vertex 56.7369 45.5285 5.8
    endloop
  endfacet
  facet normal 0 0 1
    outer loop
      vertex 57.4206 44.1773 5.8
      vertex 56.4854 45.35 5.8
      vertex 57.3161 44.0839 5.8
    endloop
  endfacet
  facet normal -0 0 1
    outer loop
      vertex 56.2555 45.1445 5.8
      vertex 57.3161 44.0839 5.8
      vertex 56.4854 45.35 5.8
    endloop
  endfacet
  facet normal 0 0 1
    outer loop
      vertex 57.3161 44.0839 5.8
      vertex 56.2555 45.1445 5.8
      vertex 57.2227 43.9794 5.8
    endloop
  endfacet
  facet normal -0 0 1
    outer loop
      vertex 56.05 44.9146 5.8
      vertex 57.2227 43.9794 5.8
      vertex 56.2555 45.1445 5.8
    endloop
  endfacet
  facet normal 0 0 1
    outer loop
      vertex 57.2227 43.9794 5.8
      vertex 56.05 44.9146 5.8
      vertex 57.1416 43.865 5.8
    endloop
  endfacet
  facet normal -0 0 1
    outer loop
      vertex 55.8715 44.6631 5.8
      vertex 57.1416 43.865 5.8
      vertex 56.05 44.9146 5.8
    endloop
  endfacet
  facet normal 0 0 1
    outer loop
      vertex 57.1416 43.865 5.8
      vertex 55.8715 44.6631 5.8
      vertex 57.0738 43.7424 5.8
    endloop
  endfacet
  facet normal -0 0 1
    outer loop
      vertex 59.2584 42.535 5.8
      vertex 60.5285 41.7369 5.8
      vertex 59.3262 42.6576 5.8
    endloop
  endfacet
  facet normal 0 0 1
    outer loop
      vertex 60.5285 41.7369 5.8
      vertex 59.2584 42.535 5.8
      vertex 60.35 41.4854 5.8
    endloop
  endfacet
  facet normal -0 0 1
    outer loop
      vertex 59.1773 42.4206 5.8
      vertex 60.35 41.4854 5.8
      vertex 59.2584 42.535 5.8
    endloop
  endfacet
  facet normal 0 0 1
    outer loop
      vertex 60.35 41.4854 5.8
      vertex 59.1773 42.4206 5.8
      vertex 60.1445 41.2555 5.8
    endloop
  endfacet
  facet normal -0 0 1
    outer loop
      vertex 59.0839 42.3161 5.8
      vertex 60.1445 41.2555 5.8
      vertex 59.1773 42.4206 5.8
    endloop
  endfacet
  facet normal 0 0 1
    outer loop
      vertex 60.1445 41.2555 5.8
      vertex 59.0839 42.3161 5.8
      vertex 59.9146 41.05 5.8
    endloop
  endfacet
  facet normal -0 0 1
    outer loop
      vertex 58.9794 42.2227 5.8
      vertex 59.9146 41.05 5.8
      vertex 59.0839 42.3161 5.8
    endloop
  endfacet
  facet normal 0 0 1
    outer loop
      vertex 59.9146 41.05 5.8
      vertex 58.9794 42.2227 5.8
      vertex 59.6631 40.8715 5.8
    endloop
  endfacet
  facet normal -0 0 1
    outer loop
      vertex 58.865 42.1416 5.8
      vertex 59.6631 40.8715 5.8
      vertex 58.9794 42.2227 5.8
    endloop
  endfacet
  facet normal 0 0 1
    outer loop
      vertex 59.6631 40.8715 5.8
      vertex 58.865 42.1416 5.8
      vertex 59.3932 40.7223 5.8
    endloop
  endfacet
  facet normal -0 0 1
    outer loop
      vertex 58.7424 42.0738 5.8
      vertex 59.3932 40.7223 5.8
      vertex 58.865 42.1416 5.8
    endloop
  endfacet
  facet normal 0 0 1
    outer loop
      vertex 59.3932 40.7223 5.8
      vertex 58.7424 42.0738 5.8
      vertex 59.1083 40.6043 5.8
    endloop
  endfacet
  facet normal -0 0 1
    outer loop
      vertex 58.6129 42.0201 5.8
      vertex 59.1083 40.6043 5.8
      vertex 58.7424 42.0738 5.8
    endloop
  endfacet
  facet normal 0 0 1
    outer loop
      vertex 59.1083 40.6043 5.8
      vertex 58.6129 42.0201 5.8
      vertex 58.8119 40.5189 5.8
    endloop
  endfacet
  facet normal -0 0 1
    outer loop
      vertex 58.4781 41.9813 5.8
      vertex 58.8119 40.5189 5.8
      vertex 58.6129 42.0201 5.8
    endloop
  endfacet
  facet normal 0 0 1
    outer loop
      vertex 58.8119 40.5189 5.8
      vertex 58.4781 41.9813 5.8
      vertex 58.5079 40.4673 5.8
    endloop
  endfacet
  facet normal -0 0 1
    outer loop
      vertex 58.34 41.9579 5.8
      vertex 58.5079 40.4673 5.8
      vertex 58.4781 41.9813 5.8
    endloop
  endfacet
  facet normal -0 0 1
    outer loop
      vertex 58.2 41.95 5.8
      vertex 58.5079 40.4673 5.8
      vertex 58.34 41.9579 5.8
    endloop
  endfacet
  facet normal 0 0 1
    outer loop
      vertex 58.2 41.95 5.8
      vertex 58.2 40.45 5.8
      vertex 58.5079 40.4673 5.8
    endloop
  endfacet
  facet normal 0 0 1
    outer loop
      vertex 58.06 41.9579 5.8
      vertex 58.2 40.45 5.8
      vertex 58.2 41.95 5.8
    endloop
  endfacet
  facet normal 0 0 1
    outer loop
      vertex 57.8921 40.4673 5.8
      vertex 58.06 41.9579 5.8
      vertex 57.9218 41.9813 5.8
    endloop
  endfacet
  facet normal 0 0 1
    outer loop
      vertex 58.06 41.9579 5.8
      vertex 57.8921 40.4673 5.8
      vertex 58.2 40.45 5.8
    endloop
  endfacet
  facet normal 0 0 1
    outer loop
      vertex 57.5881 40.5189 5.8
      vertex 57.9218 41.9813 5.8
      vertex 57.7872 42.0201 5.8
    endloop
  endfacet
  facet normal 0 0 1
    outer loop
      vertex 57.2917 40.6043 5.8
      vertex 57.7872 42.0201 5.8
      vertex 57.6576 42.0738 5.8
    endloop
  endfacet
  facet normal 0 0 1
    outer loop
      vertex 57.9218 41.9813 5.8
      vertex 57.5881 40.5189 5.8
      vertex 57.8921 40.4673 5.8
    endloop
  endfacet
  facet normal 0 0 1
    outer loop
      vertex 57.0068 40.7223 5.8
      vertex 57.6576 42.0738 5.8
      vertex 57.535 42.1416 5.8
    endloop
  endfacet
  facet normal 0 0 1
    outer loop
      vertex 56.7369 40.8715 5.8
      vertex 57.535 42.1416 5.8
      vertex 57.4206 42.2227 5.8
    endloop
  endfacet
  facet normal 0 0 1
    outer loop
      vertex 56.4854 41.05 5.8
      vertex 57.4206 42.2227 5.8
      vertex 57.3161 42.3161 5.8
    endloop
  endfacet
  facet normal 0 0 1
    outer loop
      vertex 57.7872 42.0201 5.8
      vertex 57.2917 40.6043 5.8
      vertex 57.5881 40.5189 5.8
    endloop
  endfacet
  facet normal 0 0 1
    outer loop
      vertex 56.2555 41.2555 5.8
      vertex 57.3161 42.3161 5.8
      vertex 57.2227 42.4206 5.8
    endloop
  endfacet
  facet normal 0 0 1
    outer loop
      vertex 56.05 41.4854 5.8
      vertex 57.2227 42.4206 5.8
      vertex 57.1416 42.535 5.8
    endloop
  endfacet
  facet normal 0 0 1
    outer loop
      vertex 55.8715 41.7369 5.8
      vertex 57.1416 42.535 5.8
      vertex 57.0738 42.6576 5.8
    endloop
  endfacet
  facet normal 0 0 1
    outer loop
      vertex 55.7223 42.0068 5.8
      vertex 57.0738 42.6576 5.8
      vertex 57.0201 42.7872 5.8
    endloop
  endfacet
  facet normal 0 0 1
    outer loop
      vertex 57.6576 42.0738 5.8
      vertex 57.0068 40.7223 5.8
      vertex 57.2917 40.6043 5.8
    endloop
  endfacet
  facet normal 0 0 1
    outer loop
      vertex 55.6043 42.2917 5.8
      vertex 57.0201 42.7872 5.8
      vertex 56.9813 42.9218 5.8
    endloop
  endfacet
  facet normal 0 0 1
    outer loop
      vertex 55.5189 42.5881 5.8
      vertex 56.9813 42.9218 5.8
      vertex 56.9579 43.06 5.8
    endloop
  endfacet
  facet normal 0 0 1
    outer loop
      vertex 55.4673 42.8921 5.8
      vertex 56.9579 43.06 5.8
      vertex 56.95 43.2 5.8
    endloop
  endfacet
  facet normal -0 0 1
    outer loop
      vertex 55.7223 44.3932 5.8
      vertex 57.0738 43.7424 5.8
      vertex 55.8715 44.6631 5.8
    endloop
  endfacet
  facet normal 0 0 1
    outer loop
      vertex 57.535 42.1416 5.8
      vertex 56.7369 40.8715 5.8
      vertex 57.0068 40.7223 5.8
    endloop
  endfacet
  facet normal 0 0 1
    outer loop
      vertex 57.0738 43.7424 5.8
      vertex 55.7223 44.3932 5.8
      vertex 57.0201 43.6129 5.8
    endloop
  endfacet
  facet normal 0 0 1
    outer loop
      vertex 57.4206 42.2227 5.8
      vertex 56.4854 41.05 5.8
      vertex 56.7369 40.8715 5.8
    endloop
  endfacet
  facet normal -0 0 1
    outer loop
      vertex 55.6043 44.1083 5.8
      vertex 57.0201 43.6129 5.8
      vertex 55.7223 44.3932 5.8
    endloop
  endfacet
  facet normal 0 0 1
    outer loop
      vertex 57.3161 42.3161 5.8
      vertex 56.2555 41.2555 5.8
      vertex 56.4854 41.05 5.8
    endloop
  endfacet
  facet normal 0 0 1
    outer loop
      vertex 57.0201 43.6129 5.8
      vertex 55.6043 44.1083 5.8
      vertex 56.9813 43.4781 5.8
    endloop
  endfacet
  facet normal 0 0 1
    outer loop
      vertex 57.2227 42.4206 5.8
      vertex 56.05 41.4854 5.8
      vertex 56.2555 41.2555 5.8
    endloop
  endfacet
  facet normal -0 0 1
    outer loop
      vertex 55.5189 43.8119 5.8
      vertex 56.9813 43.4781 5.8
      vertex 55.6043 44.1083 5.8
    endloop
  endfacet
  facet normal 0 0 1
    outer loop
      vertex 57.1416 42.535 5.8
      vertex 55.8715 41.7369 5.8
      vertex 56.05 41.4854 5.8
    endloop
  endfacet
  facet normal 0 0 1
    outer loop
      vertex 56.9813 43.4781 5.8
      vertex 55.5189 43.8119 5.8
      vertex 56.9579 43.34 5.8
    endloop
  endfacet
  facet normal 0 0 1
    outer loop
      vertex 57.0738 42.6576 5.8
      vertex 55.7223 42.0068 5.8
      vertex 55.8715 41.7369 5.8
    endloop
  endfacet
  facet normal -0 0 1
    outer loop
      vertex 55.4673 43.5079 5.8
      vertex 56.9579 43.34 5.8
      vertex 55.5189 43.8119 5.8
    endloop
  endfacet
  facet normal 0 0 1
    outer loop
      vertex 57.0201 42.7872 5.8
      vertex 55.6043 42.2917 5.8
      vertex 55.7223 42.0068 5.8
    endloop
  endfacet
  facet normal 0 0 1
    outer loop
      vertex 56.9579 43.34 5.8
      vertex 55.4673 43.5079 5.8
      vertex 56.95 43.2 5.8
    endloop
  endfacet
  facet normal 0 0 1
    outer loop
      vertex 56.9813 42.9218 5.8
      vertex 55.5189 42.5881 5.8
      vertex 55.6043 42.2917 5.8
    endloop
  endfacet
  facet normal 0 0 1
    outer loop
      vertex 55.45 43.2 5.8
      vertex 56.95 43.2 5.8
      vertex 55.4673 43.5079 5.8
    endloop
  endfacet
  facet normal 0 0 1
    outer loop
      vertex 56.9579 43.06 5.8
      vertex 55.4673 42.8921 5.8
      vertex 55.5189 42.5881 5.8
    endloop
  endfacet
  facet normal 0 0 1
    outer loop
      vertex 56.95 43.2 5.8
      vertex 55.45 43.2 5.8
      vertex 55.4673 42.8921 5.8
    endloop
  endfacet
  facet normal 0.87518 0.483797 -1.50955e-18
    outer loop
      vertex 60.6777 44.3932 5.8
      vertex 60.5285 44.6631 1.8
      vertex 60.5285 44.6631 5.8
    endloop
  endfacet
  facet normal 0.87518 0.483797 -1.50955e-18
    outer loop
      vertex 60.5285 44.6631 1.8
      vertex 60.6777 44.3932 5.8
      vertex 60.6777 44.3932 1.8
    endloop
  endfacet
  facet normal -0.96091 -0.276861 -1.36687e-18
    outer loop
      vertex 55.6043 42.2917 1.8
      vertex 55.5189 42.5881 5.8
      vertex 55.5189 42.5881 1.8
    endloop
  endfacet
  facet normal -0.96091 -0.276861 -1.36687e-18
    outer loop
      vertex 55.5189 42.5881 5.8
      vertex 55.6043 42.2917 1.8
      vertex 55.6043 42.2917 5.8
    endloop
  endfacet
  facet normal -0.815482 -0.578782 1.13468e-18
    outer loop
      vertex 56.05 41.4854 1.8
      vertex 55.8715 41.7369 5.8
      vertex 55.8715 41.7369 1.8
    endloop
  endfacet
  facet normal -0.815482 -0.578782 1.13468e-18
    outer loop
      vertex 55.8715 41.7369 5.8
      vertex 56.05 41.4854 1.8
      vertex 56.05 41.4854 5.8
    endloop
  endfacet
  facet normal -0.87518 -0.483797 -1.50955e-18
    outer loop
      vertex 55.8715 41.7369 1.8
      vertex 55.7223 42.0068 5.8
      vertex 55.7223 42.0068 1.8
    endloop
  endfacet
  facet normal -0.87518 -0.483797 -1.50955e-18
    outer loop
      vertex 55.7223 42.0068 5.8
      vertex 55.8715 41.7369 1.8
      vertex 55.8715 41.7369 5.8
    endloop
  endfacet
  facet normal -0.745564 0.666435 4.50559e-19
    outer loop
      vertex 56.05 44.9146 1.8
      vertex 56.2555 45.1445 5.8
      vertex 56.2555 45.1445 1.8
    endloop
  endfacet
  facet normal -0.745564 0.666435 4.50559e-19
    outer loop
      vertex 56.2555 45.1445 5.8
      vertex 56.05 44.9146 1.8
      vertex 56.05 44.9146 5.8
    endloop
  endfacet
  facet normal 0.483797 -0.87518 0
    outer loop
      vertex 59.3932 40.7223 1.8
      vertex 59.6631 40.8715 5.8
      vertex 59.3932 40.7223 5.8
    endloop
  endfacet
  facet normal 0.483797 -0.87518 0
    outer loop
      vertex 59.6631 40.8715 5.8
      vertex 59.3932 40.7223 1.8
      vertex 59.6631 40.8715 1.8
    endloop
  endfacet
  facet normal 0.276861 0.96091 -0
    outer loop
      vertex 59.1083 45.7957 1.8
      vertex 58.8119 45.8811 5.8
      vertex 59.1083 45.7957 5.8
    endloop
  endfacet
  facet normal 0.276861 0.96091 0
    outer loop
      vertex 58.8119 45.8811 5.8
      vertex 59.1083 45.7957 1.8
      vertex 58.8119 45.8811 1.8
    endloop
  endfacet
  facet normal -0.276861 -0.96091 0
    outer loop
      vertex 57.2917 40.6043 1.8
      vertex 57.5881 40.5189 5.8
      vertex 57.2917 40.6043 5.8
    endloop
  endfacet
  facet normal -0.276861 -0.96091 -0
    outer loop
      vertex 57.5881 40.5189 5.8
      vertex 57.2917 40.6043 1.8
      vertex 57.5881 40.5189 1.8
    endloop
  endfacet
  facet normal 0.92389 -0.382657 -7.15955e-19
    outer loop
      vertex 60.6777 42.0068 5.8
      vertex 60.7957 42.2917 1.8
      vertex 60.7957 42.2917 5.8
    endloop
  endfacet
  facet normal 0.92389 -0.382657 -7.15955e-19
    outer loop
      vertex 60.7957 42.2917 1.8
      vertex 60.6777 42.0068 5.8
      vertex 60.6777 42.0068 1.8
    endloop
  endfacet
  facet normal 0.96091 -0.276861 -1.36858e-18
    outer loop
      vertex 60.7957 42.2917 5.8
      vertex 60.8811 42.5881 1.8
      vertex 60.8811 42.5881 5.8
    endloop
  endfacet
  facet normal 0.96091 -0.276861 -1.36858e-18
    outer loop
      vertex 60.8811 42.5881 1.8
      vertex 60.7957 42.2917 5.8
      vertex 60.7957 42.2917 1.8
    endloop
  endfacet
  facet normal 0.276861 -0.96091 0
    outer loop
      vertex 58.8119 40.5189 1.8
      vertex 59.1083 40.6043 5.8
      vertex 58.8119 40.5189 5.8
    endloop
  endfacet
  facet normal 0.276861 -0.96091 0
    outer loop
      vertex 59.1083 40.6043 5.8
      vertex 58.8119 40.5189 1.8
      vertex 59.1083 40.6043 1.8
    endloop
  endfacet
  facet normal 0.815482 -0.578782 -1.13468e-18
    outer loop
      vertex 60.35 41.4854 5.8
      vertex 60.5285 41.7369 1.8
      vertex 60.5285 41.7369 5.8
    endloop
  endfacet
  facet normal 0.815482 -0.578782 -1.13468e-18
    outer loop
      vertex 60.5285 41.7369 1.8
      vertex 60.35 41.4854 5.8
      vertex 60.35 41.4854 1.8
    endloop
  endfacet
  facet normal -0.985899 0.167343 9.98361e-19
    outer loop
      vertex 55.4673 43.5079 1.8
      vertex 55.5189 43.8119 5.8
      vertex 55.5189 43.8119 1.8
    endloop
  endfacet
  facet normal -0.985899 0.167343 9.98361e-19
    outer loop
      vertex 55.5189 43.8119 5.8
      vertex 55.4673 43.5079 1.8
      vertex 55.4673 43.5079 5.8
    endloop
  endfacet
  facet normal -0.167343 0.985899 0
    outer loop
      vertex 57.8921 45.9327 1.8
      vertex 57.5881 45.8811 5.8
      vertex 57.8921 45.9327 5.8
    endloop
  endfacet
  facet normal -0.167343 0.985899 0
    outer loop
      vertex 57.5881 45.8811 5.8
      vertex 57.8921 45.9327 1.8
      vertex 57.5881 45.8811 1.8
    endloop
  endfacet
  facet normal 0.92389 0.382657 7.15955e-19
    outer loop
      vertex 60.7957 44.1083 5.8
      vertex 60.6777 44.3932 1.8
      vertex 60.6777 44.3932 5.8
    endloop
  endfacet
  facet normal 0.92389 0.382657 7.15955e-19
    outer loop
      vertex 60.6777 44.3932 1.8
      vertex 60.7957 44.1083 5.8
      vertex 60.7957 44.1083 1.8
    endloop
  endfacet
  facet normal 0.985899 -0.167343 -6.66894e-19
    outer loop
      vertex 60.8811 42.5881 5.8
      vertex 60.9327 42.8921 1.8
      vertex 60.9327 42.8921 5.8
    endloop
  endfacet
  facet normal 0.985899 -0.167343 -6.66894e-19
    outer loop
      vertex 60.9327 42.8921 1.8
      vertex 60.8811 42.5881 5.8
      vertex 60.8811 42.5881 1.8
    endloop
  endfacet
  facet normal -0.0560986 -0.998425 0
    outer loop
      vertex 57.8921 40.4673 1.8
      vertex 58.2 40.45 5.8
      vertex 57.8921 40.4673 5.8
    endloop
  endfacet
  facet normal -0.0560986 -0.998425 -0
    outer loop
      vertex 58.2 40.45 5.8
      vertex 57.8921 40.4673 1.8
      vertex 58.2 40.45 1.8
    endloop
  endfacet
  facet normal -0.666435 0.745564 0
    outer loop
      vertex 56.4854 45.35 1.8
      vertex 56.2555 45.1445 5.8
      vertex 56.4854 45.35 5.8
    endloop
  endfacet
  facet normal -0.666435 0.745564 0
    outer loop
      vertex 56.2555 45.1445 5.8
      vertex 56.4854 45.35 1.8
      vertex 56.2555 45.1445 1.8
    endloop
  endfacet
  facet normal -0.87518 0.483797 1.50955e-18
    outer loop
      vertex 55.7223 44.3932 1.8
      vertex 55.8715 44.6631 5.8
      vertex 55.8715 44.6631 1.8
    endloop
  endfacet
  facet normal -0.87518 0.483797 1.50955e-18
    outer loop
      vertex 55.8715 44.6631 5.8
      vertex 55.7223 44.3932 1.8
      vertex 55.7223 44.3932 5.8
    endloop
  endfacet
  facet normal -0.0560986 0.998425 0
    outer loop
      vertex 58.2 45.95 1.8
      vertex 57.8921 45.9327 5.8
      vertex 58.2 45.95 5.8
    endloop
  endfacet
  facet normal -0.0560986 0.998425 0
    outer loop
      vertex 57.8921 45.9327 5.8
      vertex 58.2 45.95 1.8
      vertex 57.8921 45.9327 1.8
    endloop
  endfacet
  facet normal -0.998425 -0.0560986 1.42352e-19
    outer loop
      vertex 55.4673 42.8921 1.8
      vertex 55.45 43.2 5.8
      vertex 55.45 43.2 1.8
    endloop
  endfacet
  facet normal -0.998425 -0.0560986 1.42352e-19
    outer loop
      vertex 55.45 43.2 5.8
      vertex 55.4673 42.8921 1.8
      vertex 55.4673 42.8921 5.8
    endloop
  endfacet
  facet normal -0.745564 -0.666435 -4.50559e-19
    outer loop
      vertex 56.2555 41.2555 1.8
      vertex 56.05 41.4854 5.8
      vertex 56.05 41.4854 1.8
    endloop
  endfacet
  facet normal -0.745564 -0.666435 -4.50559e-19
    outer loop
      vertex 56.05 41.4854 5.8
      vertex 56.2555 41.2555 1.8
      vertex 56.2555 41.2555 5.8
    endloop
  endfacet
  facet normal -0.578782 -0.815482 0
    outer loop
      vertex 56.4854 41.05 1.8
      vertex 56.7369 40.8715 5.8
      vertex 56.4854 41.05 5.8
    endloop
  endfacet
  facet normal -0.578782 -0.815482 -0
    outer loop
      vertex 56.7369 40.8715 5.8
      vertex 56.4854 41.05 1.8
      vertex 56.7369 40.8715 1.8
    endloop
  endfacet
  facet normal 0.0560986 0.998425 -0
    outer loop
      vertex 58.5079 45.9327 1.8
      vertex 58.2 45.95 5.8
      vertex 58.5079 45.9327 5.8
    endloop
  endfacet
  facet normal 0.0560986 0.998425 0
    outer loop
      vertex 58.2 45.95 5.8
      vertex 58.5079 45.9327 1.8
      vertex 58.2 45.95 1.8
    endloop
  endfacet
  facet normal -0.666435 -0.745564 0
    outer loop
      vertex 56.2555 41.2555 1.8
      vertex 56.4854 41.05 5.8
      vertex 56.2555 41.2555 5.8
    endloop
  endfacet
  facet normal -0.666435 -0.745564 -0
    outer loop
      vertex 56.4854 41.05 5.8
      vertex 56.2555 41.2555 1.8
      vertex 56.4854 41.05 1.8
    endloop
  endfacet
  facet normal -0.96091 0.276861 1.36687e-18
    outer loop
      vertex 55.5189 43.8119 1.8
      vertex 55.6043 44.1083 5.8
      vertex 55.6043 44.1083 1.8
    endloop
  endfacet
  facet normal -0.96091 0.276861 1.36687e-18
    outer loop
      vertex 55.6043 44.1083 5.8
      vertex 55.5189 43.8119 1.8
      vertex 55.5189 43.8119 5.8
    endloop
  endfacet
  facet normal -0.92389 0.382657 -7.15955e-19
    outer loop
      vertex 55.6043 44.1083 1.8
      vertex 55.7223 44.3932 5.8
      vertex 55.7223 44.3932 1.8
    endloop
  endfacet
  facet normal -0.92389 0.382657 -7.15955e-19
    outer loop
      vertex 55.7223 44.3932 5.8
      vertex 55.6043 44.1083 1.8
      vertex 55.6043 44.1083 5.8
    endloop
  endfacet
  facet normal -0.382657 -0.92389 0
    outer loop
      vertex 57.0068 40.7223 1.8
      vertex 57.2917 40.6043 5.8
      vertex 57.0068 40.7223 5.8
    endloop
  endfacet
  facet normal -0.382657 -0.92389 -0
    outer loop
      vertex 57.2917 40.6043 5.8
      vertex 57.0068 40.7223 1.8
      vertex 57.2917 40.6043 1.8
    endloop
  endfacet
  facet normal 0 0 -1
    outer loop
      vertex 59.45 43.2 1.8
      vertex 60.95 43.2 1.8
      vertex 60.9327 42.8921 1.8
    endloop
  endfacet
  facet normal 0 0 -1
    outer loop
      vertex 59.4421 43.06 1.8
      vertex 60.9327 42.8921 1.8
      vertex 60.8811 42.5881 1.8
    endloop
  endfacet
  facet normal 0 0 -1
    outer loop
      vertex 60.95 43.2 1.8
      vertex 59.45 43.2 1.8
      vertex 60.9327 43.5079 1.8
    endloop
  endfacet
  facet normal 0 0 -1
    outer loop
      vertex 59.4187 42.9218 1.8
      vertex 60.8811 42.5881 1.8
      vertex 60.7957 42.2917 1.8
    endloop
  endfacet
  facet normal 0 0 -1
    outer loop
      vertex 59.4421 43.34 1.8
      vertex 60.9327 43.5079 1.8
      vertex 59.45 43.2 1.8
    endloop
  endfacet
  facet normal 0 0 -1
    outer loop
      vertex 59.3799 42.7872 1.8
      vertex 60.7957 42.2917 1.8
      vertex 60.6777 42.0068 1.8
    endloop
  endfacet
  facet normal -0 0 -1
    outer loop
      vertex 60.9327 43.5079 1.8
      vertex 59.4421 43.34 1.8
      vertex 60.8811 43.8119 1.8
    endloop
  endfacet
  facet normal 0 0 -1
    outer loop
      vertex 59.3262 42.6576 1.8
      vertex 60.6777 42.0068 1.8
      vertex 60.5285 41.7369 1.8
    endloop
  endfacet
  facet normal 0 0 -1
    outer loop
      vertex 59.4187 43.4781 1.8
      vertex 60.8811 43.8119 1.8
      vertex 59.4421 43.34 1.8
    endloop
  endfacet
  facet normal 0 0 -1
    outer loop
      vertex 59.2584 42.535 1.8
      vertex 60.5285 41.7369 1.8
      vertex 60.35 41.4854 1.8
    endloop
  endfacet
  facet normal -0 0 -1
    outer loop
      vertex 60.8811 43.8119 1.8
      vertex 59.4187 43.4781 1.8
      vertex 60.7957 44.1083 1.8
    endloop
  endfacet
  facet normal 0 0 -1
    outer loop
      vertex 59.1773 42.4206 1.8
      vertex 60.35 41.4854 1.8
      vertex 60.1445 41.2555 1.8
    endloop
  endfacet
  facet normal 0 0 -1
    outer loop
      vertex 59.3799 43.6129 1.8
      vertex 60.7957 44.1083 1.8
      vertex 59.4187 43.4781 1.8
    endloop
  endfacet
  facet normal 0 0 -1
    outer loop
      vertex 59.0839 42.3161 1.8
      vertex 60.1445 41.2555 1.8
      vertex 59.9146 41.05 1.8
    endloop
  endfacet
  facet normal -0 0 -1
    outer loop
      vertex 60.7957 44.1083 1.8
      vertex 59.3799 43.6129 1.8
      vertex 60.6777 44.3932 1.8
    endloop
  endfacet
  facet normal 0 0 -1
    outer loop
      vertex 58.9794 42.2227 1.8
      vertex 59.9146 41.05 1.8
      vertex 59.6631 40.8715 1.8
    endloop
  endfacet
  facet normal 0 0 -1
    outer loop
      vertex 59.3262 43.7424 1.8
      vertex 60.6777 44.3932 1.8
      vertex 59.3799 43.6129 1.8
    endloop
  endfacet
  facet normal -0 0 -1
    outer loop
      vertex 60.6777 44.3932 1.8
      vertex 59.3262 43.7424 1.8
      vertex 60.5285 44.6631 1.8
    endloop
  endfacet
  facet normal 0 0 -1
    outer loop
      vertex 60.9327 42.8921 1.8
      vertex 59.4421 43.06 1.8
      vertex 59.45 43.2 1.8
    endloop
  endfacet
  facet normal 0 0 -1
    outer loop
      vertex 60.8811 42.5881 1.8
      vertex 59.4187 42.9218 1.8
      vertex 59.4421 43.06 1.8
    endloop
  endfacet
  facet normal 0 0 -1
    outer loop
      vertex 58.865 42.1416 1.8
      vertex 59.6631 40.8715 1.8
      vertex 59.3932 40.7223 1.8
    endloop
  endfacet
  facet normal 0 0 -1
    outer loop
      vertex 60.7957 42.2917 1.8
      vertex 59.3799 42.7872 1.8
      vertex 59.4187 42.9218 1.8
    endloop
  endfacet
  facet normal 0 0 -1
    outer loop
      vertex 60.6777 42.0068 1.8
      vertex 59.3262 42.6576 1.8
      vertex 59.3799 42.7872 1.8
    endloop
  endfacet
  facet normal 0 0 -1
    outer loop
      vertex 60.5285 41.7369 1.8
      vertex 59.2584 42.535 1.8
      vertex 59.3262 42.6576 1.8
    endloop
  endfacet
  facet normal 0 0 -1
    outer loop
      vertex 60.35 41.4854 1.8
      vertex 59.1773 42.4206 1.8
      vertex 59.2584 42.535 1.8
    endloop
  endfacet
  facet normal 0 0 -1
    outer loop
      vertex 58.7424 42.0738 1.8
      vertex 59.3932 40.7223 1.8
      vertex 59.1083 40.6043 1.8
    endloop
  endfacet
  facet normal 0 0 -1
    outer loop
      vertex 60.1445 41.2555 1.8
      vertex 59.0839 42.3161 1.8
      vertex 59.1773 42.4206 1.8
    endloop
  endfacet
  facet normal 0 0 -1
    outer loop
      vertex 59.9146 41.05 1.8
      vertex 58.9794 42.2227 1.8
      vertex 59.0839 42.3161 1.8
    endloop
  endfacet
  facet normal 0 0 -1
    outer loop
      vertex 59.6631 40.8715 1.8
      vertex 58.865 42.1416 1.8
      vertex 58.9794 42.2227 1.8
    endloop
  endfacet
  facet normal 0 0 -1
    outer loop
      vertex 58.6129 42.0201 1.8
      vertex 59.1083 40.6043 1.8
      vertex 58.8119 40.5189 1.8
    endloop
  endfacet
  facet normal 0 0 -1
    outer loop
      vertex 59.3932 40.7223 1.8
      vertex 58.7424 42.0738 1.8
      vertex 58.865 42.1416 1.8
    endloop
  endfacet
  facet normal 0 0 -1
    outer loop
      vertex 59.1083 40.6043 1.8
      vertex 58.6129 42.0201 1.8
      vertex 58.7424 42.0738 1.8
    endloop
  endfacet
  facet normal 0 0 -1
    outer loop
      vertex 58.4781 41.9813 1.8
      vertex 58.8119 40.5189 1.8
      vertex 58.5079 40.4673 1.8
    endloop
  endfacet
  facet normal 0 0 -1
    outer loop
      vertex 58.8119 40.5189 1.8
      vertex 58.4781 41.9813 1.8
      vertex 58.6129 42.0201 1.8
    endloop
  endfacet
  facet normal 0 0 -1
    outer loop
      vertex 58.5079 40.4673 1.8
      vertex 58.34 41.9579 1.8
      vertex 58.4781 41.9813 1.8
    endloop
  endfacet
  facet normal 0 0 -1
    outer loop
      vertex 58.2 40.45 1.8
      vertex 58.34 41.9579 1.8
      vertex 58.5079 40.4673 1.8
    endloop
  endfacet
  facet normal 0 0 -1
    outer loop
      vertex 58.2 40.45 1.8
      vertex 58.2 41.95 1.8
      vertex 58.34 41.9579 1.8
    endloop
  endfacet
  facet normal 0 0 -1
    outer loop
      vertex 58.2 40.45 1.8
      vertex 58.06 41.9579 1.8
      vertex 58.2 41.95 1.8
    endloop
  endfacet
  facet normal 0 0 -1
    outer loop
      vertex 57.8921 40.4673 1.8
      vertex 58.06 41.9579 1.8
      vertex 58.2 40.45 1.8
    endloop
  endfacet
  facet normal -0 0 -1
    outer loop
      vertex 58.06 41.9579 1.8
      vertex 57.8921 40.4673 1.8
      vertex 57.9218 41.9813 1.8
    endloop
  endfacet
  facet normal 0 0 -1
    outer loop
      vertex 57.5881 40.5189 1.8
      vertex 57.9218 41.9813 1.8
      vertex 57.8921 40.4673 1.8
    endloop
  endfacet
  facet normal -0 0 -1
    outer loop
      vertex 57.9218 41.9813 1.8
      vertex 57.5881 40.5189 1.8
      vertex 57.7872 42.0201 1.8
    endloop
  endfacet
  facet normal 0 0 -1
    outer loop
      vertex 57.2917 40.6043 1.8
      vertex 57.7872 42.0201 1.8
      vertex 57.5881 40.5189 1.8
    endloop
  endfacet
  facet normal -0 0 -1
    outer loop
      vertex 57.7872 42.0201 1.8
      vertex 57.2917 40.6043 1.8
      vertex 57.6576 42.0738 1.8
    endloop
  endfacet
  facet normal 0 0 -1
    outer loop
      vertex 57.0068 40.7223 1.8
      vertex 57.6576 42.0738 1.8
      vertex 57.2917 40.6043 1.8
    endloop
  endfacet
  facet normal -0 0 -1
    outer loop
      vertex 57.6576 42.0738 1.8
      vertex 57.0068 40.7223 1.8
      vertex 57.535 42.1416 1.8
    endloop
  endfacet
  facet normal 0 0 -1
    outer loop
      vertex 56.7369 40.8715 1.8
      vertex 57.535 42.1416 1.8
      vertex 57.0068 40.7223 1.8
    endloop
  endfacet
  facet normal -0 0 -1
    outer loop
      vertex 57.535 42.1416 1.8
      vertex 56.7369 40.8715 1.8
      vertex 57.4206 42.2227 1.8
    endloop
  endfacet
  facet normal 0 0 -1
    outer loop
      vertex 56.4854 41.05 1.8
      vertex 57.4206 42.2227 1.8
      vertex 56.7369 40.8715 1.8
    endloop
  endfacet
  facet normal -0 0 -1
    outer loop
      vertex 57.4206 42.2227 1.8
      vertex 56.4854 41.05 1.8
      vertex 57.3161 42.3161 1.8
    endloop
  endfacet
  facet normal 0 0 -1
    outer loop
      vertex 56.2555 41.2555 1.8
      vertex 57.3161 42.3161 1.8
      vertex 56.4854 41.05 1.8
    endloop
  endfacet
  facet normal -0 0 -1
    outer loop
      vertex 57.3161 42.3161 1.8
      vertex 56.2555 41.2555 1.8
      vertex 57.2227 42.4206 1.8
    endloop
  endfacet
  facet normal 0 0 -1
    outer loop
      vertex 56.05 41.4854 1.8
      vertex 57.2227 42.4206 1.8
      vertex 56.2555 41.2555 1.8
    endloop
  endfacet
  facet normal -0 0 -1
    outer loop
      vertex 57.2227 42.4206 1.8
      vertex 56.05 41.4854 1.8
      vertex 57.1416 42.535 1.8
    endloop
  endfacet
  facet normal 0 0 -1
    outer loop
      vertex 55.8715 41.7369 1.8
      vertex 57.1416 42.535 1.8
      vertex 56.05 41.4854 1.8
    endloop
  endfacet
  facet normal -0 0 -1
    outer loop
      vertex 57.1416 42.535 1.8
      vertex 55.8715 41.7369 1.8
      vertex 57.0738 42.6576 1.8
    endloop
  endfacet
  facet normal 0 0 -1
    outer loop
      vertex 59.2584 43.865 1.8
      vertex 60.5285 44.6631 1.8
      vertex 59.3262 43.7424 1.8
    endloop
  endfacet
  facet normal -0 0 -1
    outer loop
      vertex 60.5285 44.6631 1.8
      vertex 59.2584 43.865 1.8
      vertex 60.35 44.9146 1.8
    endloop
  endfacet
  facet normal 0 0 -1
    outer loop
      vertex 59.1773 43.9794 1.8
      vertex 60.35 44.9146 1.8
      vertex 59.2584 43.865 1.8
    endloop
  endfacet
  facet normal -0 0 -1
    outer loop
      vertex 60.35 44.9146 1.8
      vertex 59.1773 43.9794 1.8
      vertex 60.1445 45.1445 1.8
    endloop
  endfacet
  facet normal 0 0 -1
    outer loop
      vertex 59.0839 44.0839 1.8
      vertex 60.1445 45.1445 1.8
      vertex 59.1773 43.9794 1.8
    endloop
  endfacet
  facet normal -0 0 -1
    outer loop
      vertex 60.1445 45.1445 1.8
      vertex 59.0839 44.0839 1.8
      vertex 59.9146 45.35 1.8
    endloop
  endfacet
  facet normal 0 0 -1
    outer loop
      vertex 58.9794 44.1773 1.8
      vertex 59.9146 45.35 1.8
      vertex 59.0839 44.0839 1.8
    endloop
  endfacet
  facet normal -0 0 -1
    outer loop
      vertex 59.9146 45.35 1.8
      vertex 58.9794 44.1773 1.8
      vertex 59.6631 45.5285 1.8
    endloop
  endfacet
  facet normal 0 0 -1
    outer loop
      vertex 58.865 44.2584 1.8
      vertex 59.6631 45.5285 1.8
      vertex 58.9794 44.1773 1.8
    endloop
  endfacet
  facet normal -0 0 -1
    outer loop
      vertex 59.6631 45.5285 1.8
      vertex 58.865 44.2584 1.8
      vertex 59.3932 45.6777 1.8
    endloop
  endfacet
  facet normal 0 0 -1
    outer loop
      vertex 58.7424 44.3262 1.8
      vertex 59.3932 45.6777 1.8
      vertex 58.865 44.2584 1.8
    endloop
  endfacet
  facet normal -0 0 -1
    outer loop
      vertex 59.3932 45.6777 1.8
      vertex 58.7424 44.3262 1.8
      vertex 59.1083 45.7957 1.8
    endloop
  endfacet
  facet normal 0 0 -1
    outer loop
      vertex 58.6129 44.3799 1.8
      vertex 59.1083 45.7957 1.8
      vertex 58.7424 44.3262 1.8
    endloop
  endfacet
  facet normal -0 0 -1
    outer loop
      vertex 59.1083 45.7957 1.8
      vertex 58.6129 44.3799 1.8
      vertex 58.8119 45.8811 1.8
    endloop
  endfacet
  facet normal 0 0 -1
    outer loop
      vertex 58.4781 44.4187 1.8
      vertex 58.8119 45.8811 1.8
      vertex 58.6129 44.3799 1.8
    endloop
  endfacet
  facet normal -0 0 -1
    outer loop
      vertex 58.8119 45.8811 1.8
      vertex 58.4781 44.4187 1.8
      vertex 58.5079 45.9327 1.8
    endloop
  endfacet
  facet normal 0 0 -1
    outer loop
      vertex 58.34 44.4421 1.8
      vertex 58.5079 45.9327 1.8
      vertex 58.4781 44.4187 1.8
    endloop
  endfacet
  facet normal 0 0 -1
    outer loop
      vertex 58.2 44.45 1.8
      vertex 58.5079 45.9327 1.8
      vertex 58.34 44.4421 1.8
    endloop
  endfacet
  facet normal 0 0 -1
    outer loop
      vertex 58.2 44.45 1.8
      vertex 58.2 45.95 1.8
      vertex 58.5079 45.9327 1.8
    endloop
  endfacet
  facet normal 0 0 -1
    outer loop
      vertex 58.06 44.4421 1.8
      vertex 58.2 45.95 1.8
      vertex 58.2 44.45 1.8
    endloop
  endfacet
  facet normal 0 0 -1
    outer loop
      vertex 57.8921 45.9327 1.8
      vertex 58.06 44.4421 1.8
      vertex 57.9218 44.4187 1.8
    endloop
  endfacet
  facet normal 0 0 -1
    outer loop
      vertex 58.06 44.4421 1.8
      vertex 57.8921 45.9327 1.8
      vertex 58.2 45.95 1.8
    endloop
  endfacet
  facet normal 0 0 -1
    outer loop
      vertex 57.5881 45.8811 1.8
      vertex 57.9218 44.4187 1.8
      vertex 57.7872 44.3799 1.8
    endloop
  endfacet
  facet normal 0 0 -1
    outer loop
      vertex 57.2917 45.7957 1.8
      vertex 57.7872 44.3799 1.8
      vertex 57.6576 44.3262 1.8
    endloop
  endfacet
  facet normal 0 0 -1
    outer loop
      vertex 57.9218 44.4187 1.8
      vertex 57.5881 45.8811 1.8
      vertex 57.8921 45.9327 1.8
    endloop
  endfacet
  facet normal 0 0 -1
    outer loop
      vertex 57.0068 45.6777 1.8
      vertex 57.6576 44.3262 1.8
      vertex 57.535 44.2584 1.8
    endloop
  endfacet
  facet normal 0 0 -1
    outer loop
      vertex 56.7369 45.5285 1.8
      vertex 57.535 44.2584 1.8
      vertex 57.4206 44.1773 1.8
    endloop
  endfacet
  facet normal 0 0 -1
    outer loop
      vertex 56.4854 45.35 1.8
      vertex 57.4206 44.1773 1.8
      vertex 57.3161 44.0839 1.8
    endloop
  endfacet
  facet normal 0 0 -1
    outer loop
      vertex 57.7872 44.3799 1.8
      vertex 57.2917 45.7957 1.8
      vertex 57.5881 45.8811 1.8
    endloop
  endfacet
  facet normal 0 0 -1
    outer loop
      vertex 56.2555 45.1445 1.8
      vertex 57.3161 44.0839 1.8
      vertex 57.2227 43.9794 1.8
    endloop
  endfacet
  facet normal 0 0 -1
    outer loop
      vertex 56.05 44.9146 1.8
      vertex 57.2227 43.9794 1.8
      vertex 57.1416 43.865 1.8
    endloop
  endfacet
  facet normal 0 0 -1
    outer loop
      vertex 55.8715 44.6631 1.8
      vertex 57.1416 43.865 1.8
      vertex 57.0738 43.7424 1.8
    endloop
  endfacet
  facet normal 0 0 -1
    outer loop
      vertex 55.7223 44.3932 1.8
      vertex 57.0738 43.7424 1.8
      vertex 57.0201 43.6129 1.8
    endloop
  endfacet
  facet normal 0 0 -1
    outer loop
      vertex 57.6576 44.3262 1.8
      vertex 57.0068 45.6777 1.8
      vertex 57.2917 45.7957 1.8
    endloop
  endfacet
  facet normal 0 0 -1
    outer loop
      vertex 55.6043 44.1083 1.8
      vertex 57.0201 43.6129 1.8
      vertex 56.9813 43.4781 1.8
    endloop
  endfacet
  facet normal 0 0 -1
    outer loop
      vertex 55.5189 43.8119 1.8
      vertex 56.9813 43.4781 1.8
      vertex 56.9579 43.34 1.8
    endloop
  endfacet
  facet normal 0 0 -1
    outer loop
      vertex 55.4673 43.5079 1.8
      vertex 56.9579 43.34 1.8
      vertex 56.95 43.2 1.8
    endloop
  endfacet
  facet normal 0 0 -1
    outer loop
      vertex 55.7223 42.0068 1.8
      vertex 57.0738 42.6576 1.8
      vertex 55.8715 41.7369 1.8
    endloop
  endfacet
  facet normal 0 0 -1
    outer loop
      vertex 57.535 44.2584 1.8
      vertex 56.7369 45.5285 1.8
      vertex 57.0068 45.6777 1.8
    endloop
  endfacet
  facet normal -0 0 -1
    outer loop
      vertex 57.0738 42.6576 1.8
      vertex 55.7223 42.0068 1.8
      vertex 57.0201 42.7872 1.8
    endloop
  endfacet
  facet normal 0 0 -1
    outer loop
      vertex 57.4206 44.1773 1.8
      vertex 56.4854 45.35 1.8
      vertex 56.7369 45.5285 1.8
    endloop
  endfacet
  facet normal 0 0 -1
    outer loop
      vertex 55.6043 42.2917 1.8
      vertex 57.0201 42.7872 1.8
      vertex 55.7223 42.0068 1.8
    endloop
  endfacet
  facet normal 0 0 -1
    outer loop
      vertex 57.3161 44.0839 1.8
      vertex 56.2555 45.1445 1.8
      vertex 56.4854 45.35 1.8
    endloop
  endfacet
  facet normal -0 0 -1
    outer loop
      vertex 57.0201 42.7872 1.8
      vertex 55.6043 42.2917 1.8
      vertex 56.9813 42.9218 1.8
    endloop
  endfacet
  facet normal 0 0 -1
    outer loop
      vertex 57.2227 43.9794 1.8
      vertex 56.05 44.9146 1.8
      vertex 56.2555 45.1445 1.8
    endloop
  endfacet
  facet normal 0 0 -1
    outer loop
      vertex 55.5189 42.5881 1.8
      vertex 56.9813 42.9218 1.8
      vertex 55.6043 42.2917 1.8
    endloop
  endfacet
  facet normal 0 0 -1
    outer loop
      vertex 57.1416 43.865 1.8
      vertex 55.8715 44.6631 1.8
      vertex 56.05 44.9146 1.8
    endloop
  endfacet
  facet normal -0 0 -1
    outer loop
      vertex 56.9813 42.9218 1.8
      vertex 55.5189 42.5881 1.8
      vertex 56.9579 43.06 1.8
    endloop
  endfacet
  facet normal 0 0 -1
    outer loop
      vertex 57.0738 43.7424 1.8
      vertex 55.7223 44.3932 1.8
      vertex 55.8715 44.6631 1.8
    endloop
  endfacet
  facet normal 0 0 -1
    outer loop
      vertex 55.4673 42.8921 1.8
      vertex 56.9579 43.06 1.8
      vertex 55.5189 42.5881 1.8
    endloop
  endfacet
  facet normal 0 0 -1
    outer loop
      vertex 57.0201 43.6129 1.8
      vertex 55.6043 44.1083 1.8
      vertex 55.7223 44.3932 1.8
    endloop
  endfacet
  facet normal -0 0 -1
    outer loop
      vertex 56.9579 43.06 1.8
      vertex 55.4673 42.8921 1.8
      vertex 56.95 43.2 1.8
    endloop
  endfacet
  facet normal 0 0 -1
    outer loop
      vertex 56.9813 43.4781 1.8
      vertex 55.5189 43.8119 1.8
      vertex 55.6043 44.1083 1.8
    endloop
  endfacet
  facet normal 0 0 -1
    outer loop
      vertex 55.45 43.2 1.8
      vertex 56.95 43.2 1.8
      vertex 55.4673 42.8921 1.8
    endloop
  endfacet
  facet normal 0 0 -1
    outer loop
      vertex 56.9579 43.34 1.8
      vertex 55.4673 43.5079 1.8
      vertex 55.5189 43.8119 1.8
    endloop
  endfacet
  facet normal 0 0 -1
    outer loop
      vertex 56.95 43.2 1.8
      vertex 55.45 43.2 1.8
      vertex 55.4673 43.5079 1.8
    endloop
  endfacet
  facet normal -0.998425 0.0560986 5.34041e-20
    outer loop
      vertex 55.45 43.2 1.8
      vertex 55.4673 43.5079 5.8
      vertex 55.4673 43.5079 1.8
    endloop
  endfacet
  facet normal -0.998425 0.0560986 5.34041e-20
    outer loop
      vertex 55.4673 43.5079 5.8
      vertex 55.45 43.2 1.8
      vertex 55.45 43.2 5.8
    endloop
  endfacet
  facet normal 0.8158 -0.578334 3.8254e-19
    outer loop
      vertex 57.1416 43.865 5.8
      vertex 57.2227 43.9794 1.8
      vertex 57.2227 43.9794 5.8
    endloop
  endfacet
  facet normal 0.8158 -0.578334 3.8254e-19
    outer loop
      vertex 57.2227 43.9794 1.8
      vertex 57.1416 43.865 5.8
      vertex 57.1416 43.865 1.8
    endloop
  endfacet
  facet normal -0.985947 -0.167061 1.98514e-20
    outer loop
      vertex 59.4421 43.34 1.8
      vertex 59.4187 43.4781 5.8
      vertex 59.4187 43.4781 1.8
    endloop
  endfacet
  facet normal -0.985947 -0.167061 1.98514e-20
    outer loop
      vertex 59.4187 43.4781 5.8
      vertex 59.4421 43.34 1.8
      vertex 59.4421 43.34 5.8
    endloop
  endfacet
  facet normal -0.998412 -0.0563389 -1.35069e-19
    outer loop
      vertex 59.45 43.2 1.8
      vertex 59.4421 43.34 5.8
      vertex 59.4421 43.34 1.8
    endloop
  endfacet
  facet normal -0.998412 -0.0563389 -1.35069e-19
    outer loop
      vertex 59.4421 43.34 5.8
      vertex 59.45 43.2 1.8
      vertex 59.45 43.2 5.8
    endloop
  endfacet
  facet normal -0.483945 -0.875098 0
    outer loop
      vertex 58.7424 44.3262 1.8
      vertex 58.865 44.2584 5.8
      vertex 58.7424 44.3262 5.8
    endloop
  endfacet
  facet normal -0.483945 -0.875098 -0
    outer loop
      vertex 58.865 44.2584 5.8
      vertex 58.7424 44.3262 1.8
      vertex 58.865 44.2584 1.8
    endloop
  endfacet
  facet normal -0.383045 0.92373 0
    outer loop
      vertex 58.7424 42.0738 1.8
      vertex 58.6129 42.0201 5.8
      vertex 58.7424 42.0738 5.8
    endloop
  endfacet
  facet normal -0.383045 0.92373 0
    outer loop
      vertex 58.6129 42.0201 5.8
      vertex 58.7424 42.0738 1.8
      vertex 58.6129 42.0201 1.8
    endloop
  endfacet
  facet normal -0.875098 -0.483945 -5.48429e-19
    outer loop
      vertex 59.3262 43.7424 1.8
      vertex 59.2584 43.865 5.8
      vertex 59.2584 43.865 1.8
    endloop
  endfacet
  facet normal -0.875098 -0.483945 -5.48429e-19
    outer loop
      vertex 59.2584 43.865 5.8
      vertex 59.3262 43.7424 1.8
      vertex 59.3262 43.7424 5.8
    endloop
  endfacet
  facet normal 0.985947 -0.167061 2.66238e-19
    outer loop
      vertex 56.9579 43.34 5.8
      vertex 56.9813 43.4781 1.8
      vertex 56.9813 43.4781 5.8
    endloop
  endfacet
  facet normal 0.985947 -0.167061 2.66238e-19
    outer loop
      vertex 56.9813 43.4781 1.8
      vertex 56.9579 43.34 5.8
      vertex 56.9579 43.34 1.8
    endloop
  endfacet
  facet normal -0.383045 -0.92373 0
    outer loop
      vertex 58.6129 44.3799 1.8
      vertex 58.7424 44.3262 5.8
      vertex 58.6129 44.3799 5.8
    endloop
  endfacet
  facet normal -0.383045 -0.92373 -0
    outer loop
      vertex 58.7424 44.3262 5.8
      vertex 58.6129 44.3799 1.8
      vertex 58.7424 44.3262 1.8
    endloop
  endfacet
  facet normal -0.0563389 0.998412 0
    outer loop
      vertex 58.34 41.9579 1.8
      vertex 58.2 41.95 5.8
      vertex 58.34 41.9579 5.8
    endloop
  endfacet
  facet normal -0.0563389 0.998412 0
    outer loop
      vertex 58.2 41.95 5.8
      vertex 58.34 41.9579 1.8
      vertex 58.2 41.95 1.8
    endloop
  endfacet
  facet normal -0.483945 0.875098 0
    outer loop
      vertex 58.865 42.1416 1.8
      vertex 58.7424 42.0738 5.8
      vertex 58.865 42.1416 5.8
    endloop
  endfacet
  facet normal -0.483945 0.875098 0
    outer loop
      vertex 58.7424 42.0738 5.8
      vertex 58.865 42.1416 1.8
      vertex 58.7424 42.0738 1.8
    endloop
  endfacet
  facet normal 0.0563389 -0.998412 0
    outer loop
      vertex 58.06 44.4421 1.8
      vertex 58.2 44.45 5.8
      vertex 58.06 44.4421 5.8
    endloop
  endfacet
  facet normal 0.0563389 -0.998412 0
    outer loop
      vertex 58.2 44.45 5.8
      vertex 58.06 44.4421 1.8
      vertex 58.2 44.45 1.8
    endloop
  endfacet
  facet normal 0.875098 -0.483945 5.48429e-19
    outer loop
      vertex 57.0738 43.7424 5.8
      vertex 57.1416 43.865 1.8
      vertex 57.1416 43.865 5.8
    endloop
  endfacet
  facet normal 0.875098 -0.483945 5.48429e-19
    outer loop
      vertex 57.1416 43.865 1.8
      vertex 57.0738 43.7424 5.8
      vertex 57.0738 43.7424 1.8
    endloop
  endfacet
  facet normal -0.167061 -0.985947 0
    outer loop
      vertex 58.34 44.4421 1.8
      vertex 58.4781 44.4187 5.8
      vertex 58.34 44.4421 5.8
    endloop
  endfacet
  facet normal -0.167061 -0.985947 -0
    outer loop
      vertex 58.4781 44.4187 5.8
      vertex 58.34 44.4421 1.8
      vertex 58.4781 44.4187 1.8
    endloop
  endfacet
  facet normal -0.578334 -0.8158 0
    outer loop
      vertex 58.865 44.2584 1.8
      vertex 58.9794 44.1773 5.8
      vertex 58.865 44.2584 5.8
    endloop
  endfacet
  facet normal -0.578334 -0.8158 -0
    outer loop
      vertex 58.9794 44.1773 5.8
      vertex 58.865 44.2584 1.8
      vertex 58.9794 44.1773 1.8
    endloop
  endfacet
  facet normal -0.666399 -0.745596 0
    outer loop
      vertex 58.9794 44.1773 1.8
      vertex 59.0839 44.0839 5.8
      vertex 58.9794 44.1773 5.8
    endloop
  endfacet
  facet normal -0.666399 -0.745596 -0
    outer loop
      vertex 59.0839 44.0839 5.8
      vertex 58.9794 44.1773 1.8
      vertex 59.0839 44.0839 1.8
    endloop
  endfacet
  facet normal -0.276604 0.960984 0
    outer loop
      vertex 58.6129 42.0201 1.8
      vertex 58.4781 41.9813 5.8
      vertex 58.6129 42.0201 5.8
    endloop
  endfacet
  facet normal -0.276604 0.960984 0
    outer loop
      vertex 58.4781 41.9813 5.8
      vertex 58.6129 42.0201 1.8
      vertex 58.4781 41.9813 1.8
    endloop
  endfacet
  facet normal -0.745596 -0.666399 -3.43072e-19
    outer loop
      vertex 59.1773 43.9794 1.8
      vertex 59.0839 44.0839 5.8
      vertex 59.0839 44.0839 1.8
    endloop
  endfacet
  facet normal -0.745596 -0.666399 -3.43072e-19
    outer loop
      vertex 59.0839 44.0839 5.8
      vertex 59.1773 43.9794 1.8
      vertex 59.1773 43.9794 5.8
    endloop
  endfacet
  facet normal -0.167061 0.985947 0
    outer loop
      vertex 58.4781 41.9813 1.8
      vertex 58.34 41.9579 5.8
      vertex 58.4781 41.9813 5.8
    endloop
  endfacet
  facet normal -0.167061 0.985947 0
    outer loop
      vertex 58.34 41.9579 5.8
      vertex 58.4781 41.9813 1.8
      vertex 58.34 41.9579 1.8
    endloop
  endfacet
  facet normal 0.276983 -0.960875 0
    outer loop
      vertex 57.7872 44.3799 1.8
      vertex 57.9218 44.4187 5.8
      vertex 57.7872 44.3799 5.8
    endloop
  endfacet
  facet normal 0.276983 -0.960875 0
    outer loop
      vertex 57.9218 44.4187 5.8
      vertex 57.7872 44.3799 1.8
      vertex 57.9218 44.4187 1.8
    endloop
  endfacet
  facet normal 0.666399 -0.745596 0
    outer loop
      vertex 57.3161 44.0839 1.8
      vertex 57.4206 44.1773 5.8
      vertex 57.3161 44.0839 5.8
    endloop
  endfacet
  facet normal 0.666399 -0.745596 0
    outer loop
      vertex 57.4206 44.1773 5.8
      vertex 57.3161 44.0839 1.8
      vertex 57.4206 44.1773 1.8
    endloop
  endfacet
  facet normal -0.745596 0.666399 3.43072e-19
    outer loop
      vertex 59.0839 42.3161 1.8
      vertex 59.1773 42.4206 5.8
      vertex 59.1773 42.4206 1.8
    endloop
  endfacet
  facet normal -0.745596 0.666399 3.43072e-19
    outer loop
      vertex 59.1773 42.4206 5.8
      vertex 59.0839 42.3161 1.8
      vertex 59.0839 42.3161 5.8
    endloop
  endfacet
  facet normal -0.276604 -0.960984 0
    outer loop
      vertex 58.4781 44.4187 1.8
      vertex 58.6129 44.3799 5.8
      vertex 58.4781 44.4187 5.8
    endloop
  endfacet
  facet normal -0.276604 -0.960984 -0
    outer loop
      vertex 58.6129 44.3799 5.8
      vertex 58.4781 44.4187 1.8
      vertex 58.6129 44.3799 1.8
    endloop
  endfacet
  facet normal 0.960875 0.276983 6.46463e-19
    outer loop
      vertex 57.0201 42.7872 5.8
      vertex 56.9813 42.9218 1.8
      vertex 56.9813 42.9218 5.8
    endloop
  endfacet
  facet normal 0.960875 0.276983 6.46463e-19
    outer loop
      vertex 56.9813 42.9218 1.8
      vertex 57.0201 42.7872 5.8
      vertex 57.0201 42.7872 1.8
    endloop
  endfacet
  facet normal -0.960875 0.276983 -6.46463e-19
    outer loop
      vertex 59.3799 42.7872 1.8
      vertex 59.4187 42.9218 5.8
      vertex 59.4187 42.9218 1.8
    endloop
  endfacet
  facet normal -0.960875 0.276983 -6.46463e-19
    outer loop
      vertex 59.4187 42.9218 5.8
      vertex 59.3799 42.7872 1.8
      vertex 59.3799 42.7872 5.8
    endloop
  endfacet
  facet normal 0.985966 0.166944 1.66377e-19
    outer loop
      vertex 56.9813 42.9218 5.8
      vertex 56.9579 43.06 1.8
      vertex 56.9579 43.06 5.8
    endloop
  endfacet
  facet normal 0.985966 0.166944 1.66377e-19
    outer loop
      vertex 56.9579 43.06 1.8
      vertex 56.9813 42.9218 5.8
      vertex 56.9813 42.9218 1.8
    endloop
  endfacet
  facet normal 0.8158 0.578334 -3.8254e-19
    outer loop
      vertex 57.2227 42.4206 5.8
      vertex 57.1416 42.535 1.8
      vertex 57.1416 42.535 5.8
    endloop
  endfacet
  facet normal 0.8158 0.578334 -3.8254e-19
    outer loop
      vertex 57.1416 42.535 1.8
      vertex 57.2227 42.4206 5.8
      vertex 57.2227 42.4206 1.8
    endloop
  endfacet
  facet normal 0.745596 0.666399 -2.44056e-19
    outer loop
      vertex 57.3161 42.3161 5.8
      vertex 57.2227 42.4206 1.8
      vertex 57.2227 42.4206 5.8
    endloop
  endfacet
  facet normal 0.745596 0.666399 -2.44056e-19
    outer loop
      vertex 57.2227 42.4206 1.8
      vertex 57.3161 42.3161 5.8
      vertex 57.3161 42.3161 1.8
    endloop
  endfacet
  facet normal 0.166944 -0.985966 0
    outer loop
      vertex 57.9218 44.4187 1.8
      vertex 58.06 44.4421 5.8
      vertex 57.9218 44.4187 5.8
    endloop
  endfacet
  facet normal 0.166944 -0.985966 0
    outer loop
      vertex 58.06 44.4421 5.8
      vertex 57.9218 44.4187 1.8
      vertex 58.06 44.4421 1.8
    endloop
  endfacet
  facet normal 0.745596 -0.666399 2.44056e-19
    outer loop
      vertex 57.2227 43.9794 5.8
      vertex 57.3161 44.0839 1.8
      vertex 57.3161 44.0839 5.8
    endloop
  endfacet
  facet normal 0.745596 -0.666399 2.44056e-19
    outer loop
      vertex 57.3161 44.0839 1.8
      vertex 57.2227 43.9794 5.8
      vertex 57.2227 43.9794 1.8
    endloop
  endfacet
  facet normal -0.8158 -0.578334 1.41861e-18
    outer loop
      vertex 59.2584 43.865 1.8
      vertex 59.1773 43.9794 5.8
      vertex 59.1773 43.9794 1.8
    endloop
  endfacet
  facet normal -0.8158 -0.578334 1.41861e-18
    outer loop
      vertex 59.1773 43.9794 5.8
      vertex 59.2584 43.865 1.8
      vertex 59.2584 43.865 5.8
    endloop
  endfacet
  facet normal 0.483945 -0.875098 0
    outer loop
      vertex 57.535 44.2584 1.8
      vertex 57.6576 44.3262 5.8
      vertex 57.535 44.2584 5.8
    endloop
  endfacet
  facet normal 0.483945 -0.875098 0
    outer loop
      vertex 57.6576 44.3262 5.8
      vertex 57.535 44.2584 1.8
      vertex 57.6576 44.3262 1.8
    endloop
  endfacet
  facet normal -0.923834 0.382792 3.59825e-19
    outer loop
      vertex 59.3262 42.6576 1.8
      vertex 59.3799 42.7872 5.8
      vertex 59.3799 42.7872 1.8
    endloop
  endfacet
  facet normal -0.923834 0.382792 3.59825e-19
    outer loop
      vertex 59.3799 42.7872 5.8
      vertex 59.3262 42.6576 1.8
      vertex 59.3262 42.6576 5.8
    endloop
  endfacet
  facet normal 0.276983 0.960875 -0
    outer loop
      vertex 57.9218 41.9813 1.8
      vertex 57.7872 42.0201 5.8
      vertex 57.9218 41.9813 5.8
    endloop
  endfacet
  facet normal 0.276983 0.960875 0
    outer loop
      vertex 57.7872 42.0201 5.8
      vertex 57.9218 41.9813 1.8
      vertex 57.7872 42.0201 1.8
    endloop
  endfacet
  facet normal 0.875098 0.483945 3.52993e-19
    outer loop
      vertex 57.1416 42.535 5.8
      vertex 57.0738 42.6576 1.8
      vertex 57.0738 42.6576 5.8
    endloop
  endfacet
  facet normal 0.875098 0.483945 3.52993e-19
    outer loop
      vertex 57.0738 42.6576 1.8
      vertex 57.1416 42.535 5.8
      vertex 57.1416 42.535 1.8
    endloop
  endfacet
  facet normal 0.92373 -0.383045 -8.99432e-20
    outer loop
      vertex 57.0201 43.6129 5.8
      vertex 57.0738 43.7424 1.8
      vertex 57.0738 43.7424 5.8
    endloop
  endfacet
  facet normal 0.92373 -0.383045 -8.99432e-20
    outer loop
      vertex 57.0738 43.7424 1.8
      vertex 57.0201 43.6129 5.8
      vertex 57.0201 43.6129 1.8
    endloop
  endfacet
  facet normal -0.998412 0.0563389 1.35069e-19
    outer loop
      vertex 59.4421 43.06 1.8
      vertex 59.45 43.2 5.8
      vertex 59.45 43.2 1.8
    endloop
  endfacet
  facet normal -0.998412 0.0563389 1.35069e-19
    outer loop
      vertex 59.45 43.2 5.8
      vertex 59.4421 43.06 1.8
      vertex 59.4421 43.06 5.8
    endloop
  endfacet
  facet normal 0.960984 -0.276604 2.50189e-19
    outer loop
      vertex 56.9813 43.4781 5.8
      vertex 57.0201 43.6129 1.8
      vertex 57.0201 43.6129 5.8
    endloop
  endfacet
  facet normal 0.960984 -0.276604 2.50189e-19
    outer loop
      vertex 57.0201 43.6129 1.8
      vertex 56.9813 43.4781 5.8
      vertex 56.9813 43.4781 1.8
    endloop
  endfacet
  facet normal -0.8158 0.578334 -1.41861e-18
    outer loop
      vertex 59.1773 42.4206 1.8
      vertex 59.2584 42.535 5.8
      vertex 59.2584 42.535 1.8
    endloop
  endfacet
  facet normal -0.8158 0.578334 -1.41861e-18
    outer loop
      vertex 59.2584 42.535 5.8
      vertex 59.1773 42.4206 1.8
      vertex 59.1773 42.4206 5.8
    endloop
  endfacet
  facet normal -0.0563389 -0.998412 0
    outer loop
      vertex 58.2 44.45 1.8
      vertex 58.34 44.4421 5.8
      vertex 58.2 44.45 5.8
    endloop
  endfacet
  facet normal -0.0563389 -0.998412 -0
    outer loop
      vertex 58.34 44.4421 5.8
      vertex 58.2 44.45 1.8
      vertex 58.34 44.4421 1.8
    endloop
  endfacet
  facet normal -0.875098 0.483945 -3.52993e-19
    outer loop
      vertex 59.2584 42.535 1.8
      vertex 59.3262 42.6576 5.8
      vertex 59.3262 42.6576 1.8
    endloop
  endfacet
  facet normal -0.875098 0.483945 -3.52993e-19
    outer loop
      vertex 59.3262 42.6576 5.8
      vertex 59.2584 42.535 1.8
      vertex 59.2584 42.535 5.8
    endloop
  endfacet
  facet normal -0.92373 -0.383045 8.99432e-20
    outer loop
      vertex 59.3799 43.6129 1.8
      vertex 59.3262 43.7424 5.8
      vertex 59.3262 43.7424 1.8
    endloop
  endfacet
  facet normal -0.92373 -0.383045 8.99432e-20
    outer loop
      vertex 59.3262 43.7424 5.8
      vertex 59.3799 43.6129 1.8
      vertex 59.3799 43.6129 5.8
    endloop
  endfacet
  facet normal -0.985966 0.166944 4.15422e-20
    outer loop
      vertex 59.4187 42.9218 1.8
      vertex 59.4421 43.06 5.8
      vertex 59.4421 43.06 1.8
    endloop
  endfacet
  facet normal -0.985966 0.166944 4.15422e-20
    outer loop
      vertex 59.4421 43.06 5.8
      vertex 59.4187 42.9218 1.8
      vertex 59.4187 42.9218 5.8
    endloop
  endfacet
  facet normal 0.998412 0.0563389 -1.35069e-19
    outer loop
      vertex 56.9579 43.06 5.8
      vertex 56.95 43.2 1.8
      vertex 56.95 43.2 5.8
    endloop
  endfacet
  facet normal 0.998412 0.0563389 -1.35069e-19
    outer loop
      vertex 56.95 43.2 1.8
      vertex 56.9579 43.06 5.8
      vertex 56.9579 43.06 1.8
    endloop
  endfacet
  facet normal 0.382792 0.923834 -0
    outer loop
      vertex 57.7872 42.0201 1.8
      vertex 57.6576 42.0738 5.8
      vertex 57.7872 42.0201 5.8
    endloop
  endfacet
  facet normal 0.382792 0.923834 0
    outer loop
      vertex 57.6576 42.0738 5.8
      vertex 57.7872 42.0201 1.8
      vertex 57.6576 42.0738 1.8
    endloop
  endfacet
  facet normal -0.960984 -0.276604 -2.50189e-19
    outer loop
      vertex 59.4187 43.4781 1.8
      vertex 59.3799 43.6129 5.8
      vertex 59.3799 43.6129 1.8
    endloop
  endfacet
  facet normal -0.960984 -0.276604 -2.50189e-19
    outer loop
      vertex 59.3799 43.6129 5.8
      vertex 59.4187 43.4781 1.8
      vertex 59.4187 43.4781 5.8
    endloop
  endfacet
  facet normal 0.578334 -0.8158 0
    outer loop
      vertex 57.4206 44.1773 1.8
      vertex 57.535 44.2584 5.8
      vertex 57.4206 44.1773 5.8
    endloop
  endfacet
  facet normal 0.578334 -0.8158 0
    outer loop
      vertex 57.535 44.2584 5.8
      vertex 57.4206 44.1773 1.8
      vertex 57.535 44.2584 1.8
    endloop
  endfacet
  facet normal 0.998412 -0.0563389 1.35069e-19
    outer loop
      vertex 56.95 43.2 5.8
      vertex 56.9579 43.34 1.8
      vertex 56.9579 43.34 5.8
    endloop
  endfacet
  facet normal 0.998412 -0.0563389 1.35069e-19
    outer loop
      vertex 56.9579 43.34 1.8
      vertex 56.95 43.2 5.8
      vertex 56.95 43.2 1.8
    endloop
  endfacet
  facet normal 0.483945 0.875098 -0
    outer loop
      vertex 57.6576 42.0738 1.8
      vertex 57.535 42.1416 5.8
      vertex 57.6576 42.0738 5.8
    endloop
  endfacet
  facet normal 0.483945 0.875098 0
    outer loop
      vertex 57.535 42.1416 5.8
      vertex 57.6576 42.0738 1.8
      vertex 57.535 42.1416 1.8
    endloop
  endfacet
  facet normal 0.382792 -0.923834 0
    outer loop
      vertex 57.6576 44.3262 1.8
      vertex 57.7872 44.3799 5.8
      vertex 57.6576 44.3262 5.8
    endloop
  endfacet
  facet normal 0.382792 -0.923834 0
    outer loop
      vertex 57.7872 44.3799 5.8
      vertex 57.6576 44.3262 1.8
      vertex 57.7872 44.3799 1.8
    endloop
  endfacet
  facet normal 0.0563389 0.998412 -0
    outer loop
      vertex 58.2 41.95 1.8
      vertex 58.06 41.9579 5.8
      vertex 58.2 41.95 5.8
    endloop
  endfacet
  facet normal 0.0563389 0.998412 0
    outer loop
      vertex 58.06 41.9579 5.8
      vertex 58.2 41.95 1.8
      vertex 58.06 41.9579 1.8
    endloop
  endfacet
  facet normal 0.166944 0.985966 -0
    outer loop
      vertex 58.06 41.9579 1.8
      vertex 57.9218 41.9813 5.8
      vertex 58.06 41.9579 5.8
    endloop
  endfacet
  facet normal 0.166944 0.985966 0
    outer loop
      vertex 57.9218 41.9813 5.8
      vertex 58.06 41.9579 1.8
      vertex 57.9218 41.9813 1.8
    endloop
  endfacet
  facet normal 0.923834 0.382792 -3.59825e-19
    outer loop
      vertex 57.0738 42.6576 5.8
      vertex 57.0201 42.7872 1.8
      vertex 57.0201 42.7872 5.8
    endloop
  endfacet
  facet normal 0.923834 0.382792 -3.59825e-19
    outer loop
      vertex 57.0201 42.7872 1.8
      vertex 57.0738 42.6576 5.8
      vertex 57.0738 42.6576 1.8
    endloop
  endfacet
  facet normal 0.578334 0.8158 -0
    outer loop
      vertex 57.535 42.1416 1.8
      vertex 57.4206 42.2227 5.8
      vertex 57.535 42.1416 5.8
    endloop
  endfacet
  facet normal 0.578334 0.8158 0
    outer loop
      vertex 57.4206 42.2227 5.8
      vertex 57.535 42.1416 1.8
      vertex 57.4206 42.2227 1.8
    endloop
  endfacet
  facet normal 0.666399 0.745596 -0
    outer loop
      vertex 57.4206 42.2227 1.8
      vertex 57.3161 42.3161 5.8
      vertex 57.4206 42.2227 5.8
    endloop
  endfacet
  facet normal 0.666399 0.745596 0
    outer loop
      vertex 57.3161 42.3161 5.8
      vertex 57.4206 42.2227 1.8
      vertex 57.3161 42.3161 1.8
    endloop
  endfacet
  facet normal -0.666399 0.745596 0
    outer loop
      vertex 59.0839 42.3161 1.8
      vertex 58.9794 42.2227 5.8
      vertex 59.0839 42.3161 5.8
    endloop
  endfacet
  facet normal -0.666399 0.745596 0
    outer loop
      vertex 58.9794 42.2227 5.8
      vertex 59.0839 42.3161 1.8
      vertex 58.9794 42.2227 1.8
    endloop
  endfacet
  facet normal -0.578334 0.8158 0
    outer loop
      vertex 58.9794 42.2227 1.8
      vertex 58.865 42.1416 5.8
      vertex 58.9794 42.2227 5.8
    endloop
  endfacet
  facet normal -0.578334 0.8158 0
    outer loop
      vertex 58.865 42.1416 5.8
      vertex 58.9794 42.2227 1.8
      vertex 58.865 42.1416 1.8
    endloop
  endfacet
  facet normal 1 -0 0
    outer loop
      vertex 135.3 -47.9 0
      vertex 135.3 -1.5 -4
      vertex 135.3 -1.5 0
    endloop
  endfacet
  facet normal 1 0 0
    outer loop
      vertex 135.3 -1.5 -4
      vertex 135.3 -47.9 0
      vertex 135.3 -47.9 -4
    endloop
  endfacet
  facet normal 0 0 -1
    outer loop
      vertex 135.3 -47.9 -4
      vertex 134.6 -47.2 -4
      vertex 135.3 -1.5 -4
    endloop
  endfacet
  facet normal 0 0 -1
    outer loop
      vertex 135.3 -47.9 -4
      vertex 74.6 -47.2 -4
      vertex 134.6 -47.2 -4
    endloop
  endfacet
  facet normal -0 0 -1
    outer loop
      vertex 74.6 -47.2 -4
      vertex 73.9 -47.9 -4
      vertex 74.6 -2.2 -4
    endloop
  endfacet
  facet normal 0 0 -1
    outer loop
      vertex 73.9 -47.9 -4
      vertex 74.6 -47.2 -4
      vertex 135.3 -47.9 -4
    endloop
  endfacet
  facet normal 0 0 -1
    outer loop
      vertex 134.6 -2.2 -4
      vertex 135.3 -1.5 -4
      vertex 134.6 -47.2 -4
    endloop
  endfacet
  facet normal 0 0 -1
    outer loop
      vertex 74.6 -2.2 -4
      vertex 135.3 -1.5 -4
      vertex 134.6 -2.2 -4
    endloop
  endfacet
  facet normal 0 0 -1
    outer loop
      vertex 74.6 -2.2 -4
      vertex 73.9 -1.5 -4
      vertex 135.3 -1.5 -4
    endloop
  endfacet
  facet normal 0 0 -1
    outer loop
      vertex 73.9 -1.5 -4
      vertex 74.6 -2.2 -4
      vertex 73.9 -47.9 -4
    endloop
  endfacet
  facet normal 0 0 -1
    outer loop
      vertex 135.3 -47.9 0
      vertex 136.8 -45.9 0
      vertex 136.733 -46.5828 0
    endloop
  endfacet
  facet normal -0 0 -1
    outer loop
      vertex 136.8 -45.9 0
      vertex 135.3 -47.9 0
      vertex 136.8 -3.5 0
    endloop
  endfacet
  facet normal 0 0 -1
    outer loop
      vertex 135.3 -47.9 0
      vertex 136.733 -46.5828 0
      vertex 136.534 -47.2394 0
    endloop
  endfacet
  facet normal 0 0 -1
    outer loop
      vertex 135.3 -1.5 0
      vertex 136.8 -3.5 0
      vertex 135.3 -47.9 0
    endloop
  endfacet
  facet normal 0 0 -1
    outer loop
      vertex 135.3 -47.9 0
      vertex 136.534 -47.2394 0
      vertex 136.21 -47.8445 0
    endloop
  endfacet
  facet normal 0 0 -1
    outer loop
      vertex 136.8 -3.5 0
      vertex 135.3 -1.5 0
      vertex 136.733 -2.81718 0
    endloop
  endfacet
  facet normal 0 0 -1
    outer loop
      vertex 135.3 -47.9 0
      vertex 136.21 -47.8445 0
      vertex 135.775 -48.3749 0
    endloop
  endfacet
  facet normal 0 0 -1
    outer loop
      vertex 136.733 -2.81718 0
      vertex 135.3 -1.5 0
      vertex 136.534 -2.16061 0
    endloop
  endfacet
  facet normal 0 0 -1
    outer loop
      vertex 136.534 -2.16061 0
      vertex 135.3 -1.5 0
      vertex 136.21 -1.5555 0
    endloop
  endfacet
  facet normal 0 0 -1
    outer loop
      vertex 135.244 -48.8101 0
      vertex 135.3 -47.9 0
      vertex 135.775 -48.3749 0
    endloop
  endfacet
  facet normal 0 0 -1
    outer loop
      vertex 134.639 -49.1336 0
      vertex 135.3 -47.9 0
      vertex 135.244 -48.8101 0
    endloop
  endfacet
  facet normal 0 0 -1
    outer loop
      vertex 133.983 -49.3327 0
      vertex 135.3 -47.9 0
      vertex 134.639 -49.1336 0
    endloop
  endfacet
  facet normal 0 0 -1
    outer loop
      vertex 133.3 -49.4 0
      vertex 135.3 -47.9 0
      vertex 133.983 -49.3327 0
    endloop
  endfacet
  facet normal 0 0 -1
    outer loop
      vertex 75.9 -49.4 0
      vertex 135.3 -47.9 0
      vertex 133.3 -49.4 0
    endloop
  endfacet
  facet normal 0 0 -1
    outer loop
      vertex 73.9 -47.9 0
      vertex 75.9 -49.4 0
      vertex 75.2172 -49.3327 0
    endloop
  endfacet
  facet normal 0 0 -1
    outer loop
      vertex 73.9 -47.9 0
      vertex 75.2172 -49.3327 0
      vertex 74.5606 -49.1336 0
    endloop
  endfacet
  facet normal 0 0 -1
    outer loop
      vertex 73.9 -47.9 0
      vertex 74.5606 -49.1336 0
      vertex 73.9555 -48.8101 0
    endloop
  endfacet
  facet normal 0 0 -1
    outer loop
      vertex 75.9 -49.4 0
      vertex 73.9 -47.9 0
      vertex 135.3 -47.9 0
    endloop
  endfacet
  facet normal 0 0 -1
    outer loop
      vertex 72.9899 -47.8445 0
      vertex 73.9 -47.9 0
      vertex 73.4251 -48.3749 0
    endloop
  endfacet
  facet normal 0 0 -1
    outer loop
      vertex 73.4251 -48.3749 0
      vertex 73.9 -47.9 0
      vertex 73.9555 -48.8101 0
    endloop
  endfacet
  facet normal 0 0 -1
    outer loop
      vertex 136.21 -1.5555 0
      vertex 135.3 -1.5 0
      vertex 135.775 -1.02513 0
    endloop
  endfacet
  facet normal 0 0 -1
    outer loop
      vertex 135.3 -1.5 0
      vertex 135.244 -0.589856 0
      vertex 135.775 -1.02513 0
    endloop
  endfacet
  facet normal 0 0 -1
    outer loop
      vertex 135.3 -1.5 0
      vertex 134.639 -0.266421 0
      vertex 135.244 -0.589856 0
    endloop
  endfacet
  facet normal 0 0 -1
    outer loop
      vertex 135.3 -1.5 0
      vertex 133.983 -0.0672512 0
      vertex 134.639 -0.266421 0
    endloop
  endfacet
  facet normal 0 0 -1
    outer loop
      vertex 135.3 -1.5 0
      vertex 133.3 0 0
      vertex 133.983 -0.0672512 0
    endloop
  endfacet
  facet normal 0 0 -1
    outer loop
      vertex 135.3 -1.5 0
      vertex 75.9 0 0
      vertex 133.3 0 0
    endloop
  endfacet
  facet normal 0 0 -1
    outer loop
      vertex 73.9 -1.5 0
      vertex 75.9 0 0
      vertex 135.3 -1.5 0
    endloop
  endfacet
  facet normal 0 0 -1
    outer loop
      vertex 75.9 0 0
      vertex 73.9 -1.5 0
      vertex 75.2172 -0.0672512 0
    endloop
  endfacet
  facet normal 0 0 -1
    outer loop
      vertex 75.2172 -0.0672512 0
      vertex 73.9 -1.5 0
      vertex 74.5606 -0.266421 0
    endloop
  endfacet
  facet normal 0 0 -1
    outer loop
      vertex 74.5606 -0.266421 0
      vertex 73.9 -1.5 0
      vertex 73.9555 -0.589856 0
    endloop
  endfacet
  facet normal 0 0 -1
    outer loop
      vertex 73.9 -1.5 0
      vertex 73.4251 -1.02513 0
      vertex 73.9555 -0.589856 0
    endloop
  endfacet
  facet normal 0 0 -1
    outer loop
      vertex 73.9 -47.9 0
      vertex 72.4 -45.9 0
      vertex 73.9 -1.5 0
    endloop
  endfacet
  facet normal 0 0 -1
    outer loop
      vertex 72.6664 -47.2394 0
      vertex 73.9 -47.9 0
      vertex 72.9899 -47.8445 0
    endloop
  endfacet
  facet normal 0 0 -1
    outer loop
      vertex 72.4 -3.5 0
      vertex 73.9 -1.5 0
      vertex 72.4 -45.9 0
    endloop
  endfacet
  facet normal 0 0 -1
    outer loop
      vertex 72.4673 -46.5828 0
      vertex 73.9 -47.9 0
      vertex 72.6664 -47.2394 0
    endloop
  endfacet
  facet normal 0 -0 -1
    outer loop
      vertex 72.4673 -2.81718 0
      vertex 73.9 -1.5 0
      vertex 72.4 -3.5 0
    endloop
  endfacet
  facet normal 0 0 -1
    outer loop
      vertex 73.9 -47.9 0
      vertex 72.4673 -46.5828 0
      vertex 72.4 -45.9 0
    endloop
  endfacet
  facet normal -0 0 -1
    outer loop
      vertex 73.9 -1.5 0
      vertex 72.9899 -1.5555 0
      vertex 73.4251 -1.02513 0
    endloop
  endfacet
  facet normal 0 0 -1
    outer loop
      vertex 73.9 -1.5 0
      vertex 72.6664 -2.16061 0
      vertex 72.9899 -1.5555 0
    endloop
  endfacet
  facet normal 0 0 -1
    outer loop
      vertex 73.9 -1.5 0
      vertex 72.4673 -2.81718 0
      vertex 72.6664 -2.16061 0
    endloop
  endfacet
  facet normal -1 0 0
    outer loop
      vertex 73.9 -47.9 -4
      vertex 73.9 -1.5 0
      vertex 73.9 -1.5 -4
    endloop
  endfacet
  facet normal -1 -0 0
    outer loop
      vertex 73.9 -1.5 0
      vertex 73.9 -47.9 -4
      vertex 73.9 -47.9 0
    endloop
  endfacet
  facet normal 0 -1 0
    outer loop
      vertex 73.9 -47.9 -4
      vertex 135.3 -47.9 0
      vertex 73.9 -47.9 0
    endloop
  endfacet
  facet normal 0 -1 -0
    outer loop
      vertex 135.3 -47.9 0
      vertex 73.9 -47.9 -4
      vertex 135.3 -47.9 -4
    endloop
  endfacet
  facet normal 0 1 -0
    outer loop
      vertex 135.3 -1.5 -4
      vertex 73.9 -1.5 0
      vertex 135.3 -1.5 0
    endloop
  endfacet
  facet normal 0 1 0
    outer loop
      vertex 73.9 -1.5 0
      vertex 135.3 -1.5 -4
      vertex 73.9 -1.5 -4
    endloop
  endfacet
  facet normal -1 0 0
    outer loop
      vertex 134.6 -47.2 -4
      vertex 134.6 -2.2 0
      vertex 134.6 -2.2 -4
    endloop
  endfacet
  facet normal -1 -0 0
    outer loop
      vertex 134.6 -2.2 0
      vertex 134.6 -47.2 -4
      vertex 134.6 -47.2 0
    endloop
  endfacet
  facet normal 1 -0 0
    outer loop
      vertex 74.6 -47.2 -2.2
      vertex 74.6 -2.2 -4
      vertex 74.6 -2.2 -2.2
    endloop
  endfacet
  facet normal 1 0 0
    outer loop
      vertex 74.6 -2.2 -4
      vertex 74.6 -47.2 -2.2
      vertex 74.6 -47.2 -4
    endloop
  endfacet
  facet normal 0 0 0
    outer loop
      vertex 74.6 -47.2 -4
      vertex 74.6 -47.2 -2.2
      vertex 74.6 -47.2 0
    endloop
  endfacet
  facet normal 0 1 -0
    outer loop
      vertex 134.6 -47.2 -4
      vertex 74.6 -47.2 0
      vertex 134.6 -47.2 0
    endloop
  endfacet
  facet normal 0 1 0
    outer loop
      vertex 74.6 -47.2 0
      vertex 134.6 -47.2 -4
      vertex 74.6 -47.2 -4
    endloop
  endfacet
  facet normal 0 -1 0
    outer loop
      vertex 74.6 -2.2 -4
      vertex 134.6 -2.2 -2.2
      vertex 74.6 -2.2 -2.2
    endloop
  endfacet
  facet normal 0 -1 -0
    outer loop
      vertex 134.6 -2.2 -2.2
      vertex 74.6 -2.2 -4
      vertex 134.6 -2.2 -4
    endloop
  endfacet
  facet normal 0 -0 0
    outer loop
      vertex 134.6 -2.2 -2.2
      vertex 134.6 -2.2 -4
      vertex 134.6 -2.2 0
    endloop
  endfacet
  facet normal 0 1 -0
    outer loop
      vertex 94.6 0 1.8
      vertex 88.6 0 7.8
      vertex 94.6 0 7.8
    endloop
  endfacet
  facet normal 0 1 0
    outer loop
      vertex 88.6 0 7.8
      vertex 94.6 0 1.8
      vertex 88.6 0 1.8
    endloop
  endfacet
  facet normal 0 1 -0
    outer loop
      vertex 110.6 0 1.8
      vertex 104.6 0 7.8
      vertex 110.6 0 7.8
    endloop
  endfacet
  facet normal 0 1 0
    outer loop
      vertex 104.6 0 7.8
      vertex 110.6 0 1.8
      vertex 104.6 0 1.8
    endloop
  endfacet
  facet normal 0 1 0
    outer loop
      vertex 110.6 0 7.8
      vertex 133.3 0 12
      vertex 120.6 0 7.8
    endloop
  endfacet
  facet normal 0 1 -0
    outer loop
      vertex 133.3 0 0
      vertex 120.6 0 7.8
      vertex 133.3 0 12
    endloop
  endfacet
  facet normal 0 1 0
    outer loop
      vertex 133.3 0 0
      vertex 110.6 0 1.8
      vertex 120.6 0 1.8
    endloop
  endfacet
  facet normal 0 1 0
    outer loop
      vertex 110.6 0 1.8
      vertex 133.3 0 0
      vertex 104.6 0 1.8
    endloop
  endfacet
  facet normal 0 1 0
    outer loop
      vertex 75.9 0 0
      vertex 104.6 0 1.8
      vertex 133.3 0 0
    endloop
  endfacet
  facet normal 0 1 0
    outer loop
      vertex 94.6 0 1.8
      vertex 75.9 0 0
      vertex 88.6 0 1.8
    endloop
  endfacet
  facet normal 0 1 0
    outer loop
      vertex 104.6 0 1.8
      vertex 75.9 0 0
      vertex 94.6 0 1.8
    endloop
  endfacet
  facet normal 0 1 0
    outer loop
      vertex 120.6 0 7.8
      vertex 133.3 0 0
      vertex 120.6 0 1.8
    endloop
  endfacet
  facet normal 0 1 0
    outer loop
      vertex 104.6 0 7.8
      vertex 133.3 0 12
      vertex 110.6 0 7.8
    endloop
  endfacet
  facet normal 0 1 0
    outer loop
      vertex 133.3 0 12
      vertex 104.6 0 7.8
      vertex 75.9 0 12
    endloop
  endfacet
  facet normal 0 1 -0
    outer loop
      vertex 94.6 0 7.8
      vertex 75.9 0 12
      vertex 104.6 0 7.8
    endloop
  endfacet
  facet normal 0 1 -0
    outer loop
      vertex 88.6 0 7.8
      vertex 75.9 0 12
      vertex 94.6 0 7.8
    endloop
  endfacet
  facet normal 0 1 -0
    outer loop
      vertex 78.6 0 7.8
      vertex 75.9 0 12
      vertex 88.6 0 7.8
    endloop
  endfacet
  facet normal 0 1 0
    outer loop
      vertex 75.9 0 0
      vertex 78.6 0 7.8
      vertex 78.6 0 1.8
    endloop
  endfacet
  facet normal 0 1 0
    outer loop
      vertex 78.6 0 7.8
      vertex 75.9 0 0
      vertex 75.9 0 12
    endloop
  endfacet
  facet normal 0 1 0
    outer loop
      vertex 88.6 0 1.8
      vertex 75.9 0 0
      vertex 78.6 0 1.8
    endloop
  endfacet
  facet normal 0.471534 -0.881848 0
    outer loop
      vertex 134.639 -49.1336 0
      vertex 135.244 -48.8101 12
      vertex 134.639 -49.1336 12
    endloop
  endfacet
  facet normal 0.471534 -0.881848 0
    outer loop
      vertex 135.244 -48.8101 12
      vertex 134.639 -49.1336 0
      vertex 135.244 -48.8101 0
    endloop
  endfacet
  facet normal 0.633952 0.773372 -0
    outer loop
      vertex 135.775 -1.02513 0
      vertex 135.244 -0.589856 12
      vertex 135.775 -1.02513 12
    endloop
  endfacet
  facet normal 0.633952 0.773372 0
    outer loop
      vertex 135.244 -0.589856 12
      vertex 135.775 -1.02513 0
      vertex 135.244 -0.589856 0
    endloop
  endfacet
  facet normal 0.957012 -0.290048 1.1962e-18
    outer loop
      vertex 136.534 -47.2394 12
      vertex 136.733 -46.5828 0
      vertex 136.733 -46.5828 12
    endloop
  endfacet
  facet normal 0.957012 -0.290048 1.1962e-18
    outer loop
      vertex 136.733 -46.5828 0
      vertex 136.534 -47.2394 12
      vertex 136.534 -47.2394 0
    endloop
  endfacet
  facet normal -0.773073 -0.634317 -7.41136e-19
    outer loop
      vertex 73.4251 -48.3749 0
      vertex 72.9899 -47.8445 12
      vertex 72.9899 -47.8445 0
    endloop
  endfacet
  facet normal -0.773073 -0.634317 -7.41136e-19
    outer loop
      vertex 72.9899 -47.8445 12
      vertex 73.4251 -48.3749 0
      vertex 73.4251 -48.3749 12
    endloop
  endfacet
  facet normal 0.957008 0.29006 4.12796e-19
    outer loop
      vertex 136.733 -2.81718 12
      vertex 136.534 -2.16061 0
      vertex 136.534 -2.16061 12
    endloop
  endfacet
  facet normal 0.957008 0.29006 4.12796e-19
    outer loop
      vertex 136.534 -2.16061 0
      vertex 136.733 -2.81718 12
      vertex 136.733 -2.81718 0
    endloop
  endfacet
  facet normal 1 0 0
    outer loop
      vertex 136.8 -3.5 12
      vertex 136.8 -6.2 7.8
      vertex 136.8 -3.5 0
    endloop
  endfacet
  facet normal 1 0 0
    outer loop
      vertex 136.8 -3.5 12
      vertex 136.8 -15.2 7.8
      vertex 136.8 -6.2 7.8
    endloop
  endfacet
  facet normal 1 0 0
    outer loop
      vertex 136.8 -15.2 7.8
      vertex 136.8 -19.2 7.8
      vertex 136.8 -15.2 1.8
    endloop
  endfacet
  facet normal 1 0 0
    outer loop
      vertex 136.8 -3.5 12
      vertex 136.8 -19.2 7.8
      vertex 136.8 -15.2 7.8
    endloop
  endfacet
  facet normal 1 0 0
    outer loop
      vertex 136.8 -3.5 12
      vertex 136.8 -28.2 7.8
      vertex 136.8 -19.2 7.8
    endloop
  endfacet
  facet normal 1 0 0
    outer loop
      vertex 136.8 -28.2 7.8
      vertex 136.8 -32.2 7.8
      vertex 136.8 -28.2 1.8
    endloop
  endfacet
  facet normal 1 -0 0
    outer loop
      vertex 136.8 -45.9 12
      vertex 136.8 -28.2 7.8
      vertex 136.8 -3.5 12
    endloop
  endfacet
  facet normal 1 0 0
    outer loop
      vertex 136.8 -28.2 7.8
      vertex 136.8 -45.9 12
      vertex 136.8 -32.2 7.8
    endloop
  endfacet
  facet normal 1 0 0
    outer loop
      vertex 136.8 -45.9 0
      vertex 136.8 -41.2 7.8
      vertex 136.8 -45.9 12
    endloop
  endfacet
  facet normal 1 0 0
    outer loop
      vertex 136.8 -32.2 7.8
      vertex 136.8 -45.9 12
      vertex 136.8 -41.2 7.8
    endloop
  endfacet
  facet normal 1 -0 0
    outer loop
      vertex 136.8 -6.2 1.8
      vertex 136.8 -3.5 0
      vertex 136.8 -6.2 7.8
    endloop
  endfacet
  facet normal 1 -0 0
    outer loop
      vertex 136.8 -15.2 1.8
      vertex 136.8 -3.5 0
      vertex 136.8 -6.2 1.8
    endloop
  endfacet
  facet normal 1 0 0
    outer loop
      vertex 136.8 -19.2 1.8
      vertex 136.8 -15.2 1.8
      vertex 136.8 -19.2 7.8
    endloop
  endfacet
  facet normal 1 -0 0
    outer loop
      vertex 136.8 -19.2 1.8
      vertex 136.8 -3.5 0
      vertex 136.8 -15.2 1.8
    endloop
  endfacet
  facet normal 1 -0 0
    outer loop
      vertex 136.8 -28.2 1.8
      vertex 136.8 -3.5 0
      vertex 136.8 -19.2 1.8
    endloop
  endfacet
  facet normal 1 0 0
    outer loop
      vertex 136.8 -32.2 1.8
      vertex 136.8 -28.2 1.8
      vertex 136.8 -32.2 7.8
    endloop
  endfacet
  facet normal 1 0 0
    outer loop
      vertex 136.8 -45.9 0
      vertex 136.8 -28.2 1.8
      vertex 136.8 -32.2 1.8
    endloop
  endfacet
  facet normal 1 0 0
    outer loop
      vertex 136.8 -45.9 0
      vertex 136.8 -32.2 1.8
      vertex 136.8 -41.2 1.8
    endloop
  endfacet
  facet normal 1 0 0
    outer loop
      vertex 136.8 -28.2 1.8
      vertex 136.8 -45.9 0
      vertex 136.8 -3.5 0
    endloop
  endfacet
  facet normal 1 0 0
    outer loop
      vertex 136.8 -41.2 7.8
      vertex 136.8 -45.9 0
      vertex 136.8 -41.2 1.8
    endloop
  endfacet
  facet normal 0.633888 -0.773425 0
    outer loop
      vertex 135.244 -48.8101 0
      vertex 135.775 -48.3749 12
      vertex 135.244 -48.8101 12
    endloop
  endfacet
  facet normal 0.633888 -0.773425 0
    outer loop
      vertex 135.775 -48.3749 12
      vertex 135.244 -48.8101 0
      vertex 135.775 -48.3749 0
    endloop
  endfacet
  facet normal 0.0979905 0.995187 -0
    outer loop
      vertex 133.983 -0.0672512 0
      vertex 133.3 0 12
      vertex 133.983 -0.0672512 12
    endloop
  endfacet
  facet normal 0.0979905 0.995187 0
    outer loop
      vertex 133.3 0 12
      vertex 133.983 -0.0672512 0
      vertex 133.3 0 0
    endloop
  endfacet
  facet normal -1 0 0
    outer loop
      vertex 72.4 -6.2 7.8
      vertex 72.4 -3.5 0
      vertex 72.4 -6.2 1.8
    endloop
  endfacet
  facet normal -1 0 0
    outer loop
      vertex 72.4 -3.5 0
      vertex 72.4 -15.2 1.8
      vertex 72.4 -6.2 1.8
    endloop
  endfacet
  facet normal -1 0 0
    outer loop
      vertex 72.4 -15.2 1.8
      vertex 72.4 -19.2 1.8
      vertex 72.4 -15.2 7.8
    endloop
  endfacet
  facet normal -1 0 0
    outer loop
      vertex 72.4 -3.5 0
      vertex 72.4 -19.2 1.8
      vertex 72.4 -15.2 1.8
    endloop
  endfacet
  facet normal -1 0 0
    outer loop
      vertex 72.4 -3.5 0
      vertex 72.4 -28.2 1.8
      vertex 72.4 -19.2 1.8
    endloop
  endfacet
  facet normal -1 0 0
    outer loop
      vertex 72.4 -28.2 1.8
      vertex 72.4 -32.2 1.8
      vertex 72.4 -28.2 7.8
    endloop
  endfacet
  facet normal -1 0 0
    outer loop
      vertex 72.4 -45.9 0
      vertex 72.4 -28.2 1.8
      vertex 72.4 -3.5 0
    endloop
  endfacet
  facet normal -1 -0 0
    outer loop
      vertex 72.4 -28.2 1.8
      vertex 72.4 -45.9 0
      vertex 72.4 -32.2 1.8
    endloop
  endfacet
  facet normal -1 -0 0
    outer loop
      vertex 72.4 -41.2 1.8
      vertex 72.4 -45.9 0
      vertex 72.4 -41.2 7.8
    endloop
  endfacet
  facet normal -1 -0 0
    outer loop
      vertex 72.4 -32.2 1.8
      vertex 72.4 -45.9 0
      vertex 72.4 -41.2 1.8
    endloop
  endfacet
  facet normal -1 0 0
    outer loop
      vertex 72.4 -3.5 0
      vertex 72.4 -6.2 7.8
      vertex 72.4 -3.5 12
    endloop
  endfacet
  facet normal -1 0 0
    outer loop
      vertex 72.4 -15.2 7.8
      vertex 72.4 -3.5 12
      vertex 72.4 -6.2 7.8
    endloop
  endfacet
  facet normal -1 0 0
    outer loop
      vertex 72.4 -19.2 7.8
      vertex 72.4 -15.2 7.8
      vertex 72.4 -19.2 1.8
    endloop
  endfacet
  facet normal -1 0 0
    outer loop
      vertex 72.4 -19.2 7.8
      vertex 72.4 -3.5 12
      vertex 72.4 -15.2 7.8
    endloop
  endfacet
  facet normal -1 0 0
    outer loop
      vertex 72.4 -28.2 7.8
      vertex 72.4 -3.5 12
      vertex 72.4 -19.2 7.8
    endloop
  endfacet
  facet normal -1 0 0
    outer loop
      vertex 72.4 -32.2 7.8
      vertex 72.4 -28.2 7.8
      vertex 72.4 -32.2 1.8
    endloop
  endfacet
  facet normal -1 0 0
    outer loop
      vertex 72.4 -45.9 12
      vertex 72.4 -28.2 7.8
      vertex 72.4 -32.2 7.8
    endloop
  endfacet
  facet normal -1 0 0
    outer loop
      vertex 72.4 -45.9 12
      vertex 72.4 -32.2 7.8
      vertex 72.4 -41.2 7.8
    endloop
  endfacet
  facet normal -1 0 0
    outer loop
      vertex 72.4 -28.2 7.8
      vertex 72.4 -45.9 12
      vertex 72.4 -3.5 12
    endloop
  endfacet
  facet normal -1 0 0
    outer loop
      vertex 72.4 -45.9 12
      vertex 72.4 -41.2 7.8
      vertex 72.4 -45.9 0
    endloop
  endfacet
  facet normal -0.995178 0.0980866 -4.15793e-19
    outer loop
      vertex 72.4 -3.5 0
      vertex 72.4673 -2.81718 12
      vertex 72.4673 -2.81718 0
    endloop
  endfacet
  facet normal -0.995178 0.0980866 -4.15793e-19
    outer loop
      vertex 72.4673 -2.81718 12
      vertex 72.4 -3.5 0
      vertex 72.4 -3.5 12
    endloop
  endfacet
  facet normal -0.88188 -0.471473 1.46315e-19
    outer loop
      vertex 72.9899 -47.8445 0
      vertex 72.6664 -47.2394 12
      vertex 72.6664 -47.2394 0
    endloop
  endfacet
  facet normal -0.88188 -0.471473 1.46315e-19
    outer loop
      vertex 72.6664 -47.2394 12
      vertex 72.9899 -47.8445 0
      vertex 72.9899 -47.8445 12
    endloop
  endfacet
  facet normal -0.956968 0.290193 1.20821e-18
    outer loop
      vertex 72.4673 -2.81718 0
      vertex 72.6664 -2.16061 12
      vertex 72.6664 -2.16061 0
    endloop
  endfacet
  facet normal -0.956968 0.290193 1.20821e-18
    outer loop
      vertex 72.6664 -2.16061 12
      vertex 72.4673 -2.81718 0
      vertex 72.4673 -2.81718 12
    endloop
  endfacet
  facet normal -0.0980894 -0.995178 0
    outer loop
      vertex 75.2172 -49.3327 0
      vertex 75.9 -49.4 12
      vertex 75.2172 -49.3327 12
    endloop
  endfacet
  facet normal -0.0980894 -0.995178 -0
    outer loop
      vertex 75.9 -49.4 12
      vertex 75.2172 -49.3327 0
      vertex 75.9 -49.4 0
    endloop
  endfacet
  facet normal -0.634317 -0.773073 0
    outer loop
      vertex 73.4251 -48.3749 0
      vertex 73.9555 -48.8101 12
      vertex 73.4251 -48.3749 12
    endloop
  endfacet
  facet normal -0.634317 -0.773073 -0
    outer loop
      vertex 73.9555 -48.8101 12
      vertex 73.4251 -48.3749 0
      vertex 73.9555 -48.8101 0
    endloop
  endfacet
  facet normal -0.995178 -0.0980894 -3.98866e-19
    outer loop
      vertex 72.4673 -46.5828 0
      vertex 72.4 -45.9 12
      vertex 72.4 -45.9 0
    endloop
  endfacet
  facet normal -0.995178 -0.0980894 -3.98866e-19
    outer loop
      vertex 72.4 -45.9 12
      vertex 72.4673 -46.5828 0
      vertex 72.4673 -46.5828 12
    endloop
  endfacet
  facet normal -0.471473 -0.88188 0
    outer loop
      vertex 73.9555 -48.8101 0
      vertex 74.5606 -49.1336 12
      vertex 73.9555 -48.8101 12
    endloop
  endfacet
  facet normal -0.471473 -0.88188 -0
    outer loop
      vertex 74.5606 -49.1336 12
      vertex 73.9555 -48.8101 0
      vertex 74.5606 -49.1336 0
    endloop
  endfacet
  facet normal 0.773216 -0.634142 7.09326e-19
    outer loop
      vertex 135.775 -48.3749 12
      vertex 136.21 -47.8445 0
      vertex 136.21 -47.8445 12
    endloop
  endfacet
  facet normal 0.773216 -0.634142 7.09326e-19
    outer loop
      vertex 136.21 -47.8445 0
      vertex 135.775 -48.3749 12
      vertex 135.775 -48.3749 0
    endloop
  endfacet
  facet normal -0.881884 0.471467 1.01181e-18
    outer loop
      vertex 72.6664 -2.16061 0
      vertex 72.9899 -1.5555 12
      vertex 72.9899 -1.5555 0
    endloop
  endfacet
  facet normal -0.881884 0.471467 1.01181e-18
    outer loop
      vertex 72.9899 -1.5555 12
      vertex 72.6664 -2.16061 0
      vertex 72.6664 -2.16061 12
    endloop
  endfacet
  facet normal 0 -1 0
    outer loop
      vertex 104.6 -49.4 1.8
      vertex 110.6 -49.4 7.8
      vertex 104.6 -49.4 7.8
    endloop
  endfacet
  facet normal 0 -1 -0
    outer loop
      vertex 110.6 -49.4 7.8
      vertex 104.6 -49.4 1.8
      vertex 110.6 -49.4 1.8
    endloop
  endfacet
  facet normal 0 -1 0
    outer loop
      vertex 88.6 -49.4 1.8
      vertex 94.6 -49.4 7.8
      vertex 88.6 -49.4 7.8
    endloop
  endfacet
  facet normal 0 -1 -0
    outer loop
      vertex 94.6 -49.4 7.8
      vertex 88.6 -49.4 1.8
      vertex 94.6 -49.4 1.8
    endloop
  endfacet
  facet normal 0 -1 0
    outer loop
      vertex 88.6 -49.4 7.8
      vertex 75.9 -49.4 12
      vertex 78.6 -49.4 7.8
    endloop
  endfacet
  facet normal 0 -1 0
    outer loop
      vertex 75.9 -49.4 0
      vertex 78.6 -49.4 7.8
      vertex 75.9 -49.4 12
    endloop
  endfacet
  facet normal 0 -1 0
    outer loop
      vertex 75.9 -49.4 0
      vertex 88.6 -49.4 1.8
      vertex 78.6 -49.4 1.8
    endloop
  endfacet
  facet normal 0 -1 -0
    outer loop
      vertex 88.6 -49.4 1.8
      vertex 75.9 -49.4 0
      vertex 94.6 -49.4 1.8
    endloop
  endfacet
  facet normal 0 -1 -0
    outer loop
      vertex 94.6 -49.4 1.8
      vertex 75.9 -49.4 0
      vertex 104.6 -49.4 1.8
    endloop
  endfacet
  facet normal 0 -1 0
    outer loop
      vertex 133.3 -49.4 0
      vertex 104.6 -49.4 1.8
      vertex 75.9 -49.4 0
    endloop
  endfacet
  facet normal 0 -1 0
    outer loop
      vertex 104.6 -49.4 1.8
      vertex 133.3 -49.4 0
      vertex 110.6 -49.4 1.8
    endloop
  endfacet
  facet normal 0 -1 -0
    outer loop
      vertex 78.6 -49.4 7.8
      vertex 75.9 -49.4 0
      vertex 78.6 -49.4 1.8
    endloop
  endfacet
  facet normal 0 -1 0
    outer loop
      vertex 94.6 -49.4 7.8
      vertex 75.9 -49.4 12
      vertex 88.6 -49.4 7.8
    endloop
  endfacet
  facet normal 0 -1 0
    outer loop
      vertex 104.6 -49.4 7.8
      vertex 75.9 -49.4 12
      vertex 94.6 -49.4 7.8
    endloop
  endfacet
  facet normal 0 -1 0
    outer loop
      vertex 75.9 -49.4 12
      vertex 104.6 -49.4 7.8
      vertex 133.3 -49.4 12
    endloop
  endfacet
  facet normal 0 -1 0
    outer loop
      vertex 110.6 -49.4 7.8
      vertex 133.3 -49.4 12
      vertex 104.6 -49.4 7.8
    endloop
  endfacet
  facet normal 0 -1 0
    outer loop
      vertex 120.6 -49.4 7.8
      vertex 133.3 -49.4 12
      vertex 110.6 -49.4 7.8
    endloop
  endfacet
  facet normal 0 -1 0
    outer loop
      vertex 133.3 -49.4 0
      vertex 120.6 -49.4 7.8
      vertex 120.6 -49.4 1.8
    endloop
  endfacet
  facet normal 0 -1 0
    outer loop
      vertex 120.6 -49.4 7.8
      vertex 133.3 -49.4 0
      vertex 133.3 -49.4 12
    endloop
  endfacet
  facet normal 0 -1 0
    outer loop
      vertex 110.6 -49.4 1.8
      vertex 133.3 -49.4 0
      vertex 120.6 -49.4 1.8
    endloop
  endfacet
  facet normal 0.773199 0.634164 1.18723e-18
    outer loop
      vertex 136.21 -1.5555 12
      vertex 135.775 -1.02513 0
      vertex 135.775 -1.02513 12
    endloop
  endfacet
  facet normal 0.773199 0.634164 1.18723e-18
    outer loop
      vertex 135.775 -1.02513 0
      vertex 136.21 -1.5555 12
      vertex 136.21 -1.5555 0
    endloop
  endfacet
  facet normal 0.881581 0.472033 -1.21533e-18
    outer loop
      vertex 136.534 -2.16061 12
      vertex 136.21 -1.5555 0
      vertex 136.21 -1.5555 12
    endloop
  endfacet
  facet normal 0.881581 0.472033 -1.21533e-18
    outer loop
      vertex 136.21 -1.5555 0
      vertex 136.534 -2.16061 12
      vertex 136.534 -2.16061 0
    endloop
  endfacet
  facet normal 0.99522 0.0976535 3.73641e-19
    outer loop
      vertex 136.8 -3.5 12
      vertex 136.733 -2.81718 0
      vertex 136.733 -2.81718 12
    endloop
  endfacet
  facet normal 0.99522 0.0976535 3.73641e-19
    outer loop
      vertex 136.733 -2.81718 0
      vertex 136.8 -3.5 12
      vertex 136.8 -3.5 0
    endloop
  endfacet
  facet normal 0.290424 -0.956898 0
    outer loop
      vertex 133.983 -49.3327 0
      vertex 134.639 -49.1336 12
      vertex 133.983 -49.3327 12
    endloop
  endfacet
  facet normal 0.290424 -0.956898 0
    outer loop
      vertex 134.639 -49.1336 12
      vertex 133.983 -49.3327 0
      vertex 134.639 -49.1336 0
    endloop
  endfacet
  facet normal 0.290518 0.95687 -0
    outer loop
      vertex 134.639 -0.266421 0
      vertex 133.983 -0.0672512 12
      vertex 134.639 -0.266421 12
    endloop
  endfacet
  facet normal 0.290518 0.95687 0
    outer loop
      vertex 133.983 -0.0672512 12
      vertex 134.639 -0.266421 0
      vertex 133.983 -0.0672512 0
    endloop
  endfacet
  facet normal 0 0 1
    outer loop
      vertex 89.948 -43.073 12
      vertex 86.2862 -44.9537 12
      vertex 86.3 -45.2 12
    endloop
  endfacet
  facet normal 0 0 1
    outer loop
      vertex 89.948 -43.073 12
      vertex 86.2448 -44.7105 12
      vertex 86.2862 -44.9537 12
    endloop
  endfacet
  facet normal 0 0 1
    outer loop
      vertex 85.0545 -43.2179 12
      vertex 87.983 -41.317 12
      vertex 86.227 -39.352 12
    endloop
  endfacet
  facet normal 0 0 1
    outer loop
      vertex 89.948 -43.073 12
      vertex 86.1765 -44.4734 12
      vertex 86.2448 -44.7105 12
    endloop
  endfacet
  facet normal 0 0 1
    outer loop
      vertex 89.948 -43.073 12
      vertex 86.0821 -44.2455 12
      vertex 86.1765 -44.4734 12
    endloop
  endfacet
  facet normal 0 0 1
    outer loop
      vertex 87.983 -41.317 12
      vertex 85.9628 -44.0295 12
      vertex 86.0821 -44.2455 12
    endloop
  endfacet
  facet normal 0 0 1
    outer loop
      vertex 87.983 -41.317 12
      vertex 85.82 -43.8283 12
      vertex 85.9628 -44.0295 12
    endloop
  endfacet
  facet normal 0 0 1
    outer loop
      vertex 87.983 -41.317 12
      vertex 85.6556 -43.6444 12
      vertex 85.82 -43.8283 12
    endloop
  endfacet
  facet normal 0 0 1
    outer loop
      vertex 87.983 -41.317 12
      vertex 85.4717 -43.48 12
      vertex 85.6556 -43.6444 12
    endloop
  endfacet
  facet normal 0 0 1
    outer loop
      vertex 87.983 -41.317 12
      vertex 85.2705 -43.3372 12
      vertex 85.4717 -43.48 12
    endloop
  endfacet
  facet normal 0 0 1
    outer loop
      vertex 87.983 -41.317 12
      vertex 85.0545 -43.2179 12
      vertex 85.2705 -43.3372 12
    endloop
  endfacet
  facet normal 0 0 1
    outer loop
      vertex 86.227 -39.352 12
      vertex 84.8266 -43.1235 12
      vertex 85.0545 -43.2179 12
    endloop
  endfacet
  facet normal 0 0 1
    outer loop
      vertex 83.6105 -43.0552 12
      vertex 86.227 -39.352 12
      vertex 84.702 -37.2028 12
    endloop
  endfacet
  facet normal 0 0 1
    outer loop
      vertex 86.227 -39.352 12
      vertex 84.5895 -43.0552 12
      vertex 84.8266 -43.1235 12
    endloop
  endfacet
  facet normal 0 0 1
    outer loop
      vertex 86.227 -39.352 12
      vertex 84.3463 -43.0138 12
      vertex 84.5895 -43.0552 12
    endloop
  endfacet
  facet normal 0 0 1
    outer loop
      vertex 86.227 -39.352 12
      vertex 84.1 -43 12
      vertex 84.3463 -43.0138 12
    endloop
  endfacet
  facet normal 0 0 1
    outer loop
      vertex 86.227 -39.352 12
      vertex 83.8537 -43.0138 12
      vertex 84.1 -43 12
    endloop
  endfacet
  facet normal 0 0 1
    outer loop
      vertex 86.227 -39.352 12
      vertex 83.6105 -43.0552 12
      vertex 83.8537 -43.0138 12
    endloop
  endfacet
  facet normal 0 0 1
    outer loop
      vertex 82.7283 -43.48 12
      vertex 84.702 -37.2028 12
      vertex 83.4272 -34.8963 12
    endloop
  endfacet
  facet normal 0 0 1
    outer loop
      vertex 84.702 -37.2028 12
      vertex 83.3734 -43.1235 12
      vertex 83.6105 -43.0552 12
    endloop
  endfacet
  facet normal 0 0 1
    outer loop
      vertex 84.702 -37.2028 12
      vertex 83.1455 -43.2179 12
      vertex 83.3734 -43.1235 12
    endloop
  endfacet
  facet normal 0 0 1
    outer loop
      vertex 84.702 -37.2028 12
      vertex 82.9295 -43.3372 12
      vertex 83.1455 -43.2179 12
    endloop
  endfacet
  facet normal 0 0 1
    outer loop
      vertex 84.702 -37.2028 12
      vertex 82.7283 -43.48 12
      vertex 82.9295 -43.3372 12
    endloop
  endfacet
  facet normal 0 0 1
    outer loop
      vertex 83.4272 -34.8963 12
      vertex 82.5444 -43.6444 12
      vertex 82.7283 -43.48 12
    endloop
  endfacet
  facet normal 0 0 1
    outer loop
      vertex 72.4 -45.9 12
      vertex 83.4272 -34.8963 12
      vertex 82.4187 -32.4616 12
    endloop
  endfacet
  facet normal 0 0 1
    outer loop
      vertex 83.4272 -34.8963 12
      vertex 82.38 -43.8283 12
      vertex 82.5444 -43.6444 12
    endloop
  endfacet
  facet normal 0 0 1
    outer loop
      vertex 83.4272 -34.8963 12
      vertex 72.4 -45.9 12
      vertex 82.38 -43.8283 12
    endloop
  endfacet
  facet normal 0 0 1
    outer loop
      vertex 82.38 -43.8283 12
      vertex 72.4 -45.9 12
      vertex 82.2372 -44.0295 12
    endloop
  endfacet
  facet normal 0 0 1
    outer loop
      vertex 82.2372 -44.0295 12
      vertex 72.4 -45.9 12
      vertex 82.1179 -44.2455 12
    endloop
  endfacet
  facet normal 0 0 1
    outer loop
      vertex 82.1179 -44.2455 12
      vertex 72.4 -45.9 12
      vertex 82.0235 -44.4734 12
    endloop
  endfacet
  facet normal 0 0 1
    outer loop
      vertex 82.0235 -44.4734 12
      vertex 72.4 -45.9 12
      vertex 81.9552 -44.7105 12
    endloop
  endfacet
  facet normal 0 0 1
    outer loop
      vertex 81.9552 -44.7105 12
      vertex 72.4 -45.9 12
      vertex 81.9138 -44.9537 12
    endloop
  endfacet
  facet normal 0 0 1
    outer loop
      vertex 72.4 -45.9 12
      vertex 82.4187 -32.4616 12
      vertex 81.6892 -29.9292 12
    endloop
  endfacet
  facet normal -0 0 1
    outer loop
      vertex 86.2448 -4.68955 12
      vertex 89.948 -6.32696 12
      vertex 86.2862 -4.44632 12
    endloop
  endfacet
  facet normal -0 0 1
    outer loop
      vertex 86.1765 -4.92661 12
      vertex 89.948 -6.32696 12
      vertex 86.2448 -4.68955 12
    endloop
  endfacet
  facet normal -0 0 1
    outer loop
      vertex 86.0821 -5.15454 12
      vertex 89.948 -6.32696 12
      vertex 86.1765 -4.92661 12
    endloop
  endfacet
  facet normal 0 0 1
    outer loop
      vertex 89.948 -6.32696 12
      vertex 86.0821 -5.15454 12
      vertex 87.983 -8.08299 12
    endloop
  endfacet
  facet normal -0 0 1
    outer loop
      vertex 85.9628 -5.37047 12
      vertex 87.983 -8.08299 12
      vertex 86.0821 -5.15454 12
    endloop
  endfacet
  facet normal -0 0 1
    outer loop
      vertex 85.82 -5.57168 12
      vertex 87.983 -8.08299 12
      vertex 85.9628 -5.37047 12
    endloop
  endfacet
  facet normal -0 0 1
    outer loop
      vertex 85.6556 -5.75563 12
      vertex 87.983 -8.08299 12
      vertex 85.82 -5.57168 12
    endloop
  endfacet
  facet normal -0 0 1
    outer loop
      vertex 85.4717 -5.92003 12
      vertex 87.983 -8.08299 12
      vertex 85.6556 -5.75563 12
    endloop
  endfacet
  facet normal -0 0 1
    outer loop
      vertex 85.2705 -6.06279 12
      vertex 87.983 -8.08299 12
      vertex 85.4717 -5.92003 12
    endloop
  endfacet
  facet normal -0 0 1
    outer loop
      vertex 85.0545 -6.18213 12
      vertex 87.983 -8.08299 12
      vertex 85.2705 -6.06279 12
    endloop
  endfacet
  facet normal 0 0 1
    outer loop
      vertex 87.983 -8.08299 12
      vertex 85.0545 -6.18213 12
      vertex 86.227 -10.048 12
    endloop
  endfacet
  facet normal -0 0 1
    outer loop
      vertex 84.8266 -6.27654 12
      vertex 86.227 -10.048 12
      vertex 85.0545 -6.18213 12
    endloop
  endfacet
  facet normal -0 0 1
    outer loop
      vertex 84.5895 -6.34484 12
      vertex 86.227 -10.048 12
      vertex 84.8266 -6.27654 12
    endloop
  endfacet
  facet normal -0 0 1
    outer loop
      vertex 84.3463 -6.38617 12
      vertex 86.227 -10.048 12
      vertex 84.5895 -6.34484 12
    endloop
  endfacet
  facet normal -0 0 1
    outer loop
      vertex 84.1 -6.4 12
      vertex 86.227 -10.048 12
      vertex 84.3463 -6.38617 12
    endloop
  endfacet
  facet normal 0 0 1
    outer loop
      vertex 83.8537 -6.38617 12
      vertex 86.227 -10.048 12
      vertex 84.1 -6.4 12
    endloop
  endfacet
  facet normal 0 0 1
    outer loop
      vertex 83.6105 -6.34484 12
      vertex 86.227 -10.048 12
      vertex 83.8537 -6.38617 12
    endloop
  endfacet
  facet normal 0 0 1
    outer loop
      vertex 86.227 -10.048 12
      vertex 83.6105 -6.34484 12
      vertex 84.702 -12.1972 12
    endloop
  endfacet
  facet normal 0 0 1
    outer loop
      vertex 83.3734 -6.27654 12
      vertex 84.702 -12.1972 12
      vertex 83.6105 -6.34484 12
    endloop
  endfacet
  facet normal 0 0 1
    outer loop
      vertex 83.1455 -6.18213 12
      vertex 84.702 -12.1972 12
      vertex 83.3734 -6.27654 12
    endloop
  endfacet
  facet normal 0 0 1
    outer loop
      vertex 82.9295 -6.06279 12
      vertex 84.702 -12.1972 12
      vertex 83.1455 -6.18213 12
    endloop
  endfacet
  facet normal 0 0 1
    outer loop
      vertex 82.7283 -5.92003 12
      vertex 84.702 -12.1972 12
      vertex 82.9295 -6.06279 12
    endloop
  endfacet
  facet normal 0 0 1
    outer loop
      vertex 84.702 -12.1972 12
      vertex 82.7283 -5.92003 12
      vertex 83.4272 -14.5037 12
    endloop
  endfacet
  facet normal 0 0 1
    outer loop
      vertex 82.5444 -5.75563 12
      vertex 83.4272 -14.5037 12
      vertex 82.7283 -5.92003 12
    endloop
  endfacet
  facet normal 0 0 1
    outer loop
      vertex 82.38 -5.57168 12
      vertex 83.4272 -14.5037 12
      vertex 82.5444 -5.75563 12
    endloop
  endfacet
  facet normal 0 0 1
    outer loop
      vertex 72.4 -3.5 12
      vertex 83.4272 -14.5037 12
      vertex 82.38 -5.57168 12
    endloop
  endfacet
  facet normal 0 0 1
    outer loop
      vertex 72.4 -3.5 12
      vertex 82.38 -5.57168 12
      vertex 82.2372 -5.37047 12
    endloop
  endfacet
  facet normal 0 0 1
    outer loop
      vertex 72.4 -3.5 12
      vertex 82.2372 -5.37047 12
      vertex 82.1179 -5.15454 12
    endloop
  endfacet
  facet normal 0 0 1
    outer loop
      vertex 72.4 -3.5 12
      vertex 82.1179 -5.15454 12
      vertex 82.0235 -4.92661 12
    endloop
  endfacet
  facet normal 0 0 1
    outer loop
      vertex 72.4 -3.5 12
      vertex 82.0235 -4.92661 12
      vertex 81.9552 -4.68955 12
    endloop
  endfacet
  facet normal 0 0 1
    outer loop
      vertex 72.4 -3.5 12
      vertex 81.9552 -4.68955 12
      vertex 81.9138 -4.44632 12
    endloop
  endfacet
  facet normal 0 0 1
    outer loop
      vertex 75.9 0 12
      vertex 81.9138 -4.44632 12
      vertex 81.9 -4.2 12
    endloop
  endfacet
  facet normal 0 0 1
    outer loop
      vertex 83.4272 -14.5037 12
      vertex 72.4 -3.5 12
      vertex 82.4187 -16.9384 12
    endloop
  endfacet
  facet normal 0 0 1
    outer loop
      vertex 133.3 -49.4 12
      vertex 127.286 -44.9537 12
      vertex 127.3 -45.2 12
    endloop
  endfacet
  facet normal 0 0 1
    outer loop
      vertex 136.8 -45.9 12
      vertex 127.245 -44.7105 12
      vertex 127.286 -44.9537 12
    endloop
  endfacet
  facet normal 0 0 1
    outer loop
      vertex 136.8 -45.9 12
      vertex 127.177 -44.4734 12
      vertex 127.245 -44.7105 12
    endloop
  endfacet
  facet normal -0 0 1
    outer loop
      vertex 125.773 -34.8963 12
      vertex 136.8 -45.9 12
      vertex 126.781 -32.4616 12
    endloop
  endfacet
  facet normal 0 0 1
    outer loop
      vertex 136.8 -45.9 12
      vertex 127.082 -44.2455 12
      vertex 127.177 -44.4734 12
    endloop
  endfacet
  facet normal 0 0 1
    outer loop
      vertex 136.8 -45.9 12
      vertex 126.963 -44.0295 12
      vertex 127.082 -44.2455 12
    endloop
  endfacet
  facet normal -0 -0 1
    outer loop
      vertex 126.82 -43.8283 12
      vertex 136.8 -45.9 12
      vertex 125.773 -34.8963 12
    endloop
  endfacet
  facet normal 0 0 1
    outer loop
      vertex 136.8 -45.9 12
      vertex 126.82 -43.8283 12
      vertex 126.963 -44.0295 12
    endloop
  endfacet
  facet normal 0 0 1
    outer loop
      vertex 126.82 -43.8283 12
      vertex 125.773 -34.8963 12
      vertex 126.656 -43.6444 12
    endloop
  endfacet
  facet normal 0 0 1
    outer loop
      vertex 126.656 -43.6444 12
      vertex 125.773 -34.8963 12
      vertex 126.472 -43.48 12
    endloop
  endfacet
  facet normal -0 0 1
    outer loop
      vertex 124.498 -37.2028 12
      vertex 126.472 -43.48 12
      vertex 125.773 -34.8963 12
    endloop
  endfacet
  facet normal 0 0 1
    outer loop
      vertex 126.472 -43.48 12
      vertex 124.498 -37.2028 12
      vertex 126.27 -43.3372 12
    endloop
  endfacet
  facet normal 0 0 1
    outer loop
      vertex 126.27 -43.3372 12
      vertex 124.498 -37.2028 12
      vertex 126.055 -43.2179 12
    endloop
  endfacet
  facet normal 0 0 1
    outer loop
      vertex 126.055 -43.2179 12
      vertex 124.498 -37.2028 12
      vertex 125.827 -43.1235 12
    endloop
  endfacet
  facet normal 0 0 1
    outer loop
      vertex 125.827 -43.1235 12
      vertex 124.498 -37.2028 12
      vertex 125.59 -43.0552 12
    endloop
  endfacet
  facet normal -0 0 1
    outer loop
      vertex 122.973 -39.352 12
      vertex 125.59 -43.0552 12
      vertex 124.498 -37.2028 12
    endloop
  endfacet
  facet normal 0 0 1
    outer loop
      vertex 125.59 -43.0552 12
      vertex 122.973 -39.352 12
      vertex 125.346 -43.0138 12
    endloop
  endfacet
  facet normal 0 0 1
    outer loop
      vertex 125.346 -43.0138 12
      vertex 122.973 -39.352 12
      vertex 125.1 -43 12
    endloop
  endfacet
  facet normal 0 0 1
    outer loop
      vertex 125.1 -43 12
      vertex 122.973 -39.352 12
      vertex 124.854 -43.0138 12
    endloop
  endfacet
  facet normal 0 0 1
    outer loop
      vertex 124.854 -43.0138 12
      vertex 122.973 -39.352 12
      vertex 124.61 -43.0552 12
    endloop
  endfacet
  facet normal 0 0 1
    outer loop
      vertex 124.61 -43.0552 12
      vertex 122.973 -39.352 12
      vertex 124.373 -43.1235 12
    endloop
  endfacet
  facet normal 0 0 1
    outer loop
      vertex 124.373 -43.1235 12
      vertex 122.973 -39.352 12
      vertex 124.145 -43.2179 12
    endloop
  endfacet
  facet normal -0 0 1
    outer loop
      vertex 121.217 -41.317 12
      vertex 124.145 -43.2179 12
      vertex 122.973 -39.352 12
    endloop
  endfacet
  facet normal 0 0 1
    outer loop
      vertex 124.145 -43.2179 12
      vertex 121.217 -41.317 12
      vertex 123.93 -43.3372 12
    endloop
  endfacet
  facet normal 0 0 1
    outer loop
      vertex 123.93 -43.3372 12
      vertex 121.217 -41.317 12
      vertex 123.728 -43.48 12
    endloop
  endfacet
  facet normal 0 0 1
    outer loop
      vertex 123.728 -43.48 12
      vertex 121.217 -41.317 12
      vertex 123.544 -43.6444 12
    endloop
  endfacet
  facet normal 0 0 1
    outer loop
      vertex 123.544 -43.6444 12
      vertex 121.217 -41.317 12
      vertex 123.38 -43.8283 12
    endloop
  endfacet
  facet normal 0 0 1
    outer loop
      vertex 123.38 -43.8283 12
      vertex 121.217 -41.317 12
      vertex 123.237 -44.0295 12
    endloop
  endfacet
  facet normal 0 0 1
    outer loop
      vertex 123.237 -44.0295 12
      vertex 121.217 -41.317 12
      vertex 123.118 -44.2455 12
    endloop
  endfacet
  facet normal -0 0 1
    outer loop
      vertex 119.252 -43.073 12
      vertex 123.118 -44.2455 12
      vertex 121.217 -41.317 12
    endloop
  endfacet
  facet normal 0 0 1
    outer loop
      vertex 123.118 -44.2455 12
      vertex 119.252 -43.073 12
      vertex 123.023 -44.4734 12
    endloop
  endfacet
  facet normal 0 0 1
    outer loop
      vertex 123.023 -44.4734 12
      vertex 119.252 -43.073 12
      vertex 122.955 -44.7105 12
    endloop
  endfacet
  facet normal 0 0 1
    outer loop
      vertex 122.955 -44.7105 12
      vertex 119.252 -43.073 12
      vertex 122.914 -44.9537 12
    endloop
  endfacet
  facet normal 0 0 1
    outer loop
      vertex 133.3 0 12
      vertex 136.8 -3.5 12
      vertex 136.733 -2.81718 12
    endloop
  endfacet
  facet normal 0 0 1
    outer loop
      vertex 136.8 -3.5 12
      vertex 128.1 -24.7 12
      vertex 136.8 -45.9 12
    endloop
  endfacet
  facet normal 0 0 1
    outer loop
      vertex 133.3 0 12
      vertex 136.733 -2.81718 12
      vertex 136.534 -2.16061 12
    endloop
  endfacet
  facet normal -0 0 1
    outer loop
      vertex 127.952 -27.3312 12
      vertex 136.8 -45.9 12
      vertex 128.1 -24.7 12
    endloop
  endfacet
  facet normal 0 0 1
    outer loop
      vertex 133.3 0 12
      vertex 136.534 -2.16061 12
      vertex 136.21 -1.5555 12
    endloop
  endfacet
  facet normal -0 0 1
    outer loop
      vertex 127.511 -29.9292 12
      vertex 136.8 -45.9 12
      vertex 127.952 -27.3312 12
    endloop
  endfacet
  facet normal 0 0 1
    outer loop
      vertex 133.3 0 12
      vertex 136.21 -1.5555 12
      vertex 135.775 -1.02513 12
    endloop
  endfacet
  facet normal -0 0 1
    outer loop
      vertex 126.781 -32.4616 12
      vertex 136.8 -45.9 12
      vertex 127.511 -29.9292 12
    endloop
  endfacet
  facet normal 0 0 1
    outer loop
      vertex 133.3 0 12
      vertex 135.775 -1.02513 12
      vertex 135.244 -0.589856 12
    endloop
  endfacet
  facet normal 0 0 1
    outer loop
      vertex 127.286 -44.9537 12
      vertex 133.3 -49.4 12
      vertex 136.8 -45.9 12
    endloop
  endfacet
  facet normal 0 0 1
    outer loop
      vertex 133.3 0 12
      vertex 135.244 -0.589856 12
      vertex 134.639 -0.266421 12
    endloop
  endfacet
  facet normal 0 0 1
    outer loop
      vertex 136.8 -45.9 12
      vertex 133.3 -49.4 12
      vertex 136.733 -46.5828 12
    endloop
  endfacet
  facet normal 0 0 1
    outer loop
      vertex 133.3 0 12
      vertex 134.639 -0.266421 12
      vertex 133.983 -0.0672512 12
    endloop
  endfacet
  facet normal 0 0 1
    outer loop
      vertex 136.733 -46.5828 12
      vertex 133.3 -49.4 12
      vertex 136.534 -47.2394 12
    endloop
  endfacet
  facet normal 0 0 1
    outer loop
      vertex 136.8 -3.5 12
      vertex 133.3 0 12
      vertex 127.286 -4.44632 12
    endloop
  endfacet
  facet normal 0 0 1
    outer loop
      vertex 136.534 -47.2394 12
      vertex 133.3 -49.4 12
      vertex 136.21 -47.8445 12
    endloop
  endfacet
  facet normal 0 0 1
    outer loop
      vertex 136.21 -47.8445 12
      vertex 133.3 -49.4 12
      vertex 135.775 -48.3749 12
    endloop
  endfacet
  facet normal 0 0 1
    outer loop
      vertex 136.8 -3.5 12
      vertex 127.952 -22.0688 12
      vertex 128.1 -24.7 12
    endloop
  endfacet
  facet normal 0 0 1
    outer loop
      vertex 136.8 -3.5 12
      vertex 127.511 -19.4708 12
      vertex 127.952 -22.0688 12
    endloop
  endfacet
  facet normal 0 0 1
    outer loop
      vertex 127.286 -4.44632 12
      vertex 133.3 0 12
      vertex 127.3 -4.2 12
    endloop
  endfacet
  facet normal 0 0 1
    outer loop
      vertex 133.3 0 12
      vertex 127.286 -3.95368 12
      vertex 127.3 -4.2 12
    endloop
  endfacet
  facet normal 0 0 1
    outer loop
      vertex 133.3 0 12
      vertex 127.245 -3.71045 12
      vertex 127.286 -3.95368 12
    endloop
  endfacet
  facet normal 0 0 1
    outer loop
      vertex 133.3 0 12
      vertex 127.177 -3.47339 12
      vertex 127.245 -3.71045 12
    endloop
  endfacet
  facet normal 0 0 1
    outer loop
      vertex 133.3 0 12
      vertex 127.082 -3.24546 12
      vertex 127.177 -3.47339 12
    endloop
  endfacet
  facet normal 0 0 1
    outer loop
      vertex 133.3 0 12
      vertex 126.963 -3.02953 12
      vertex 127.082 -3.24546 12
    endloop
  endfacet
  facet normal 0 0 1
    outer loop
      vertex 133.3 0 12
      vertex 126.82 -2.82832 12
      vertex 126.963 -3.02953 12
    endloop
  endfacet
  facet normal 0 0 1
    outer loop
      vertex 133.3 0 12
      vertex 126.656 -2.64436 12
      vertex 126.82 -2.82832 12
    endloop
  endfacet
  facet normal 0 0 1
    outer loop
      vertex 133.3 0 12
      vertex 126.472 -2.47997 12
      vertex 126.656 -2.64436 12
    endloop
  endfacet
  facet normal 0 0 1
    outer loop
      vertex 133.3 0 12
      vertex 126.27 -2.33721 12
      vertex 126.472 -2.47997 12
    endloop
  endfacet
  facet normal 0 0 1
    outer loop
      vertex 133.3 0 12
      vertex 126.055 -2.21787 12
      vertex 126.27 -2.33721 12
    endloop
  endfacet
  facet normal 0 0 1
    outer loop
      vertex 133.3 0 12
      vertex 125.827 -2.12346 12
      vertex 126.055 -2.21787 12
    endloop
  endfacet
  facet normal 0 0 1
    outer loop
      vertex 133.3 0 12
      vertex 125.59 -2.05516 12
      vertex 125.827 -2.12346 12
    endloop
  endfacet
  facet normal 0 0 1
    outer loop
      vertex 133.3 0 12
      vertex 125.346 -2.01383 12
      vertex 125.59 -2.05516 12
    endloop
  endfacet
  facet normal 0 0 1
    outer loop
      vertex 133.3 0 12
      vertex 125.1 -2 12
      vertex 125.346 -2.01383 12
    endloop
  endfacet
  facet normal 0 0 1
    outer loop
      vertex 133.3 0 12
      vertex 124.854 -2.01383 12
      vertex 125.1 -2 12
    endloop
  endfacet
  facet normal -0 0 1
    outer loop
      vertex 109.829 -1.78919 12
      vertex 124.854 -2.01383 12
      vertex 133.3 0 12
    endloop
  endfacet
  facet normal 0 0 1
    outer loop
      vertex 119.252 -6.32696 12
      vertex 122.9 -4.2 12
      vertex 122.914 -3.95368 12
    endloop
  endfacet
  facet normal 0 0 1
    outer loop
      vertex 119.252 -6.32696 12
      vertex 122.914 -3.95368 12
      vertex 122.955 -3.71045 12
    endloop
  endfacet
  facet normal 0 0 1
    outer loop
      vertex 117.103 -4.80198 12
      vertex 122.955 -3.71045 12
      vertex 123.023 -3.47339 12
    endloop
  endfacet
  facet normal 0 0 1
    outer loop
      vertex 122.9 -4.2 12
      vertex 119.252 -6.32696 12
      vertex 121.217 -8.08299 12
    endloop
  endfacet
  facet normal 0 0 1
    outer loop
      vertex 117.103 -4.80198 12
      vertex 123.023 -3.47339 12
      vertex 123.118 -3.24546 12
    endloop
  endfacet
  facet normal 0 0 1
    outer loop
      vertex 117.103 -4.80198 12
      vertex 123.118 -3.24546 12
      vertex 123.237 -3.02953 12
    endloop
  endfacet
  facet normal 0 0 1
    outer loop
      vertex 117.103 -4.80198 12
      vertex 123.237 -3.02953 12
      vertex 123.38 -2.82832 12
    endloop
  endfacet
  facet normal 0 0 1
    outer loop
      vertex 114.796 -3.52723 12
      vertex 123.38 -2.82832 12
      vertex 123.544 -2.64436 12
    endloop
  endfacet
  facet normal 0 0 1
    outer loop
      vertex 114.796 -3.52723 12
      vertex 123.544 -2.64436 12
      vertex 123.728 -2.47997 12
    endloop
  endfacet
  facet normal 0 0 1
    outer loop
      vertex 122.955 -3.71045 12
      vertex 117.103 -4.80198 12
      vertex 119.252 -6.32696 12
    endloop
  endfacet
  facet normal 0 0 1
    outer loop
      vertex 114.796 -3.52723 12
      vertex 123.728 -2.47997 12
      vertex 123.93 -2.33721 12
    endloop
  endfacet
  facet normal 0 0 1
    outer loop
      vertex 112.362 -2.51874 12
      vertex 123.93 -2.33721 12
      vertex 124.145 -2.21787 12
    endloop
  endfacet
  facet normal 0 0 1
    outer loop
      vertex 112.362 -2.51874 12
      vertex 124.145 -2.21787 12
      vertex 124.373 -2.12346 12
    endloop
  endfacet
  facet normal 0 0 1
    outer loop
      vertex 123.38 -2.82832 12
      vertex 114.796 -3.52723 12
      vertex 117.103 -4.80198 12
    endloop
  endfacet
  facet normal 0 0 1
    outer loop
      vertex 109.829 -1.78919 12
      vertex 124.373 -2.12346 12
      vertex 124.61 -2.05516 12
    endloop
  endfacet
  facet normal 0 0 1
    outer loop
      vertex 124.854 -2.01383 12
      vertex 109.829 -1.78919 12
      vertex 124.61 -2.05516 12
    endloop
  endfacet
  facet normal 0 0 1
    outer loop
      vertex 123.93 -2.33721 12
      vertex 112.362 -2.51874 12
      vertex 114.796 -3.52723 12
    endloop
  endfacet
  facet normal 0 0 1
    outer loop
      vertex 124.373 -2.12346 12
      vertex 109.829 -1.78919 12
      vertex 112.362 -2.51874 12
    endloop
  endfacet
  facet normal 0 0 1
    outer loop
      vertex 133.3 0 12
      vertex 107.231 -1.34776 12
      vertex 109.829 -1.78919 12
    endloop
  endfacet
  facet normal 0 0 1
    outer loop
      vertex 133.3 0 12
      vertex 104.6 -1.2 12
      vertex 107.231 -1.34776 12
    endloop
  endfacet
  facet normal -0 0 1
    outer loop
      vertex 86.2862 -4.44632 12
      vertex 89.948 -6.32696 12
      vertex 86.3 -4.2 12
    endloop
  endfacet
  facet normal 0 0 1
    outer loop
      vertex 86.2448 -3.71045 12
      vertex 89.948 -6.32696 12
      vertex 92.0972 -4.80198 12
    endloop
  endfacet
  facet normal 0 0 1
    outer loop
      vertex 85.82 -2.82832 12
      vertex 92.0972 -4.80198 12
      vertex 94.4037 -3.52723 12
    endloop
  endfacet
  facet normal 0 0 1
    outer loop
      vertex 85.2705 -2.33721 12
      vertex 94.4037 -3.52723 12
      vertex 96.8384 -2.51874 12
    endloop
  endfacet
  facet normal -0 0 1
    outer loop
      vertex 84.8266 -2.12346 12
      vertex 96.8384 -2.51874 12
      vertex 99.3708 -1.78919 12
    endloop
  endfacet
  facet normal 0 0 1
    outer loop
      vertex 89.948 -6.32696 12
      vertex 86.2862 -3.95368 12
      vertex 86.3 -4.2 12
    endloop
  endfacet
  facet normal 0 0 1
    outer loop
      vertex 75.9 0 12
      vertex 99.3708 -1.78919 12
      vertex 101.969 -1.34776 12
    endloop
  endfacet
  facet normal 0 0 1
    outer loop
      vertex 89.948 -6.32696 12
      vertex 86.2448 -3.71045 12
      vertex 86.2862 -3.95368 12
    endloop
  endfacet
  facet normal 0 0 1
    outer loop
      vertex 92.0972 -4.80198 12
      vertex 86.1765 -3.47339 12
      vertex 86.2448 -3.71045 12
    endloop
  endfacet
  facet normal 0 0 1
    outer loop
      vertex 92.0972 -4.80198 12
      vertex 86.0821 -3.24546 12
      vertex 86.1765 -3.47339 12
    endloop
  endfacet
  facet normal 0 0 1
    outer loop
      vertex 92.0972 -4.80198 12
      vertex 85.9628 -3.02953 12
      vertex 86.0821 -3.24546 12
    endloop
  endfacet
  facet normal 0 0 1
    outer loop
      vertex 92.0972 -4.80198 12
      vertex 85.82 -2.82832 12
      vertex 85.9628 -3.02953 12
    endloop
  endfacet
  facet normal 0 0 1
    outer loop
      vertex 94.4037 -3.52723 12
      vertex 85.6556 -2.64436 12
      vertex 85.82 -2.82832 12
    endloop
  endfacet
  facet normal 0 0 1
    outer loop
      vertex 94.4037 -3.52723 12
      vertex 85.4717 -2.47997 12
      vertex 85.6556 -2.64436 12
    endloop
  endfacet
  facet normal 0 0 1
    outer loop
      vertex 94.4037 -3.52723 12
      vertex 85.2705 -2.33721 12
      vertex 85.4717 -2.47997 12
    endloop
  endfacet
  facet normal 0 0 1
    outer loop
      vertex 96.8384 -2.51874 12
      vertex 85.0545 -2.21787 12
      vertex 85.2705 -2.33721 12
    endloop
  endfacet
  facet normal 0 0 1
    outer loop
      vertex 75.9 0 12
      vertex 101.969 -1.34776 12
      vertex 104.6 -1.2 12
    endloop
  endfacet
  facet normal 0 0 1
    outer loop
      vertex 96.8384 -2.51874 12
      vertex 84.8266 -2.12346 12
      vertex 85.0545 -2.21787 12
    endloop
  endfacet
  facet normal 0 0 1
    outer loop
      vertex 99.3708 -1.78919 12
      vertex 84.5895 -2.05516 12
      vertex 84.8266 -2.12346 12
    endloop
  endfacet
  facet normal 0 0 1
    outer loop
      vertex 99.3708 -1.78919 12
      vertex 84.3463 -2.01383 12
      vertex 84.5895 -2.05516 12
    endloop
  endfacet
  facet normal -0 0 1
    outer loop
      vertex 75.9 0 12
      vertex 104.6 -1.2 12
      vertex 133.3 0 12
    endloop
  endfacet
  facet normal 0 0 1
    outer loop
      vertex 99.3708 -1.78919 12
      vertex 75.9 0 12
      vertex 84.3463 -2.01383 12
    endloop
  endfacet
  facet normal 0 0 1
    outer loop
      vertex 82.4187 -16.9384 12
      vertex 72.4 -3.5 12
      vertex 81.6892 -19.4708 12
    endloop
  endfacet
  facet normal 0 0 1
    outer loop
      vertex 81.6892 -19.4708 12
      vertex 72.4 -3.5 12
      vertex 81.2478 -22.0688 12
    endloop
  endfacet
  facet normal 0 0 1
    outer loop
      vertex 81.9138 -4.44632 12
      vertex 75.9 0 12
      vertex 72.4 -3.5 12
    endloop
  endfacet
  facet normal 0 0 1
    outer loop
      vertex 81.9138 -3.95368 12
      vertex 75.9 0 12
      vertex 81.9 -4.2 12
    endloop
  endfacet
  facet normal 0 0 1
    outer loop
      vertex 81.9552 -3.71045 12
      vertex 75.9 0 12
      vertex 81.9138 -3.95368 12
    endloop
  endfacet
  facet normal 0 0 1
    outer loop
      vertex 82.0235 -3.47339 12
      vertex 75.9 0 12
      vertex 81.9552 -3.71045 12
    endloop
  endfacet
  facet normal 0 0 1
    outer loop
      vertex 82.1179 -3.24546 12
      vertex 75.9 0 12
      vertex 82.0235 -3.47339 12
    endloop
  endfacet
  facet normal 0 0 1
    outer loop
      vertex 82.2372 -3.02953 12
      vertex 75.9 0 12
      vertex 82.1179 -3.24546 12
    endloop
  endfacet
  facet normal 0 0 1
    outer loop
      vertex 82.38 -2.82832 12
      vertex 75.9 0 12
      vertex 82.2372 -3.02953 12
    endloop
  endfacet
  facet normal 0 0 1
    outer loop
      vertex 82.5444 -2.64436 12
      vertex 75.9 0 12
      vertex 82.38 -2.82832 12
    endloop
  endfacet
  facet normal 0 0 1
    outer loop
      vertex 82.7283 -2.47997 12
      vertex 75.9 0 12
      vertex 82.5444 -2.64436 12
    endloop
  endfacet
  facet normal 0 0 1
    outer loop
      vertex 82.9295 -2.33721 12
      vertex 75.9 0 12
      vertex 82.7283 -2.47997 12
    endloop
  endfacet
  facet normal 0 0 1
    outer loop
      vertex 83.1455 -2.21787 12
      vertex 75.9 0 12
      vertex 82.9295 -2.33721 12
    endloop
  endfacet
  facet normal 0 0 1
    outer loop
      vertex 83.3734 -2.12346 12
      vertex 75.9 0 12
      vertex 83.1455 -2.21787 12
    endloop
  endfacet
  facet normal 0 0 1
    outer loop
      vertex 83.6105 -2.05516 12
      vertex 75.9 0 12
      vertex 83.3734 -2.12346 12
    endloop
  endfacet
  facet normal 0 0 1
    outer loop
      vertex 83.8537 -2.01383 12
      vertex 75.9 0 12
      vertex 83.6105 -2.05516 12
    endloop
  endfacet
  facet normal 0 0 1
    outer loop
      vertex 84.1 -2 12
      vertex 75.9 0 12
      vertex 83.8537 -2.01383 12
    endloop
  endfacet
  facet normal 0 0 1
    outer loop
      vertex 84.3463 -2.01383 12
      vertex 75.9 0 12
      vertex 84.1 -2 12
    endloop
  endfacet
  facet normal 0 0 1
    outer loop
      vertex 135.775 -48.3749 12
      vertex 133.3 -49.4 12
      vertex 135.244 -48.8101 12
    endloop
  endfacet
  facet normal 0 0 1
    outer loop
      vertex 135.244 -48.8101 12
      vertex 133.3 -49.4 12
      vertex 134.639 -49.1336 12
    endloop
  endfacet
  facet normal 0 0 1
    outer loop
      vertex 134.639 -49.1336 12
      vertex 133.3 -49.4 12
      vertex 133.983 -49.3327 12
    endloop
  endfacet
  facet normal -0 0 1
    outer loop
      vertex 127.286 -45.4463 12
      vertex 133.3 -49.4 12
      vertex 127.3 -45.2 12
    endloop
  endfacet
  facet normal -0 0 1
    outer loop
      vertex 127.245 -45.6895 12
      vertex 133.3 -49.4 12
      vertex 127.286 -45.4463 12
    endloop
  endfacet
  facet normal -0 0 1
    outer loop
      vertex 127.177 -45.9266 12
      vertex 133.3 -49.4 12
      vertex 127.245 -45.6895 12
    endloop
  endfacet
  facet normal -0 0 1
    outer loop
      vertex 127.082 -46.1545 12
      vertex 133.3 -49.4 12
      vertex 127.177 -45.9266 12
    endloop
  endfacet
  facet normal -0 0 1
    outer loop
      vertex 126.963 -46.3705 12
      vertex 133.3 -49.4 12
      vertex 127.082 -46.1545 12
    endloop
  endfacet
  facet normal -0 0 1
    outer loop
      vertex 126.82 -46.5717 12
      vertex 133.3 -49.4 12
      vertex 126.963 -46.3705 12
    endloop
  endfacet
  facet normal -0 0 1
    outer loop
      vertex 126.656 -46.7556 12
      vertex 133.3 -49.4 12
      vertex 126.82 -46.5717 12
    endloop
  endfacet
  facet normal -0 0 1
    outer loop
      vertex 126.472 -46.92 12
      vertex 133.3 -49.4 12
      vertex 126.656 -46.7556 12
    endloop
  endfacet
  facet normal -0 0 1
    outer loop
      vertex 126.27 -47.0628 12
      vertex 133.3 -49.4 12
      vertex 126.472 -46.92 12
    endloop
  endfacet
  facet normal -0 0 1
    outer loop
      vertex 126.055 -47.1821 12
      vertex 133.3 -49.4 12
      vertex 126.27 -47.0628 12
    endloop
  endfacet
  facet normal -0 0 1
    outer loop
      vertex 125.827 -47.2765 12
      vertex 133.3 -49.4 12
      vertex 126.055 -47.1821 12
    endloop
  endfacet
  facet normal -0 0 1
    outer loop
      vertex 125.59 -47.3448 12
      vertex 133.3 -49.4 12
      vertex 125.827 -47.2765 12
    endloop
  endfacet
  facet normal -0 0 1
    outer loop
      vertex 125.346 -47.3862 12
      vertex 133.3 -49.4 12
      vertex 125.59 -47.3448 12
    endloop
  endfacet
  facet normal -0 0 1
    outer loop
      vertex 125.1 -47.4 12
      vertex 133.3 -49.4 12
      vertex 125.346 -47.3862 12
    endloop
  endfacet
  facet normal 0 0 1
    outer loop
      vertex 124.854 -47.3862 12
      vertex 133.3 -49.4 12
      vertex 125.1 -47.4 12
    endloop
  endfacet
  facet normal 0 0 1
    outer loop
      vertex 109.829 -47.6108 12
      vertex 124.854 -47.3862 12
      vertex 124.61 -47.3448 12
    endloop
  endfacet
  facet normal 0 0 1
    outer loop
      vertex 122.914 -44.9537 12
      vertex 119.252 -43.073 12
      vertex 122.9 -45.2 12
    endloop
  endfacet
  facet normal 0 0 1
    outer loop
      vertex 122.9 -45.2 12
      vertex 119.252 -43.073 12
      vertex 122.914 -45.4463 12
    endloop
  endfacet
  facet normal 0 0 1
    outer loop
      vertex 122.914 -45.4463 12
      vertex 119.252 -43.073 12
      vertex 122.955 -45.6895 12
    endloop
  endfacet
  facet normal -0 0 1
    outer loop
      vertex 117.103 -44.598 12
      vertex 122.955 -45.6895 12
      vertex 119.252 -43.073 12
    endloop
  endfacet
  facet normal 0 0 1
    outer loop
      vertex 122.955 -45.6895 12
      vertex 117.103 -44.598 12
      vertex 123.023 -45.9266 12
    endloop
  endfacet
  facet normal 0 0 1
    outer loop
      vertex 123.023 -45.9266 12
      vertex 117.103 -44.598 12
      vertex 123.118 -46.1545 12
    endloop
  endfacet
  facet normal 0 0 1
    outer loop
      vertex 123.118 -46.1545 12
      vertex 117.103 -44.598 12
      vertex 123.237 -46.3705 12
    endloop
  endfacet
  facet normal 0 0 1
    outer loop
      vertex 123.237 -46.3705 12
      vertex 117.103 -44.598 12
      vertex 123.38 -46.5717 12
    endloop
  endfacet
  facet normal -0 0 1
    outer loop
      vertex 114.796 -45.8728 12
      vertex 123.38 -46.5717 12
      vertex 117.103 -44.598 12
    endloop
  endfacet
  facet normal 0 0 1
    outer loop
      vertex 123.38 -46.5717 12
      vertex 114.796 -45.8728 12
      vertex 123.544 -46.7556 12
    endloop
  endfacet
  facet normal 0 0 1
    outer loop
      vertex 123.544 -46.7556 12
      vertex 114.796 -45.8728 12
      vertex 123.728 -46.92 12
    endloop
  endfacet
  facet normal 0 0 1
    outer loop
      vertex 123.728 -46.92 12
      vertex 114.796 -45.8728 12
      vertex 123.93 -47.0628 12
    endloop
  endfacet
  facet normal -0 0 1
    outer loop
      vertex 112.362 -46.8813 12
      vertex 123.93 -47.0628 12
      vertex 114.796 -45.8728 12
    endloop
  endfacet
  facet normal 0 0 1
    outer loop
      vertex 123.93 -47.0628 12
      vertex 112.362 -46.8813 12
      vertex 124.145 -47.1821 12
    endloop
  endfacet
  facet normal 0 0 1
    outer loop
      vertex 124.145 -47.1821 12
      vertex 112.362 -46.8813 12
      vertex 124.373 -47.2765 12
    endloop
  endfacet
  facet normal 0 0 1
    outer loop
      vertex 109.829 -47.6108 12
      vertex 124.373 -47.2765 12
      vertex 112.362 -46.8813 12
    endloop
  endfacet
  facet normal 0 0 1
    outer loop
      vertex 124.373 -47.2765 12
      vertex 109.829 -47.6108 12
      vertex 124.61 -47.3448 12
    endloop
  endfacet
  facet normal 0 0 1
    outer loop
      vertex 124.854 -47.3862 12
      vertex 109.829 -47.6108 12
      vertex 133.3 -49.4 12
    endloop
  endfacet
  facet normal -0 0 1
    outer loop
      vertex 107.231 -48.0522 12
      vertex 133.3 -49.4 12
      vertex 109.829 -47.6108 12
    endloop
  endfacet
  facet normal -0 0 1
    outer loop
      vertex 104.6 -48.2 12
      vertex 133.3 -49.4 12
      vertex 107.231 -48.0522 12
    endloop
  endfacet
  facet normal 0 0 1
    outer loop
      vertex 86.0821 -44.2455 12
      vertex 89.948 -43.073 12
      vertex 87.983 -41.317 12
    endloop
  endfacet
  facet normal 0 0 1
    outer loop
      vertex 86.2862 -45.4463 12
      vertex 89.948 -43.073 12
      vertex 86.3 -45.2 12
    endloop
  endfacet
  facet normal 0 0 1
    outer loop
      vertex 86.2448 -45.6895 12
      vertex 89.948 -43.073 12
      vertex 86.2862 -45.4463 12
    endloop
  endfacet
  facet normal 0 0 1
    outer loop
      vertex 89.948 -43.073 12
      vertex 86.2448 -45.6895 12
      vertex 92.0972 -44.598 12
    endloop
  endfacet
  facet normal 0 0 1
    outer loop
      vertex 86.1765 -45.9266 12
      vertex 92.0972 -44.598 12
      vertex 86.2448 -45.6895 12
    endloop
  endfacet
  facet normal 0 0 1
    outer loop
      vertex 86.0821 -46.1545 12
      vertex 92.0972 -44.598 12
      vertex 86.1765 -45.9266 12
    endloop
  endfacet
  facet normal 0 0 1
    outer loop
      vertex 85.9628 -46.3705 12
      vertex 92.0972 -44.598 12
      vertex 86.0821 -46.1545 12
    endloop
  endfacet
  facet normal 0 0 1
    outer loop
      vertex 85.82 -46.5717 12
      vertex 92.0972 -44.598 12
      vertex 85.9628 -46.3705 12
    endloop
  endfacet
  facet normal 0 0 1
    outer loop
      vertex 92.0972 -44.598 12
      vertex 85.82 -46.5717 12
      vertex 94.4037 -45.8728 12
    endloop
  endfacet
  facet normal 0 0 1
    outer loop
      vertex 85.6556 -46.7556 12
      vertex 94.4037 -45.8728 12
      vertex 85.82 -46.5717 12
    endloop
  endfacet
  facet normal 0 0 1
    outer loop
      vertex 85.4717 -46.92 12
      vertex 94.4037 -45.8728 12
      vertex 85.6556 -46.7556 12
    endloop
  endfacet
  facet normal 0 0 1
    outer loop
      vertex 85.2705 -47.0628 12
      vertex 94.4037 -45.8728 12
      vertex 85.4717 -46.92 12
    endloop
  endfacet
  facet normal 0 0 1
    outer loop
      vertex 94.4037 -45.8728 12
      vertex 85.2705 -47.0628 12
      vertex 96.8384 -46.8813 12
    endloop
  endfacet
  facet normal 0 0 1
    outer loop
      vertex 85.0545 -47.1821 12
      vertex 96.8384 -46.8813 12
      vertex 85.2705 -47.0628 12
    endloop
  endfacet
  facet normal 0 0 1
    outer loop
      vertex 84.8266 -47.2765 12
      vertex 96.8384 -46.8813 12
      vertex 85.0545 -47.1821 12
    endloop
  endfacet
  facet normal 0 0 1
    outer loop
      vertex 96.8384 -46.8813 12
      vertex 84.8266 -47.2765 12
      vertex 99.3708 -47.6108 12
    endloop
  endfacet
  facet normal -0 0 1
    outer loop
      vertex 84.5895 -47.3448 12
      vertex 99.3708 -47.6108 12
      vertex 84.8266 -47.2765 12
    endloop
  endfacet
  facet normal -0 0 1
    outer loop
      vertex 84.3463 -47.3862 12
      vertex 99.3708 -47.6108 12
      vertex 84.5895 -47.3448 12
    endloop
  endfacet
  facet normal 0 0 1
    outer loop
      vertex 75.9 -49.4 12
      vertex 99.3708 -47.6108 12
      vertex 84.3463 -47.3862 12
    endloop
  endfacet
  facet normal 0 0 1
    outer loop
      vertex 99.3708 -47.6108 12
      vertex 75.9 -49.4 12
      vertex 101.969 -48.0522 12
    endloop
  endfacet
  facet normal 0 0 1
    outer loop
      vertex 101.969 -48.0522 12
      vertex 75.9 -49.4 12
      vertex 104.6 -48.2 12
    endloop
  endfacet
  facet normal 0 0 1
    outer loop
      vertex 75.9 -49.4 12
      vertex 84.3463 -47.3862 12
      vertex 84.1 -47.4 12
    endloop
  endfacet
  facet normal 0 0 1
    outer loop
      vertex 72.4 -45.9 12
      vertex 81.6892 -29.9292 12
      vertex 81.2478 -27.3312 12
    endloop
  endfacet
  facet normal 0 0 1
    outer loop
      vertex 72.4 -45.9 12
      vertex 81.2478 -27.3312 12
      vertex 81.1 -24.7 12
    endloop
  endfacet
  facet normal 0 0 1
    outer loop
      vertex 81.2478 -22.0688 12
      vertex 72.4 -3.5 12
      vertex 81.1 -24.7 12
    endloop
  endfacet
  facet normal 0 0 1
    outer loop
      vertex 72.4 -45.9 12
      vertex 81.1 -24.7 12
      vertex 72.4 -3.5 12
    endloop
  endfacet
  facet normal 0 0 1
    outer loop
      vertex 104.6 -48.2 12
      vertex 75.9 -49.4 12
      vertex 133.3 -49.4 12
    endloop
  endfacet
  facet normal 0 0 1
    outer loop
      vertex 83.8537 -47.3862 12
      vertex 75.9 -49.4 12
      vertex 84.1 -47.4 12
    endloop
  endfacet
  facet normal 0 0 1
    outer loop
      vertex 83.6105 -47.3448 12
      vertex 75.9 -49.4 12
      vertex 83.8537 -47.3862 12
    endloop
  endfacet
  facet normal 0 0 1
    outer loop
      vertex 83.3734 -47.2765 12
      vertex 75.9 -49.4 12
      vertex 83.6105 -47.3448 12
    endloop
  endfacet
  facet normal 0 0 1
    outer loop
      vertex 83.1455 -47.1821 12
      vertex 75.9 -49.4 12
      vertex 83.3734 -47.2765 12
    endloop
  endfacet
  facet normal 0 0 1
    outer loop
      vertex 82.9295 -47.0628 12
      vertex 75.9 -49.4 12
      vertex 83.1455 -47.1821 12
    endloop
  endfacet
  facet normal 0 0 1
    outer loop
      vertex 82.7283 -46.92 12
      vertex 75.9 -49.4 12
      vertex 82.9295 -47.0628 12
    endloop
  endfacet
  facet normal 0 0 1
    outer loop
      vertex 82.5444 -46.7556 12
      vertex 75.9 -49.4 12
      vertex 82.7283 -46.92 12
    endloop
  endfacet
  facet normal 0 0 1
    outer loop
      vertex 82.38 -46.5717 12
      vertex 75.9 -49.4 12
      vertex 82.5444 -46.7556 12
    endloop
  endfacet
  facet normal 0 0 1
    outer loop
      vertex 82.2372 -46.3705 12
      vertex 75.9 -49.4 12
      vertex 82.38 -46.5717 12
    endloop
  endfacet
  facet normal 0 0 1
    outer loop
      vertex 82.1179 -46.1545 12
      vertex 75.9 -49.4 12
      vertex 82.2372 -46.3705 12
    endloop
  endfacet
  facet normal 0 0 1
    outer loop
      vertex 82.0235 -45.9266 12
      vertex 75.9 -49.4 12
      vertex 82.1179 -46.1545 12
    endloop
  endfacet
  facet normal 0 0 1
    outer loop
      vertex 81.9552 -45.6895 12
      vertex 75.9 -49.4 12
      vertex 82.0235 -45.9266 12
    endloop
  endfacet
  facet normal 0 0 1
    outer loop
      vertex 81.9138 -45.4463 12
      vertex 75.9 -49.4 12
      vertex 81.9552 -45.6895 12
    endloop
  endfacet
  facet normal 0 -0 1
    outer loop
      vertex 75.9 -49.4 12
      vertex 81.9138 -44.9537 12
      vertex 72.4 -45.9 12
    endloop
  endfacet
  facet normal 0 0 1
    outer loop
      vertex 72.4 -3.5 12
      vertex 75.9 0 12
      vertex 75.2172 -0.0672512 12
    endloop
  endfacet
  facet normal 0 0 1
    outer loop
      vertex 81.9138 -44.9537 12
      vertex 75.9 -49.4 12
      vertex 81.9 -45.2 12
    endloop
  endfacet
  facet normal 0 0 1
    outer loop
      vertex 72.4 -3.5 12
      vertex 75.2172 -0.0672512 12
      vertex 74.5606 -0.266421 12
    endloop
  endfacet
  facet normal 0 0 1
    outer loop
      vertex 81.9 -45.2 12
      vertex 75.9 -49.4 12
      vertex 81.9138 -45.4463 12
    endloop
  endfacet
  facet normal 0 0 1
    outer loop
      vertex 72.4 -3.5 12
      vertex 74.5606 -0.266421 12
      vertex 73.9555 -0.589856 12
    endloop
  endfacet
  facet normal 0 0 1
    outer loop
      vertex 75.9 -49.4 12
      vertex 72.4 -45.9 12
      vertex 75.2172 -49.3327 12
    endloop
  endfacet
  facet normal 0 0 1
    outer loop
      vertex 72.4 -3.5 12
      vertex 73.9555 -0.589856 12
      vertex 73.4251 -1.02513 12
    endloop
  endfacet
  facet normal 0 0 1
    outer loop
      vertex 75.2172 -49.3327 12
      vertex 72.4 -45.9 12
      vertex 74.5606 -49.1336 12
    endloop
  endfacet
  facet normal 0 0 1
    outer loop
      vertex 72.4 -3.5 12
      vertex 73.4251 -1.02513 12
      vertex 72.9899 -1.5555 12
    endloop
  endfacet
  facet normal 0 0 1
    outer loop
      vertex 74.5606 -49.1336 12
      vertex 72.4 -45.9 12
      vertex 73.9555 -48.8101 12
    endloop
  endfacet
  facet normal 0 0 1
    outer loop
      vertex 72.4 -3.5 12
      vertex 72.9899 -1.5555 12
      vertex 72.6664 -2.16061 12
    endloop
  endfacet
  facet normal 0 0 1
    outer loop
      vertex 73.9555 -48.8101 12
      vertex 72.4 -45.9 12
      vertex 73.4251 -48.3749 12
    endloop
  endfacet
  facet normal 0 0 1
    outer loop
      vertex 72.4 -3.5 12
      vertex 72.6664 -2.16061 12
      vertex 72.4673 -2.81718 12
    endloop
  endfacet
  facet normal 0 0 1
    outer loop
      vertex 73.4251 -48.3749 12
      vertex 72.4 -45.9 12
      vertex 72.9899 -47.8445 12
    endloop
  endfacet
  facet normal 0 0 1
    outer loop
      vertex 72.9899 -47.8445 12
      vertex 72.4 -45.9 12
      vertex 72.6664 -47.2394 12
    endloop
  endfacet
  facet normal 0 0 1
    outer loop
      vertex 72.6664 -47.2394 12
      vertex 72.4 -45.9 12
      vertex 72.4673 -46.5828 12
    endloop
  endfacet
  facet normal 0 0 1
    outer loop
      vertex 136.8 -3.5 12
      vertex 127.286 -4.44632 12
      vertex 127.245 -4.68955 12
    endloop
  endfacet
  facet normal 0 0 1
    outer loop
      vertex 136.8 -3.5 12
      vertex 127.245 -4.68955 12
      vertex 127.177 -4.92661 12
    endloop
  endfacet
  facet normal 0 0 1
    outer loop
      vertex 136.8 -3.5 12
      vertex 127.177 -4.92661 12
      vertex 127.082 -5.15454 12
    endloop
  endfacet
  facet normal 0 0 1
    outer loop
      vertex 136.8 -3.5 12
      vertex 127.082 -5.15454 12
      vertex 126.963 -5.37047 12
    endloop
  endfacet
  facet normal 0 0 1
    outer loop
      vertex 136.8 -3.5 12
      vertex 126.963 -5.37047 12
      vertex 126.82 -5.57168 12
    endloop
  endfacet
  facet normal 0 0 1
    outer loop
      vertex 136.8 -3.5 12
      vertex 126.82 -5.57168 12
      vertex 125.773 -14.5037 12
    endloop
  endfacet
  facet normal 0 0 1
    outer loop
      vertex 136.8 -3.5 12
      vertex 126.781 -16.9384 12
      vertex 127.511 -19.4708 12
    endloop
  endfacet
  facet normal 0 0 1
    outer loop
      vertex 125.773 -14.5037 12
      vertex 126.82 -5.57168 12
      vertex 126.656 -5.75563 12
    endloop
  endfacet
  facet normal 0 0 1
    outer loop
      vertex 125.773 -14.5037 12
      vertex 126.656 -5.75563 12
      vertex 126.472 -5.92003 12
    endloop
  endfacet
  facet normal 0 0 1
    outer loop
      vertex 124.498 -12.1972 12
      vertex 126.472 -5.92003 12
      vertex 126.27 -6.06279 12
    endloop
  endfacet
  facet normal 0 0 1
    outer loop
      vertex 124.498 -12.1972 12
      vertex 126.27 -6.06279 12
      vertex 126.055 -6.18213 12
    endloop
  endfacet
  facet normal 0 0 1
    outer loop
      vertex 124.498 -12.1972 12
      vertex 126.055 -6.18213 12
      vertex 125.827 -6.27654 12
    endloop
  endfacet
  facet normal 0 0 1
    outer loop
      vertex 136.8 -3.5 12
      vertex 125.773 -14.5037 12
      vertex 126.781 -16.9384 12
    endloop
  endfacet
  facet normal 0 0 1
    outer loop
      vertex 124.498 -12.1972 12
      vertex 125.827 -6.27654 12
      vertex 125.59 -6.34484 12
    endloop
  endfacet
  facet normal 0 0 1
    outer loop
      vertex 122.973 -10.048 12
      vertex 125.59 -6.34484 12
      vertex 125.346 -6.38617 12
    endloop
  endfacet
  facet normal 0 0 1
    outer loop
      vertex 122.973 -10.048 12
      vertex 125.346 -6.38617 12
      vertex 125.1 -6.4 12
    endloop
  endfacet
  facet normal 0 0 1
    outer loop
      vertex 122.973 -10.048 12
      vertex 125.1 -6.4 12
      vertex 124.854 -6.38617 12
    endloop
  endfacet
  facet normal 0 0 1
    outer loop
      vertex 122.973 -10.048 12
      vertex 124.854 -6.38617 12
      vertex 124.61 -6.34484 12
    endloop
  endfacet
  facet normal 0 0 1
    outer loop
      vertex 126.472 -5.92003 12
      vertex 124.498 -12.1972 12
      vertex 125.773 -14.5037 12
    endloop
  endfacet
  facet normal 0 0 1
    outer loop
      vertex 122.973 -10.048 12
      vertex 124.61 -6.34484 12
      vertex 124.373 -6.27654 12
    endloop
  endfacet
  facet normal 0 0 1
    outer loop
      vertex 122.973 -10.048 12
      vertex 124.373 -6.27654 12
      vertex 124.145 -6.18213 12
    endloop
  endfacet
  facet normal 0 0 1
    outer loop
      vertex 121.217 -8.08299 12
      vertex 124.145 -6.18213 12
      vertex 123.93 -6.06279 12
    endloop
  endfacet
  facet normal 0 0 1
    outer loop
      vertex 121.217 -8.08299 12
      vertex 123.93 -6.06279 12
      vertex 123.728 -5.92003 12
    endloop
  endfacet
  facet normal 0 0 1
    outer loop
      vertex 121.217 -8.08299 12
      vertex 123.728 -5.92003 12
      vertex 123.544 -5.75563 12
    endloop
  endfacet
  facet normal 0 0 1
    outer loop
      vertex 121.217 -8.08299 12
      vertex 123.544 -5.75563 12
      vertex 123.38 -5.57168 12
    endloop
  endfacet
  facet normal 0 0 1
    outer loop
      vertex 121.217 -8.08299 12
      vertex 123.38 -5.57168 12
      vertex 123.237 -5.37047 12
    endloop
  endfacet
  facet normal 0 0 1
    outer loop
      vertex 121.217 -8.08299 12
      vertex 123.237 -5.37047 12
      vertex 123.118 -5.15454 12
    endloop
  endfacet
  facet normal 0 0 1
    outer loop
      vertex 121.217 -8.08299 12
      vertex 123.118 -5.15454 12
      vertex 123.023 -4.92661 12
    endloop
  endfacet
  facet normal 0 0 1
    outer loop
      vertex 125.59 -6.34484 12
      vertex 122.973 -10.048 12
      vertex 124.498 -12.1972 12
    endloop
  endfacet
  facet normal 0 0 1
    outer loop
      vertex 121.217 -8.08299 12
      vertex 123.023 -4.92661 12
      vertex 122.955 -4.68955 12
    endloop
  endfacet
  facet normal 0 0 1
    outer loop
      vertex 121.217 -8.08299 12
      vertex 122.955 -4.68955 12
      vertex 122.914 -4.44632 12
    endloop
  endfacet
  facet normal 0 0 1
    outer loop
      vertex 121.217 -8.08299 12
      vertex 122.914 -4.44632 12
      vertex 122.9 -4.2 12
    endloop
  endfacet
  facet normal 0 0 1
    outer loop
      vertex 124.145 -6.18213 12
      vertex 121.217 -8.08299 12
      vertex 122.973 -10.048 12
    endloop
  endfacet
  facet normal 0.47146 0.881887 -0
    outer loop
      vertex 135.244 -0.589856 0
      vertex 134.639 -0.266421 12
      vertex 135.244 -0.589856 12
    endloop
  endfacet
  facet normal 0.47146 0.881887 0
    outer loop
      vertex 134.639 -0.266421 12
      vertex 135.244 -0.589856 0
      vertex 134.639 -0.266421 0
    endloop
  endfacet
  facet normal 0.098061 -0.99518 0
    outer loop
      vertex 133.3 -49.4 0
      vertex 133.983 -49.3327 12
      vertex 133.3 -49.4 12
    endloop
  endfacet
  facet normal 0.098061 -0.99518 0
    outer loop
      vertex 133.983 -49.3327 12
      vertex 133.3 -49.4 0
      vertex 133.983 -49.3327 0
    endloop
  endfacet
  facet normal -0.634381 0.77302 0
    outer loop
      vertex 73.9555 -0.589856 0
      vertex 73.4251 -1.02513 12
      vertex 73.9555 -0.589856 12
    endloop
  endfacet
  facet normal -0.634381 0.77302 0
    outer loop
      vertex 73.4251 -1.02513 12
      vertex 73.9555 -0.589856 0
      vertex 73.4251 -1.02513 0
    endloop
  endfacet
  facet normal -0.290274 0.956943 0
    outer loop
      vertex 75.2172 -0.0672512 0
      vertex 74.5606 -0.266421 12
      vertex 75.2172 -0.0672512 12
    endloop
  endfacet
  facet normal -0.290274 0.956943 0
    outer loop
      vertex 74.5606 -0.266421 12
      vertex 75.2172 -0.0672512 0
      vertex 74.5606 -0.266421 0
    endloop
  endfacet
  facet normal -0.098019 0.995185 0
    outer loop
      vertex 75.9 0 0
      vertex 75.2172 -0.0672512 12
      vertex 75.9 0 12
    endloop
  endfacet
  facet normal -0.098019 0.995185 0
    outer loop
      vertex 75.2172 -0.0672512 12
      vertex 75.9 0 0
      vertex 75.2172 -0.0672512 0
    endloop
  endfacet
  facet normal -0.290181 -0.956972 0
    outer loop
      vertex 74.5606 -49.1336 0
      vertex 75.2172 -49.3327 12
      vertex 74.5606 -49.1336 12
    endloop
  endfacet
  facet normal -0.290181 -0.956972 -0
    outer loop
      vertex 75.2172 -49.3327 12
      vertex 74.5606 -49.1336 0
      vertex 75.2172 -49.3327 0
    endloop
  endfacet
  facet normal -0.773056 0.634338 -1.51585e-18
    outer loop
      vertex 72.9899 -1.5555 0
      vertex 73.4251 -1.02513 12
      vertex 73.4251 -1.02513 0
    endloop
  endfacet
  facet normal -0.773056 0.634338 -1.51585e-18
    outer loop
      vertex 73.4251 -1.02513 12
      vertex 72.9899 -1.5555 0
      vertex 72.9899 -1.5555 12
    endloop
  endfacet
  facet normal -0.471399 0.88192 0
    outer loop
      vertex 74.5606 -0.266421 0
      vertex 73.9555 -0.589856 12
      vertex 74.5606 -0.266421 12
    endloop
  endfacet
  facet normal -0.471399 0.88192 0
    outer loop
      vertex 73.9555 -0.589856 12
      vertex 74.5606 -0.266421 0
      vertex 73.9555 -0.589856 0
    endloop
  endfacet
  facet normal 0.881577 -0.472039 -6.52132e-19
    outer loop
      vertex 136.21 -47.8445 12
      vertex 136.534 -47.2394 0
      vertex 136.534 -47.2394 12
    endloop
  endfacet
  facet normal 0.881577 -0.472039 -6.52132e-19
    outer loop
      vertex 136.534 -47.2394 0
      vertex 136.21 -47.8445 12
      vertex 136.21 -47.8445 0
    endloop
  endfacet
  facet normal 0.99522 -0.0976563 -7.4427e-20
    outer loop
      vertex 136.733 -46.5828 12
      vertex 136.8 -45.9 0
      vertex 136.8 -45.9 12
    endloop
  endfacet
  facet normal 0.99522 -0.0976563 -7.4427e-20
    outer loop
      vertex 136.8 -45.9 0
      vertex 136.733 -46.5828 12
      vertex 136.733 -46.5828 0
    endloop
  endfacet
  facet normal -0.956972 -0.290181 3.45568e-19
    outer loop
      vertex 72.6664 -47.2394 0
      vertex 72.4673 -46.5828 12
      vertex 72.4673 -46.5828 0
    endloop
  endfacet
  facet normal -0.956972 -0.290181 3.45568e-19
    outer loop
      vertex 72.4673 -46.5828 12
      vertex 72.6664 -47.2394 0
      vertex 72.6664 -47.2394 12
    endloop
  endfacet
  facet normal -0.666475 0.745528 0
    outer loop
      vertex 85.6556 -5.75563 9.8
      vertex 85.4717 -5.92003 12
      vertex 85.6556 -5.75563 12
    endloop
  endfacet
  facet normal -0.666475 0.745528 0
    outer loop
      vertex 85.4717 -5.92003 12
      vertex 85.6556 -5.75563 9.8
      vertex 85.4717 -5.92003 9.8
    endloop
  endfacet
  facet normal -0.985822 0.167796 -3.15849e-19
    outer loop
      vertex 86.2448 -4.68955 9.8
      vertex 86.2862 -4.44632 12
      vertex 86.2862 -4.44632 9.8
    endloop
  endfacet
  facet normal -0.985822 0.167796 -3.15849e-19
    outer loop
      vertex 86.2862 -4.44632 12
      vertex 86.2448 -4.68955 9.8
      vertex 86.2448 -4.68955 12
    endloop
  endfacet
  facet normal -0.998434 0.055937 1.20478e-19
    outer loop
      vertex 86.2862 -4.44632 9.8
      vertex 86.3 -4.2 12
      vertex 86.3 -4.2 9.8
    endloop
  endfacet
  facet normal -0.998434 0.055937 1.20478e-19
    outer loop
      vertex 86.3 -4.2 12
      vertex 86.2862 -4.44632 9.8
      vertex 86.2862 -4.44632 12
    endloop
  endfacet
  facet normal -0.960913 0.276851 2.99299e-18
    outer loop
      vertex 86.1765 -4.92661 9.8
      vertex 86.2448 -4.68955 12
      vertex 86.2448 -4.68955 9.8
    endloop
  endfacet
  facet normal -0.960913 0.276851 2.99299e-18
    outer loop
      vertex 86.2448 -4.68955 12
      vertex 86.1765 -4.92661 9.8
      vertex 86.1765 -4.92661 12
    endloop
  endfacet
  facet normal 0.745636 -0.666354 1.40118e-18
    outer loop
      vertex 82.38 -2.82832 12
      vertex 82.5444 -2.64436 9.8
      vertex 82.5444 -2.64436 12
    endloop
  endfacet
  facet normal 0.745636 -0.666354 1.40118e-18
    outer loop
      vertex 82.5444 -2.64436 9.8
      vertex 82.38 -2.82832 12
      vertex 82.38 -2.82832 9.8
    endloop
  endfacet
  facet normal 0.998434 0.055937 2.10132e-19
    outer loop
      vertex 81.9138 -4.44632 12
      vertex 81.9 -4.2 9.8
      vertex 81.9 -4.2 12
    endloop
  endfacet
  facet normal 0.998434 0.055937 2.10132e-19
    outer loop
      vertex 81.9 -4.2 9.8
      vertex 81.9138 -4.44632 12
      vertex 81.9138 -4.44632 9.8
    endloop
  endfacet
  facet normal 0.666452 -0.745548 0
    outer loop
      vertex 82.5444 -2.64436 9.8
      vertex 82.7283 -2.47997 12
      vertex 82.5444 -2.64436 12
    endloop
  endfacet
  facet normal 0.666452 -0.745548 0
    outer loop
      vertex 82.7283 -2.47997 12
      vertex 82.5444 -2.64436 9.8
      vertex 82.7283 -2.47997 9.8
    endloop
  endfacet
  facet normal -0.16754 0.985865 0
    outer loop
      vertex 84.5895 -6.34484 9.8
      vertex 84.3463 -6.38617 12
      vertex 84.5895 -6.34484 12
    endloop
  endfacet
  facet normal -0.16754 0.985865 0
    outer loop
      vertex 84.3463 -6.38617 12
      vertex 84.5895 -6.34484 9.8
      vertex 84.3463 -6.38617 9.8
    endloop
  endfacet
  facet normal -0.998434 -0.055937 -2.25311e-19
    outer loop
      vertex 86.3 -4.2 9.8
      vertex 86.2862 -3.95368 12
      vertex 86.2862 -3.95368 9.8
    endloop
  endfacet
  facet normal -0.998434 -0.055937 -2.25311e-19
    outer loop
      vertex 86.2862 -3.95368 12
      vertex 86.3 -4.2 9.8
      vertex 86.3 -4.2 12
    endloop
  endfacet
  facet normal 0.815496 0.578763 -1.15648e-18
    outer loop
      vertex 82.38 -5.57168 12
      vertex 82.2372 -5.37047 9.8
      vertex 82.2372 -5.37047 12
    endloop
  endfacet
  facet normal 0.815496 0.578763 -1.15648e-18
    outer loop
      vertex 82.2372 -5.37047 9.8
      vertex 82.38 -5.57168 12
      vertex 82.38 -5.57168 9.8
    endloop
  endfacet
  facet normal -0.276808 -0.960925 0
    outer loop
      vertex 84.5895 -2.05516 9.3
      vertex 84.8266 -2.12346 12
      vertex 84.5895 -2.05516 12
    endloop
  endfacet
  facet normal -0.276808 -0.960925 -0
    outer loop
      vertex 84.8266 -2.12346 12
      vertex 84.5895 -2.05516 9.3
      vertex 84.8266 -2.12346 9.3
    endloop
  endfacet
  facet normal 0.815496 -0.578763 1.15648e-18
    outer loop
      vertex 82.2372 -3.02953 12
      vertex 82.38 -2.82832 9.8
      vertex 82.38 -2.82832 12
    endloop
  endfacet
  facet normal 0.815496 -0.578763 1.15648e-18
    outer loop
      vertex 82.38 -2.82832 9.8
      vertex 82.2372 -3.02953 12
      vertex 82.2372 -3.02953 9.8
    endloop
  endfacet
  facet normal 0.985822 0.167796 -1.41043e-18
    outer loop
      vertex 81.9552 -4.68955 12
      vertex 81.9138 -4.44632 9.8
      vertex 81.9138 -4.44632 12
    endloop
  endfacet
  facet normal 0.985822 0.167796 -1.41043e-18
    outer loop
      vertex 81.9138 -4.44632 9.8
      vertex 81.9552 -4.68955 12
      vertex 81.9552 -4.68955 9.8
    endloop
  endfacet
  facet normal -0.923896 -0.382643 1.3315e-18
    outer loop
      vertex 86.1765 -3.47339 9.8
      vertex 86.0821 -3.24546 12
      vertex 86.0821 -3.24546 9.8
    endloop
  endfacet
  facet normal -0.923896 -0.382643 1.3315e-18
    outer loop
      vertex 86.0821 -3.24546 12
      vertex 86.1765 -3.47339 9.8
      vertex 86.1765 -3.47339 12
    endloop
  endfacet
  facet normal -0.483598 -0.87529 0
    outer loop
      vertex 85.0545 -2.21787 9.8
      vertex 85.2705 -2.33721 12
      vertex 85.0545 -2.21787 12
    endloop
  endfacet
  facet normal -0.483598 -0.87529 -0
    outer loop
      vertex 85.2705 -2.33721 12
      vertex 85.0545 -2.21787 9.8
      vertex 85.2705 -2.33721 9.8
    endloop
  endfacet
  facet normal 0.16754 0.985865 -0
    outer loop
      vertex 83.8537 -6.38617 9.8
      vertex 83.6105 -6.34484 12
      vertex 83.8537 -6.38617 12
    endloop
  endfacet
  facet normal 0.16754 0.985865 0
    outer loop
      vertex 83.6105 -6.34484 12
      vertex 83.8537 -6.38617 9.8
      vertex 83.6105 -6.34484 9.8
    endloop
  endfacet
  facet normal 0.875293 0.483594 2.30217e-19
    outer loop
      vertex 82.2372 -5.37047 12
      vertex 82.1179 -5.15454 9.8
      vertex 82.1179 -5.15454 12
    endloop
  endfacet
  facet normal 0.875293 0.483594 2.30217e-19
    outer loop
      vertex 82.1179 -5.15454 9.8
      vertex 82.2372 -5.37047 12
      vertex 82.2372 -5.37047 9.8
    endloop
  endfacet
  facet normal -0.382721 0.923864 0
    outer loop
      vertex 85.0545 -6.18213 9.8
      vertex 84.8266 -6.27654 12
      vertex 85.0545 -6.18213 12
    endloop
  endfacet
  facet normal -0.382721 0.923864 0
    outer loop
      vertex 84.8266 -6.27654 12
      vertex 85.0545 -6.18213 9.8
      vertex 84.8266 -6.27654 9.8
    endloop
  endfacet
  facet normal -0.875293 0.483594 -2.30217e-19
    outer loop
      vertex 85.9628 -5.37047 9.8
      vertex 86.0821 -5.15454 12
      vertex 86.0821 -5.15454 9.8
    endloop
  endfacet
  facet normal -0.875293 0.483594 -2.30217e-19
    outer loop
      vertex 86.0821 -5.15454 12
      vertex 85.9628 -5.37047 9.8
      vertex 85.9628 -5.37047 12
    endloop
  endfacet
  facet normal -0.0560627 0.998427 0
    outer loop
      vertex 84.3463 -6.38617 9.8
      vertex 84.1 -6.4 12
      vertex 84.3463 -6.38617 12
    endloop
  endfacet
  facet normal -0.0560627 0.998427 0
    outer loop
      vertex 84.1 -6.4 12
      vertex 84.3463 -6.38617 9.8
      vertex 84.1 -6.4 9.8
    endloop
  endfacet
  facet normal 0.745618 0.666374 1.92258e-18
    outer loop
      vertex 82.5444 -5.75563 12
      vertex 82.38 -5.57168 9.8
      vertex 82.38 -5.57168 12
    endloop
  endfacet
  facet normal 0.745618 0.666374 1.92258e-18
    outer loop
      vertex 82.38 -5.57168 9.8
      vertex 82.5444 -5.75563 12
      vertex 82.5444 -5.75563 9.8
    endloop
  endfacet
  facet normal -0.745618 0.666374 1.53435e-18
    outer loop
      vertex 85.6556 -5.75563 9.8
      vertex 85.82 -5.57168 12
      vertex 85.82 -5.57168 9.8
    endloop
  endfacet
  facet normal -0.745618 0.666374 1.53435e-18
    outer loop
      vertex 85.82 -5.57168 12
      vertex 85.6556 -5.75563 9.8
      vertex 85.6556 -5.75563 12
    endloop
  endfacet
  facet normal 0.960913 -0.276851 -1.06045e-19
    outer loop
      vertex 81.9552 -3.71045 12
      vertex 82.0235 -3.47339 9.8
      vertex 82.0235 -3.47339 12
    endloop
  endfacet
  facet normal 0.960913 -0.276851 -1.06045e-19
    outer loop
      vertex 82.0235 -3.47339 9.8
      vertex 81.9552 -3.71045 12
      vertex 81.9552 -3.71045 9.8
    endloop
  endfacet
  facet normal 0.960913 0.276851 -2.99299e-18
    outer loop
      vertex 82.0235 -4.92661 12
      vertex 81.9552 -4.68955 9.8
      vertex 81.9552 -4.68955 12
    endloop
  endfacet
  facet normal 0.960913 0.276851 -2.99299e-18
    outer loop
      vertex 81.9552 -4.68955 9.8
      vertex 82.0235 -4.92661 12
      vertex 82.0235 -4.92661 9.8
    endloop
  endfacet
  facet normal 0.16754 -0.985865 0
    outer loop
      vertex 83.6105 -2.05516 9.3
      vertex 83.8537 -2.01383 12
      vertex 83.6105 -2.05516 12
    endloop
  endfacet
  facet normal 0.16754 -0.985865 0
    outer loop
      vertex 83.8537 -2.01383 12
      vertex 83.6105 -2.05516 9.3
      vertex 83.8537 -2.01383 9.3
    endloop
  endfacet
  facet normal 0.875293 -0.483594 -2.30217e-19
    outer loop
      vertex 82.1179 -3.24546 12
      vertex 82.2372 -3.02953 9.8
      vertex 82.2372 -3.02953 12
    endloop
  endfacet
  facet normal 0.875293 -0.483594 -2.30217e-19
    outer loop
      vertex 82.2372 -3.02953 9.8
      vertex 82.1179 -3.24546 12
      vertex 82.1179 -3.24546 9.8
    endloop
  endfacet
  facet normal -0.483598 0.87529 0
    outer loop
      vertex 85.2705 -6.06279 9.8
      vertex 85.0545 -6.18213 12
      vertex 85.2705 -6.06279 12
    endloop
  endfacet
  facet normal -0.483598 0.87529 0
    outer loop
      vertex 85.0545 -6.18213 12
      vertex 85.2705 -6.06279 9.8
      vertex 85.0545 -6.18213 9.8
    endloop
  endfacet
  facet normal -0.666452 -0.745548 0
    outer loop
      vertex 85.4717 -2.47997 9.8
      vertex 85.6556 -2.64436 12
      vertex 85.4717 -2.47997 12
    endloop
  endfacet
  facet normal -0.666452 -0.745548 -0
    outer loop
      vertex 85.6556 -2.64436 12
      vertex 85.4717 -2.47997 9.8
      vertex 85.6556 -2.64436 9.8
    endloop
  endfacet
  facet normal -0.578674 0.815559 0
    outer loop
      vertex 85.4717 -5.92003 9.8
      vertex 85.2705 -6.06279 12
      vertex 85.4717 -5.92003 12
    endloop
  endfacet
  facet normal -0.578674 0.815559 0
    outer loop
      vertex 85.2705 -6.06279 12
      vertex 85.4717 -5.92003 9.8
      vertex 85.2705 -6.06279 9.8
    endloop
  endfacet
  facet normal -0.382721 -0.923864 -6.45293e-06
    outer loop
      vertex 84.8266 -2.12346 12
      vertex 85.0114 -2.2 9.8
      vertex 85.0545 -2.21787 12
    endloop
  endfacet
  facet normal -0.382655 -0.923891 0
    outer loop
      vertex 84.8266 -2.12346 9.3
      vertex 85.0114 -2.2 9.8
      vertex 84.8266 -2.12346 12
    endloop
  endfacet
  facet normal -0.382655 -0.923891 -0
    outer loop
      vertex 85.0114 -2.2 9.8
      vertex 84.8266 -2.12346 9.3
      vertex 85.0114 -2.2 9.3
    endloop
  endfacet
  facet normal -0.383002 -0.923748 -0
    outer loop
      vertex 85.0545 -2.21787 12
      vertex 85.0114 -2.2 9.8
      vertex 85.0545 -2.21787 9.8
    endloop
  endfacet
  facet normal -0.875293 -0.483594 2.30217e-19
    outer loop
      vertex 86.0821 -3.24546 9.8
      vertex 85.9628 -3.02953 12
      vertex 85.9628 -3.02953 9.8
    endloop
  endfacet
  facet normal -0.875293 -0.483594 2.30217e-19
    outer loop
      vertex 85.9628 -3.02953 12
      vertex 86.0821 -3.24546 9.8
      vertex 86.0821 -3.24546 12
    endloop
  endfacet
  facet normal -0.923896 0.382643 -1.86334e-18
    outer loop
      vertex 86.0821 -5.15454 9.8
      vertex 86.1765 -4.92661 12
      vertex 86.1765 -4.92661 9.8
    endloop
  endfacet
  facet normal -0.923896 0.382643 -1.86334e-18
    outer loop
      vertex 86.1765 -4.92661 12
      vertex 86.0821 -5.15454 9.8
      vertex 86.0821 -5.15454 12
    endloop
  endfacet
  facet normal -0.16754 -0.985865 0
    outer loop
      vertex 84.3463 -2.01383 9.3
      vertex 84.5895 -2.05516 12
      vertex 84.3463 -2.01383 12
    endloop
  endfacet
  facet normal -0.16754 -0.985865 -0
    outer loop
      vertex 84.5895 -2.05516 12
      vertex 84.3463 -2.01383 9.3
      vertex 84.5895 -2.05516 9.3
    endloop
  endfacet
  facet normal -0.276808 0.960925 0
    outer loop
      vertex 84.8266 -6.27654 9.8
      vertex 84.5895 -6.34484 12
      vertex 84.8266 -6.27654 12
    endloop
  endfacet
  facet normal -0.276808 0.960925 0
    outer loop
      vertex 84.5895 -6.34484 12
      vertex 84.8266 -6.27654 9.8
      vertex 84.5895 -6.34484 9.8
    endloop
  endfacet
  facet normal -0.815496 0.578763 2.1546e-18
    outer loop
      vertex 85.82 -5.57168 9.8
      vertex 85.9628 -5.37047 12
      vertex 85.9628 -5.37047 9.8
    endloop
  endfacet
  facet normal -0.815496 0.578763 2.1546e-18
    outer loop
      vertex 85.9628 -5.37047 12
      vertex 85.82 -5.57168 9.8
      vertex 85.82 -5.57168 12
    endloop
  endfacet
  facet normal 0.666475 0.745528 -0
    outer loop
      vertex 82.7283 -5.92003 9.8
      vertex 82.5444 -5.75563 12
      vertex 82.7283 -5.92003 12
    endloop
  endfacet
  facet normal 0.666475 0.745528 0
    outer loop
      vertex 82.5444 -5.75563 12
      vertex 82.7283 -5.92003 9.8
      vertex 82.5444 -5.75563 9.8
    endloop
  endfacet
  facet normal 0.382721 0.923864 -0
    outer loop
      vertex 83.3734 -6.27654 9.8
      vertex 83.1455 -6.18213 12
      vertex 83.3734 -6.27654 12
    endloop
  endfacet
  facet normal 0.382721 0.923864 0
    outer loop
      vertex 83.1455 -6.18213 12
      vertex 83.3734 -6.27654 9.8
      vertex 83.1455 -6.18213 9.8
    endloop
  endfacet
  facet normal 0.276808 0.960925 -0
    outer loop
      vertex 83.6105 -6.34484 9.8
      vertex 83.3734 -6.27654 12
      vertex 83.6105 -6.34484 12
    endloop
  endfacet
  facet normal 0.276808 0.960925 0
    outer loop
      vertex 83.3734 -6.27654 12
      vertex 83.6105 -6.34484 9.8
      vertex 83.3734 -6.27654 9.8
    endloop
  endfacet
  facet normal -0.0560627 -0.998427 0
    outer loop
      vertex 84.1 -2 9.3
      vertex 84.3463 -2.01383 12
      vertex 84.1 -2 12
    endloop
  endfacet
  facet normal -0.0560627 -0.998427 -0
    outer loop
      vertex 84.3463 -2.01383 12
      vertex 84.1 -2 9.3
      vertex 84.3463 -2.01383 9.3
    endloop
  endfacet
  facet normal 0.985822 -0.167796 1.26971e-19
    outer loop
      vertex 81.9138 -3.95368 12
      vertex 81.9552 -3.71045 9.8
      vertex 81.9552 -3.71045 12
    endloop
  endfacet
  facet normal 0.985822 -0.167796 1.26971e-19
    outer loop
      vertex 81.9552 -3.71045 9.8
      vertex 81.9138 -3.95368 12
      vertex 81.9138 -3.95368 9.8
    endloop
  endfacet
  facet normal -0.815496 -0.578763 -2.1546e-18
    outer loop
      vertex 85.9628 -3.02953 9.8
      vertex 85.82 -2.82832 12
      vertex 85.82 -2.82832 9.8
    endloop
  endfacet
  facet normal -0.815496 -0.578763 -2.1546e-18
    outer loop
      vertex 85.82 -2.82832 12
      vertex 85.9628 -3.02953 9.8
      vertex 85.9628 -3.02953 12
    endloop
  endfacet
  facet normal -0.745636 -0.666354 1.79587e-18
    outer loop
      vertex 85.82 -2.82832 9.8
      vertex 85.6556 -2.64436 12
      vertex 85.6556 -2.64436 9.8
    endloop
  endfacet
  facet normal -0.745636 -0.666354 1.79587e-18
    outer loop
      vertex 85.6556 -2.64436 12
      vertex 85.82 -2.82832 9.8
      vertex 85.82 -2.82832 12
    endloop
  endfacet
  facet normal 0.0560627 -0.998427 0
    outer loop
      vertex 83.8537 -2.01383 9.3
      vertex 84.1 -2 12
      vertex 83.8537 -2.01383 12
    endloop
  endfacet
  facet normal 0.0560627 -0.998427 0
    outer loop
      vertex 84.1 -2 12
      vertex 83.8537 -2.01383 9.3
      vertex 84.1 -2 9.3
    endloop
  endfacet
  facet normal 0.483598 0.87529 -0
    outer loop
      vertex 83.1455 -6.18213 9.8
      vertex 82.9295 -6.06279 12
      vertex 83.1455 -6.18213 12
    endloop
  endfacet
  facet normal 0.483598 0.87529 0
    outer loop
      vertex 82.9295 -6.06279 12
      vertex 83.1455 -6.18213 9.8
      vertex 82.9295 -6.06279 9.8
    endloop
  endfacet
  facet normal 0.998434 -0.055937 -1.05299e-19
    outer loop
      vertex 81.9 -4.2 12
      vertex 81.9138 -3.95368 9.8
      vertex 81.9138 -3.95368 12
    endloop
  endfacet
  facet normal 0.998434 -0.055937 -1.05299e-19
    outer loop
      vertex 81.9138 -3.95368 9.8
      vertex 81.9 -4.2 12
      vertex 81.9 -4.2 9.8
    endloop
  endfacet
  facet normal 0 0 1
    outer loop
      vertex 84.5895 -2.05516 9.3
      vertex 85.0114 -2.2 9.3
      vertex 84.8266 -2.12346 9.3
    endloop
  endfacet
  facet normal 0 0 1
    outer loop
      vertex 84.3463 -2.01383 9.3
      vertex 85.0114 -2.2 9.3
      vertex 84.5895 -2.05516 9.3
    endloop
  endfacet
  facet normal 0 0 1
    outer loop
      vertex 84.1 -2 9.3
      vertex 85.0114 -2.2 9.3
      vertex 84.3463 -2.01383 9.3
    endloop
  endfacet
  facet normal -0 0 1
    outer loop
      vertex 83.8537 -2.01383 9.3
      vertex 85.0114 -2.2 9.3
      vertex 84.1 -2 9.3
    endloop
  endfacet
  facet normal -0 0 1
    outer loop
      vertex 83.6105 -2.05516 9.3
      vertex 85.0114 -2.2 9.3
      vertex 83.8537 -2.01383 9.3
    endloop
  endfacet
  facet normal -0 0 1
    outer loop
      vertex 83.3734 -2.12346 9.3
      vertex 85.0114 -2.2 9.3
      vertex 83.6105 -2.05516 9.3
    endloop
  endfacet
  facet normal 0 0 1
    outer loop
      vertex 85.0114 -2.2 9.3
      vertex 83.3734 -2.12346 9.3
      vertex 83.1886 -2.2 9.3
    endloop
  endfacet
  facet normal 0.483598 -0.87529 0
    outer loop
      vertex 82.9295 -2.33721 9.8
      vertex 83.1455 -2.21787 12
      vertex 82.9295 -2.33721 12
    endloop
  endfacet
  facet normal 0.483598 -0.87529 0
    outer loop
      vertex 83.1455 -2.21787 12
      vertex 82.9295 -2.33721 9.8
      vertex 83.1455 -2.21787 9.8
    endloop
  endfacet
  facet normal -0.960913 -0.276851 1.06045e-19
    outer loop
      vertex 86.2448 -3.71045 9.8
      vertex 86.1765 -3.47339 12
      vertex 86.1765 -3.47339 9.8
    endloop
  endfacet
  facet normal -0.960913 -0.276851 1.06045e-19
    outer loop
      vertex 86.1765 -3.47339 12
      vertex 86.2448 -3.71045 9.8
      vertex 86.2448 -3.71045 12
    endloop
  endfacet
  facet normal -0.985822 -0.167796 -1.59656e-18
    outer loop
      vertex 86.2862 -3.95368 9.8
      vertex 86.2448 -3.71045 12
      vertex 86.2448 -3.71045 9.8
    endloop
  endfacet
  facet normal -0.985822 -0.167796 -1.59656e-18
    outer loop
      vertex 86.2448 -3.71045 12
      vertex 86.2862 -3.95368 9.8
      vertex 86.2862 -3.95368 12
    endloop
  endfacet
  facet normal 0.578674 0.815559 -0
    outer loop
      vertex 82.9295 -6.06279 9.8
      vertex 82.7283 -5.92003 12
      vertex 82.9295 -6.06279 12
    endloop
  endfacet
  facet normal 0.578674 0.815559 0
    outer loop
      vertex 82.7283 -5.92003 12
      vertex 82.9295 -6.06279 9.8
      vertex 82.7283 -5.92003 9.8
    endloop
  endfacet
  facet normal 0.383002 -0.923748 -4.29378e-19
    outer loop
      vertex 83.1886 -2.2 9.8
      vertex 83.1455 -2.21787 12
      vertex 83.1455 -2.21787 9.8
    endloop
  endfacet
  facet normal 0.382721 -0.923864 -6.45293e-06
    outer loop
      vertex 83.1455 -2.21787 12
      vertex 83.1886 -2.2 9.8
      vertex 83.3734 -2.12346 12
    endloop
  endfacet
  facet normal 0.382655 -0.923891 7.34852e-18
    outer loop
      vertex 83.3734 -2.12346 9.3
      vertex 83.1886 -2.2 9.8
      vertex 83.1886 -2.2 9.3
    endloop
  endfacet
  facet normal 0.382655 -0.923891 1.36084e-18
    outer loop
      vertex 83.1886 -2.2 9.8
      vertex 83.3734 -2.12346 9.3
      vertex 83.3734 -2.12346 12
    endloop
  endfacet
  facet normal 0.276808 -0.960925 0
    outer loop
      vertex 83.3734 -2.12346 9.3
      vertex 83.6105 -2.05516 12
      vertex 83.3734 -2.12346 12
    endloop
  endfacet
  facet normal 0.276808 -0.960925 0
    outer loop
      vertex 83.6105 -2.05516 12
      vertex 83.3734 -2.12346 9.3
      vertex 83.6105 -2.05516 9.3
    endloop
  endfacet
  facet normal 0.923896 -0.382643 -1.3315e-18
    outer loop
      vertex 82.0235 -3.47339 12
      vertex 82.1179 -3.24546 9.8
      vertex 82.1179 -3.24546 12
    endloop
  endfacet
  facet normal 0.923896 -0.382643 -1.3315e-18
    outer loop
      vertex 82.1179 -3.24546 9.8
      vertex 82.0235 -3.47339 12
      vertex 82.0235 -3.47339 9.8
    endloop
  endfacet
  facet normal 0.0560627 0.998427 -0
    outer loop
      vertex 84.1 -6.4 9.8
      vertex 83.8537 -6.38617 12
      vertex 84.1 -6.4 12
    endloop
  endfacet
  facet normal 0.0560627 0.998427 0
    outer loop
      vertex 83.8537 -6.38617 12
      vertex 84.1 -6.4 9.8
      vertex 83.8537 -6.38617 9.8
    endloop
  endfacet
  facet normal 0.578674 -0.815559 0
    outer loop
      vertex 82.7283 -2.47997 9.8
      vertex 82.9295 -2.33721 12
      vertex 82.7283 -2.47997 12
    endloop
  endfacet
  facet normal 0.578674 -0.815559 0
    outer loop
      vertex 82.9295 -2.33721 12
      vertex 82.7283 -2.47997 9.8
      vertex 82.9295 -2.33721 9.8
    endloop
  endfacet
  facet normal 0.923896 0.382643 1.86334e-18
    outer loop
      vertex 82.1179 -5.15454 12
      vertex 82.0235 -4.92661 9.8
      vertex 82.0235 -4.92661 12
    endloop
  endfacet
  facet normal 0.923896 0.382643 1.86334e-18
    outer loop
      vertex 82.0235 -4.92661 9.8
      vertex 82.1179 -5.15454 12
      vertex 82.1179 -5.15454 9.8
    endloop
  endfacet
  facet normal -0.578674 -0.815559 0
    outer loop
      vertex 85.2705 -2.33721 9.8
      vertex 85.4717 -2.47997 12
      vertex 85.2705 -2.33721 12
    endloop
  endfacet
  facet normal -0.578674 -0.815559 -0
    outer loop
      vertex 85.4717 -2.47997 12
      vertex 85.2705 -2.33721 9.8
      vertex 85.4717 -2.47997 9.8
    endloop
  endfacet
  facet normal -0.960925 -0.276808 -2.89841e-18
    outer loop
      vertex 86.2448 -44.7105 9.8
      vertex 86.1765 -44.4734 12
      vertex 86.1765 -44.4734 9.8
    endloop
  endfacet
  facet normal -0.960925 -0.276808 -2.89841e-18
    outer loop
      vertex 86.1765 -44.4734 12
      vertex 86.2448 -44.7105 9.8
      vertex 86.2448 -44.7105 12
    endloop
  endfacet
  facet normal -0.985818 0.167816 1.34863e-18
    outer loop
      vertex 86.2448 -45.6895 9.8
      vertex 86.2862 -45.4463 12
      vertex 86.2862 -45.4463 9.8
    endloop
  endfacet
  facet normal -0.985818 0.167816 1.34863e-18
    outer loop
      vertex 86.2862 -45.4463 12
      vertex 86.2448 -45.6895 9.8
      vertex 86.2448 -45.6895 12
    endloop
  endfacet
  facet normal -0.998434 0.0559415 2.57302e-19
    outer loop
      vertex 86.2862 -45.4463 9.8
      vertex 86.3 -45.2 12
      vertex 86.3 -45.2 9.8
    endloop
  endfacet
  facet normal -0.998434 0.0559415 2.57302e-19
    outer loop
      vertex 86.3 -45.2 12
      vertex 86.2862 -45.4463 9.8
      vertex 86.2862 -45.4463 12
    endloop
  endfacet
  facet normal -0.960925 0.276808 -2.71579e-18
    outer loop
      vertex 86.1765 -45.9266 9.8
      vertex 86.2448 -45.6895 12
      vertex 86.2448 -45.6895 9.8
    endloop
  endfacet
  facet normal -0.960925 0.276808 -2.71579e-18
    outer loop
      vertex 86.2448 -45.6895 12
      vertex 86.1765 -45.9266 9.8
      vertex 86.1765 -45.9266 12
    endloop
  endfacet
  facet normal -0.167816 0.985818 0
    outer loop
      vertex 84.5895 -47.3448 9.3
      vertex 84.3463 -47.3862 12
      vertex 84.5895 -47.3448 12
    endloop
  endfacet
  facet normal -0.167816 0.985818 0
    outer loop
      vertex 84.3463 -47.3862 12
      vertex 84.5895 -47.3448 9.3
      vertex 84.3463 -47.3862 9.3
    endloop
  endfacet
  facet normal 0.815482 0.578782 -8.67421e-19
    outer loop
      vertex 82.38 -46.5717 12
      vertex 82.2372 -46.3705 9.8
      vertex 82.2372 -46.3705 12
    endloop
  endfacet
  facet normal 0.815482 0.578782 -8.67421e-19
    outer loop
      vertex 82.2372 -46.3705 9.8
      vertex 82.38 -46.5717 12
      vertex 82.38 -46.5717 9.8
    endloop
  endfacet
  facet normal 0.483474 0.875359 -0
    outer loop
      vertex 83.1455 -47.1821 9.8
      vertex 82.9295 -47.0628 12
      vertex 83.1455 -47.1821 12
    endloop
  endfacet
  facet normal 0.483474 0.875359 0
    outer loop
      vertex 82.9295 -47.0628 12
      vertex 83.1455 -47.1821 9.8
      vertex 82.9295 -47.0628 9.8
    endloop
  endfacet
  facet normal 0.382686 0.923878 -1.98456e-05
    outer loop
      vertex 83.3734 -47.2765 12
      vertex 83.1886 -47.2 9.8
      vertex 83.1455 -47.1821 12
    endloop
  endfacet
  facet normal 0.382484 0.923962 -0
    outer loop
      vertex 83.3734 -47.2765 9.3
      vertex 83.1886 -47.2 9.8
      vertex 83.3734 -47.2765 12
    endloop
  endfacet
  facet normal 0.382484 0.923962 0
    outer loop
      vertex 83.1886 -47.2 9.8
      vertex 83.3734 -47.2765 9.3
      vertex 83.1886 -47.2 9.3
    endloop
  endfacet
  facet normal 0.38355 0.92352 0
    outer loop
      vertex 83.1455 -47.1821 12
      vertex 83.1886 -47.2 9.8
      vertex 83.1455 -47.1821 9.8
    endloop
  endfacet
  facet normal -0.998434 -0.0559415 -3.36573e-19
    outer loop
      vertex 86.3 -45.2 9.8
      vertex 86.2862 -44.9537 12
      vertex 86.2862 -44.9537 9.8
    endloop
  endfacet
  facet normal -0.998434 -0.0559415 -3.36573e-19
    outer loop
      vertex 86.2862 -44.9537 12
      vertex 86.3 -45.2 9.8
      vertex 86.3 -45.2 12
    endloop
  endfacet
  facet normal -0.815482 0.578782 1.60376e-18
    outer loop
      vertex 85.82 -46.5717 9.8
      vertex 85.9628 -46.3705 12
      vertex 85.9628 -46.3705 9.8
    endloop
  endfacet
  facet normal -0.815482 0.578782 1.60376e-18
    outer loop
      vertex 85.9628 -46.3705 12
      vertex 85.82 -46.5717 9.8
      vertex 85.82 -46.5717 12
    endloop
  endfacet
  facet normal -0.985818 -0.167816 4.87295e-19
    outer loop
      vertex 86.2862 -44.9537 9.8
      vertex 86.2448 -44.7105 12
      vertex 86.2448 -44.7105 9.8
    endloop
  endfacet
  facet normal -0.985818 -0.167816 4.87295e-19
    outer loop
      vertex 86.2448 -44.7105 12
      vertex 86.2862 -44.9537 9.8
      vertex 86.2862 -44.9537 12
    endloop
  endfacet
  facet normal -0.483474 -0.875359 0
    outer loop
      vertex 85.0545 -43.2179 9.8
      vertex 85.2705 -43.3372 12
      vertex 85.0545 -43.2179 12
    endloop
  endfacet
  facet normal -0.483474 -0.875359 -0
    outer loop
      vertex 85.2705 -43.3372 12
      vertex 85.0545 -43.2179 9.8
      vertex 85.2705 -43.3372 9.8
    endloop
  endfacet
  facet normal -0.666475 -0.745528 0
    outer loop
      vertex 85.4717 -43.48 9.8
      vertex 85.6556 -43.6444 12
      vertex 85.4717 -43.48 12
    endloop
  endfacet
  facet normal -0.666475 -0.745528 -0
    outer loop
      vertex 85.6556 -43.6444 12
      vertex 85.4717 -43.48 9.8
      vertex 85.6556 -43.6444 9.8
    endloop
  endfacet
  facet normal 0.167816 -0.985818 0
    outer loop
      vertex 83.6105 -43.0552 9.8
      vertex 83.8537 -43.0138 12
      vertex 83.6105 -43.0552 12
    endloop
  endfacet
  facet normal 0.167816 -0.985818 0
    outer loop
      vertex 83.8537 -43.0138 12
      vertex 83.6105 -43.0552 9.8
      vertex 83.8537 -43.0138 9.8
    endloop
  endfacet
  facet normal -0.923878 0.382686 2.55724e-18
    outer loop
      vertex 86.0821 -46.1545 9.8
      vertex 86.1765 -45.9266 12
      vertex 86.1765 -45.9266 9.8
    endloop
  endfacet
  facet normal -0.923878 0.382686 2.55724e-18
    outer loop
      vertex 86.1765 -45.9266 12
      vertex 86.0821 -46.1545 9.8
      vertex 86.0821 -46.1545 12
    endloop
  endfacet
  facet normal 0.167816 0.985818 -0
    outer loop
      vertex 83.8537 -47.3862 9.3
      vertex 83.6105 -47.3448 12
      vertex 83.8537 -47.3862 12
    endloop
  endfacet
  facet normal 0.167816 0.985818 0
    outer loop
      vertex 83.6105 -47.3448 12
      vertex 83.8537 -47.3862 9.3
      vertex 83.6105 -47.3448 9.3
    endloop
  endfacet
  facet normal 0.745528 0.666475 -1.46385e-18
    outer loop
      vertex 82.5444 -46.7556 12
      vertex 82.38 -46.5717 9.8
      vertex 82.38 -46.5717 12
    endloop
  endfacet
  facet normal 0.745528 0.666475 -1.46385e-18
    outer loop
      vertex 82.38 -46.5717 9.8
      vertex 82.5444 -46.7556 12
      vertex 82.5444 -46.7556 9.8
    endloop
  endfacet
  facet normal -0.745528 0.666475 -1.62586e-19
    outer loop
      vertex 85.6556 -46.7556 9.8
      vertex 85.82 -46.5717 12
      vertex 85.82 -46.5717 9.8
    endloop
  endfacet
  facet normal -0.745528 0.666475 -1.62586e-19
    outer loop
      vertex 85.82 -46.5717 12
      vertex 85.6556 -46.7556 9.8
      vertex 85.6556 -46.7556 12
    endloop
  endfacet
  facet normal 0.923878 -0.382686 2.55724e-18
    outer loop
      vertex 82.0235 -44.4734 12
      vertex 82.1179 -44.2455 9.8
      vertex 82.1179 -44.2455 12
    endloop
  endfacet
  facet normal 0.923878 -0.382686 2.55724e-18
    outer loop
      vertex 82.1179 -44.2455 9.8
      vertex 82.0235 -44.4734 12
      vertex 82.0235 -44.4734 9.8
    endloop
  endfacet
  facet normal 0.666475 -0.745528 0
    outer loop
      vertex 82.5444 -43.6444 9.8
      vertex 82.7283 -43.48 12
      vertex 82.5444 -43.6444 12
    endloop
  endfacet
  facet normal 0.666475 -0.745528 0
    outer loop
      vertex 82.7283 -43.48 12
      vertex 82.5444 -43.6444 9.8
      vertex 82.7283 -43.48 9.8
    endloop
  endfacet
  facet normal -0.578782 0.815482 0
    outer loop
      vertex 85.4717 -46.92 9.8
      vertex 85.2705 -47.0628 12
      vertex 85.4717 -46.92 12
    endloop
  endfacet
  facet normal -0.578782 0.815482 0
    outer loop
      vertex 85.2705 -47.0628 12
      vertex 85.4717 -46.92 9.8
      vertex 85.2705 -47.0628 9.8
    endloop
  endfacet
  facet normal 0.666475 0.745528 -0
    outer loop
      vertex 82.7283 -46.92 9.8
      vertex 82.5444 -46.7556 12
      vertex 82.7283 -46.92 12
    endloop
  endfacet
  facet normal 0.666475 0.745528 0
    outer loop
      vertex 82.5444 -46.7556 12
      vertex 82.7283 -46.92 9.8
      vertex 82.5444 -46.7556 9.8
    endloop
  endfacet
  facet normal 0.578782 0.815482 -0
    outer loop
      vertex 82.9295 -47.0628 9.8
      vertex 82.7283 -46.92 12
      vertex 82.9295 -47.0628 12
    endloop
  endfacet
  facet normal 0.578782 0.815482 0
    outer loop
      vertex 82.7283 -46.92 12
      vertex 82.9295 -47.0628 9.8
      vertex 82.7283 -46.92 9.8
    endloop
  endfacet
  facet normal -0.875359 -0.483474 9.09999e-19
    outer loop
      vertex 86.0821 -44.2455 9.8
      vertex 85.9628 -44.0295 12
      vertex 85.9628 -44.0295 9.8
    endloop
  endfacet
  facet normal -0.875359 -0.483474 9.09999e-19
    outer loop
      vertex 85.9628 -44.0295 12
      vertex 86.0821 -44.2455 9.8
      vertex 86.0821 -44.2455 12
    endloop
  endfacet
  facet normal -0.875359 0.483474 -9.09999e-19
    outer loop
      vertex 85.9628 -46.3705 9.8
      vertex 86.0821 -46.1545 12
      vertex 86.0821 -46.1545 9.8
    endloop
  endfacet
  facet normal -0.875359 0.483474 -9.09999e-19
    outer loop
      vertex 86.0821 -46.1545 12
      vertex 85.9628 -46.3705 9.8
      vertex 85.9628 -46.3705 12
    endloop
  endfacet
  facet normal 0.985818 0.167816 9.06643e-19
    outer loop
      vertex 81.9552 -45.6895 12
      vertex 81.9138 -45.4463 9.8
      vertex 81.9138 -45.4463 12
    endloop
  endfacet
  facet normal 0.985818 0.167816 9.06643e-19
    outer loop
      vertex 81.9138 -45.4463 9.8
      vertex 81.9552 -45.6895 12
      vertex 81.9552 -45.6895 9.8
    endloop
  endfacet
  facet normal -0.666475 0.745528 0
    outer loop
      vertex 85.6556 -46.7556 9.8
      vertex 85.4717 -46.92 12
      vertex 85.6556 -46.7556 12
    endloop
  endfacet
  facet normal -0.666475 0.745528 0
    outer loop
      vertex 85.4717 -46.92 12
      vertex 85.6556 -46.7556 9.8
      vertex 85.4717 -46.92 9.8
    endloop
  endfacet
  facet normal -0.276808 0.960925 0
    outer loop
      vertex 84.8266 -47.2765 9.3
      vertex 84.5895 -47.3448 12
      vertex 84.8266 -47.2765 12
    endloop
  endfacet
  facet normal -0.276808 0.960925 0
    outer loop
      vertex 84.5895 -47.3448 12
      vertex 84.8266 -47.2765 9.3
      vertex 84.5895 -47.3448 9.3
    endloop
  endfacet
  facet normal -0.745528 -0.666475 1.62586e-19
    outer loop
      vertex 85.82 -43.8283 9.8
      vertex 85.6556 -43.6444 12
      vertex 85.6556 -43.6444 9.8
    endloop
  endfacet
  facet normal -0.745528 -0.666475 1.62586e-19
    outer loop
      vertex 85.6556 -43.6444 12
      vertex 85.82 -43.8283 9.8
      vertex 85.82 -43.8283 12
    endloop
  endfacet
  facet normal 0.815482 -0.578782 8.67421e-19
    outer loop
      vertex 82.2372 -44.0295 12
      vertex 82.38 -43.8283 9.8
      vertex 82.38 -43.8283 12
    endloop
  endfacet
  facet normal 0.815482 -0.578782 8.67421e-19
    outer loop
      vertex 82.38 -43.8283 9.8
      vertex 82.2372 -44.0295 12
      vertex 82.2372 -44.0295 9.8
    endloop
  endfacet
  facet normal 0.483474 -0.875359 0
    outer loop
      vertex 82.9295 -43.3372 9.8
      vertex 83.1455 -43.2179 12
      vertex 82.9295 -43.3372 12
    endloop
  endfacet
  facet normal 0.483474 -0.875359 0
    outer loop
      vertex 83.1455 -43.2179 12
      vertex 82.9295 -43.3372 9.8
      vertex 83.1455 -43.2179 9.8
    endloop
  endfacet
  facet normal 0.578782 -0.815482 0
    outer loop
      vertex 82.7283 -43.48 9.8
      vertex 82.9295 -43.3372 12
      vertex 82.7283 -43.48 12
    endloop
  endfacet
  facet normal 0.578782 -0.815482 0
    outer loop
      vertex 82.9295 -43.3372 12
      vertex 82.7283 -43.48 9.8
      vertex 82.9295 -43.3372 9.8
    endloop
  endfacet
  facet normal -0.167816 -0.985818 0
    outer loop
      vertex 84.3463 -43.0138 9.8
      vertex 84.5895 -43.0552 12
      vertex 84.3463 -43.0138 12
    endloop
  endfacet
  facet normal -0.167816 -0.985818 -0
    outer loop
      vertex 84.5895 -43.0552 12
      vertex 84.3463 -43.0138 9.8
      vertex 84.5895 -43.0552 9.8
    endloop
  endfacet
  facet normal 0.985818 -0.167816 4.53682e-19
    outer loop
      vertex 81.9138 -44.9537 12
      vertex 81.9552 -44.7105 9.8
      vertex 81.9552 -44.7105 12
    endloop
  endfacet
  facet normal 0.985818 -0.167816 4.53682e-19
    outer loop
      vertex 81.9552 -44.7105 9.8
      vertex 81.9138 -44.9537 12
      vertex 81.9138 -44.9537 9.8
    endloop
  endfacet
  facet normal 0.960925 0.276808 2.71579e-18
    outer loop
      vertex 82.0235 -45.9266 12
      vertex 81.9552 -45.6895 9.8
      vertex 81.9552 -45.6895 12
    endloop
  endfacet
  facet normal 0.960925 0.276808 2.71579e-18
    outer loop
      vertex 81.9552 -45.6895 9.8
      vertex 82.0235 -45.9266 12
      vertex 82.0235 -45.9266 9.8
    endloop
  endfacet
  facet normal -0.578782 -0.815482 0
    outer loop
      vertex 85.2705 -43.3372 9.8
      vertex 85.4717 -43.48 12
      vertex 85.2705 -43.3372 12
    endloop
  endfacet
  facet normal -0.578782 -0.815482 -0
    outer loop
      vertex 85.4717 -43.48 12
      vertex 85.2705 -43.3372 9.8
      vertex 85.4717 -43.48 9.8
    endloop
  endfacet
  facet normal -0.382686 -0.923878 0
    outer loop
      vertex 84.8266 -43.1235 9.8
      vertex 85.0545 -43.2179 12
      vertex 84.8266 -43.1235 12
    endloop
  endfacet
  facet normal -0.382686 -0.923878 -0
    outer loop
      vertex 85.0545 -43.2179 12
      vertex 84.8266 -43.1235 9.8
      vertex 85.0545 -43.2179 9.8
    endloop
  endfacet
  facet normal 0 0 1
    outer loop
      vertex 85.0114 -47.2 9.3
      vertex 84.5895 -47.3448 9.3
      vertex 84.8266 -47.2765 9.3
    endloop
  endfacet
  facet normal 0 0 1
    outer loop
      vertex 85.0114 -47.2 9.3
      vertex 84.3463 -47.3862 9.3
      vertex 84.5895 -47.3448 9.3
    endloop
  endfacet
  facet normal 0 0 1
    outer loop
      vertex 85.0114 -47.2 9.3
      vertex 84.1 -47.4 9.3
      vertex 84.3463 -47.3862 9.3
    endloop
  endfacet
  facet normal 0 0 1
    outer loop
      vertex 85.0114 -47.2 9.3
      vertex 83.8537 -47.3862 9.3
      vertex 84.1 -47.4 9.3
    endloop
  endfacet
  facet normal 0 0 1
    outer loop
      vertex 85.0114 -47.2 9.3
      vertex 83.6105 -47.3448 9.3
      vertex 83.8537 -47.3862 9.3
    endloop
  endfacet
  facet normal 0 0 1
    outer loop
      vertex 85.0114 -47.2 9.3
      vertex 83.3734 -47.2765 9.3
      vertex 83.6105 -47.3448 9.3
    endloop
  endfacet
  facet normal 0 -0 1
    outer loop
      vertex 83.3734 -47.2765 9.3
      vertex 85.0114 -47.2 9.3
      vertex 83.1886 -47.2 9.3
    endloop
  endfacet
  facet normal -0.0559415 0.998434 0
    outer loop
      vertex 84.3463 -47.3862 9.3
      vertex 84.1 -47.4 12
      vertex 84.3463 -47.3862 12
    endloop
  endfacet
  facet normal -0.0559415 0.998434 0
    outer loop
      vertex 84.1 -47.4 12
      vertex 84.3463 -47.3862 9.3
      vertex 84.1 -47.4 9.3
    endloop
  endfacet
  facet normal 0.960925 -0.276808 2.89841e-18
    outer loop
      vertex 81.9552 -44.7105 12
      vertex 82.0235 -44.4734 9.8
      vertex 82.0235 -44.4734 12
    endloop
  endfacet
  facet normal 0.960925 -0.276808 2.89841e-18
    outer loop
      vertex 82.0235 -44.4734 9.8
      vertex 81.9552 -44.7105 12
      vertex 81.9552 -44.7105 9.8
    endloop
  endfacet
  facet normal 0.0559415 -0.998434 0
    outer loop
      vertex 83.8537 -43.0138 9.8
      vertex 84.1 -43 12
      vertex 83.8537 -43.0138 12
    endloop
  endfacet
  facet normal 0.0559415 -0.998434 0
    outer loop
      vertex 84.1 -43 12
      vertex 83.8537 -43.0138 9.8
      vertex 84.1 -43 9.8
    endloop
  endfacet
  facet normal -0.38355 0.92352 2.74435e-19
    outer loop
      vertex 85.0114 -47.2 9.8
      vertex 85.0545 -47.1821 12
      vertex 85.0545 -47.1821 9.8
    endloop
  endfacet
  facet normal -0.382686 0.923878 -1.98456e-05
    outer loop
      vertex 85.0545 -47.1821 12
      vertex 85.0114 -47.2 9.8
      vertex 84.8266 -47.2765 12
    endloop
  endfacet
  facet normal -0.382484 0.923962 -1.61242e-18
    outer loop
      vertex 84.8266 -47.2765 9.3
      vertex 85.0114 -47.2 9.8
      vertex 85.0114 -47.2 9.3
    endloop
  endfacet
  facet normal -0.382484 0.923962 -2.98597e-19
    outer loop
      vertex 85.0114 -47.2 9.8
      vertex 84.8266 -47.2765 9.3
      vertex 84.8266 -47.2765 12
    endloop
  endfacet
  facet normal -0.276808 -0.960925 0
    outer loop
      vertex 84.5895 -43.0552 9.8
      vertex 84.8266 -43.1235 12
      vertex 84.5895 -43.0552 12
    endloop
  endfacet
  facet normal -0.276808 -0.960925 -0
    outer loop
      vertex 84.8266 -43.1235 12
      vertex 84.5895 -43.0552 9.8
      vertex 84.8266 -43.1235 9.8
    endloop
  endfacet
  facet normal -0.483474 0.875359 0
    outer loop
      vertex 85.2705 -47.0628 9.8
      vertex 85.0545 -47.1821 12
      vertex 85.2705 -47.0628 12
    endloop
  endfacet
  facet normal -0.483474 0.875359 0
    outer loop
      vertex 85.0545 -47.1821 12
      vertex 85.2705 -47.0628 9.8
      vertex 85.0545 -47.1821 9.8
    endloop
  endfacet
  facet normal 0.745528 -0.666475 1.46385e-18
    outer loop
      vertex 82.38 -43.8283 12
      vertex 82.5444 -43.6444 9.8
      vertex 82.5444 -43.6444 12
    endloop
  endfacet
  facet normal 0.745528 -0.666475 1.46385e-18
    outer loop
      vertex 82.5444 -43.6444 9.8
      vertex 82.38 -43.8283 12
      vertex 82.38 -43.8283 9.8
    endloop
  endfacet
  facet normal 0.276808 0.960925 -0
    outer loop
      vertex 83.6105 -47.3448 9.3
      vertex 83.3734 -47.2765 12
      vertex 83.6105 -47.3448 12
    endloop
  endfacet
  facet normal 0.276808 0.960925 0
    outer loop
      vertex 83.3734 -47.2765 12
      vertex 83.6105 -47.3448 9.3
      vertex 83.3734 -47.2765 9.3
    endloop
  endfacet
  facet normal -0.815482 -0.578782 -1.60376e-18
    outer loop
      vertex 85.9628 -44.0295 9.8
      vertex 85.82 -43.8283 12
      vertex 85.82 -43.8283 9.8
    endloop
  endfacet
  facet normal -0.815482 -0.578782 -1.60376e-18
    outer loop
      vertex 85.82 -43.8283 12
      vertex 85.9628 -44.0295 9.8
      vertex 85.9628 -44.0295 12
    endloop
  endfacet
  facet normal 0.998434 0.0559415 3.48737e-19
    outer loop
      vertex 81.9138 -45.4463 12
      vertex 81.9 -45.2 9.8
      vertex 81.9 -45.2 12
    endloop
  endfacet
  facet normal 0.998434 0.0559415 3.48737e-19
    outer loop
      vertex 81.9 -45.2 9.8
      vertex 81.9138 -45.4463 12
      vertex 81.9138 -45.4463 9.8
    endloop
  endfacet
  facet normal 0.875359 -0.483474 -9.09999e-19
    outer loop
      vertex 82.1179 -44.2455 12
      vertex 82.2372 -44.0295 9.8
      vertex 82.2372 -44.0295 12
    endloop
  endfacet
  facet normal 0.875359 -0.483474 -9.09999e-19
    outer loop
      vertex 82.2372 -44.0295 9.8
      vertex 82.1179 -44.2455 12
      vertex 82.1179 -44.2455 9.8
    endloop
  endfacet
  facet normal -0.0559415 -0.998434 0
    outer loop
      vertex 84.1 -43 9.8
      vertex 84.3463 -43.0138 12
      vertex 84.1 -43 12
    endloop
  endfacet
  facet normal -0.0559415 -0.998434 -0
    outer loop
      vertex 84.3463 -43.0138 12
      vertex 84.1 -43 9.8
      vertex 84.3463 -43.0138 9.8
    endloop
  endfacet
  facet normal 0.923878 0.382686 -2.55724e-18
    outer loop
      vertex 82.1179 -46.1545 12
      vertex 82.0235 -45.9266 9.8
      vertex 82.0235 -45.9266 12
    endloop
  endfacet
  facet normal 0.923878 0.382686 -2.55724e-18
    outer loop
      vertex 82.0235 -45.9266 9.8
      vertex 82.1179 -46.1545 12
      vertex 82.1179 -46.1545 9.8
    endloop
  endfacet
  facet normal 0.0559415 0.998434 -0
    outer loop
      vertex 84.1 -47.4 9.3
      vertex 83.8537 -47.3862 12
      vertex 84.1 -47.4 12
    endloop
  endfacet
  facet normal 0.0559415 0.998434 0
    outer loop
      vertex 83.8537 -47.3862 12
      vertex 84.1 -47.4 9.3
      vertex 83.8537 -47.3862 9.3
    endloop
  endfacet
  facet normal 0.998434 -0.0559415 -2.69466e-19
    outer loop
      vertex 81.9 -45.2 12
      vertex 81.9138 -44.9537 9.8
      vertex 81.9138 -44.9537 12
    endloop
  endfacet
  facet normal 0.998434 -0.0559415 -2.69466e-19
    outer loop
      vertex 81.9138 -44.9537 9.8
      vertex 81.9 -45.2 12
      vertex 81.9 -45.2 9.8
    endloop
  endfacet
  facet normal -0.923878 -0.382686 -2.55724e-18
    outer loop
      vertex 86.1765 -44.4734 9.8
      vertex 86.0821 -44.2455 12
      vertex 86.0821 -44.2455 9.8
    endloop
  endfacet
  facet normal -0.923878 -0.382686 -2.55724e-18
    outer loop
      vertex 86.0821 -44.2455 12
      vertex 86.1765 -44.4734 9.8
      vertex 86.1765 -44.4734 12
    endloop
  endfacet
  facet normal 0.875359 0.483474 9.09999e-19
    outer loop
      vertex 82.2372 -46.3705 12
      vertex 82.1179 -46.1545 9.8
      vertex 82.1179 -46.1545 12
    endloop
  endfacet
  facet normal 0.875359 0.483474 9.09999e-19
    outer loop
      vertex 82.1179 -46.1545 9.8
      vertex 82.2372 -46.3705 12
      vertex 82.2372 -46.3705 9.8
    endloop
  endfacet
  facet normal 0.276808 -0.960925 0
    outer loop
      vertex 83.3734 -43.1235 9.8
      vertex 83.6105 -43.0552 12
      vertex 83.3734 -43.1235 12
    endloop
  endfacet
  facet normal 0.276808 -0.960925 0
    outer loop
      vertex 83.6105 -43.0552 12
      vertex 83.3734 -43.1235 9.8
      vertex 83.6105 -43.0552 9.8
    endloop
  endfacet
  facet normal 0.382686 -0.923878 0
    outer loop
      vertex 83.1455 -43.2179 9.8
      vertex 83.3734 -43.1235 12
      vertex 83.1455 -43.2179 12
    endloop
  endfacet
  facet normal 0.382686 -0.923878 0
    outer loop
      vertex 83.3734 -43.1235 12
      vertex 83.1455 -43.2179 9.8
      vertex 83.3734 -43.1235 9.8
    endloop
  endfacet
  facet normal -0.666273 0.745708 0
    outer loop
      vertex 126.656 -5.75563 9.8
      vertex 126.472 -5.92003 12
      vertex 126.656 -5.75563 12
    endloop
  endfacet
  facet normal -0.666273 0.745708 0
    outer loop
      vertex 126.472 -5.92003 12
      vertex 126.656 -5.75563 9.8
      vertex 126.472 -5.92003 9.8
    endloop
  endfacet
  facet normal -0.986089 0.16622 7.35382e-20
    outer loop
      vertex 127.245 -4.68955 9.8
      vertex 127.286 -4.44632 12
      vertex 127.286 -4.44632 9.8
    endloop
  endfacet
  facet normal -0.986089 0.16622 7.35382e-20
    outer loop
      vertex 127.286 -4.44632 12
      vertex 127.245 -4.68955 9.8
      vertex 127.245 -4.68955 12
    endloop
  endfacet
  facet normal -0.998389 0.0567451 4.91602e-20
    outer loop
      vertex 127.286 -4.44632 9.8
      vertex 127.3 -4.2 12
      vertex 127.3 -4.2 9.8
    endloop
  endfacet
  facet normal -0.998389 0.0567451 4.91602e-20
    outer loop
      vertex 127.3 -4.2 12
      vertex 127.286 -4.44632 9.8
      vertex 127.286 -4.44632 12
    endloop
  endfacet
  facet normal -0.961236 0.275728 -3.11836e-18
    outer loop
      vertex 127.177 -4.92661 9.8
      vertex 127.245 -4.68955 12
      vertex 127.245 -4.68955 9.8
    endloop
  endfacet
  facet normal -0.961236 0.275728 -3.11836e-18
    outer loop
      vertex 127.245 -4.68955 12
      vertex 127.177 -4.92661 9.8
      vertex 127.177 -4.92661 12
    endloop
  endfacet
  facet normal 0.746441 -0.665451 3.32853e-19
    outer loop
      vertex 123.38 -2.82832 12
      vertex 123.544 -2.64436 9.8
      vertex 123.544 -2.64436 12
    endloop
  endfacet
  facet normal 0.746441 -0.665451 3.32853e-19
    outer loop
      vertex 123.544 -2.64436 9.8
      vertex 123.38 -2.82832 12
      vertex 123.38 -2.82832 9.8
    endloop
  endfacet
  facet normal 0.666251 -0.745728 0
    outer loop
      vertex 123.544 -2.64436 9.8
      vertex 123.728 -2.47997 12
      vertex 123.544 -2.64436 12
    endloop
  endfacet
  facet normal 0.666251 -0.745728 0
    outer loop
      vertex 123.728 -2.47997 12
      vertex 123.544 -2.64436 9.8
      vertex 123.728 -2.47997 9.8
    endloop
  endfacet
  facet normal 0 0 1
    outer loop
      vertex 125.59 -2.05516 9.3
      vertex 126.011 -2.2 9.3
      vertex 125.827 -2.12346 9.3
    endloop
  endfacet
  facet normal 0 0 1
    outer loop
      vertex 125.346 -2.01383 9.3
      vertex 126.011 -2.2 9.3
      vertex 125.59 -2.05516 9.3
    endloop
  endfacet
  facet normal 0 0 1
    outer loop
      vertex 125.1 -2 9.3
      vertex 126.011 -2.2 9.3
      vertex 125.346 -2.01383 9.3
    endloop
  endfacet
  facet normal -0 0 1
    outer loop
      vertex 124.854 -2.01383 9.3
      vertex 126.011 -2.2 9.3
      vertex 125.1 -2 9.3
    endloop
  endfacet
  facet normal -0 0 1
    outer loop
      vertex 124.61 -2.05516 9.3
      vertex 126.011 -2.2 9.3
      vertex 124.854 -2.01383 9.3
    endloop
  endfacet
  facet normal -0 0 1
    outer loop
      vertex 124.373 -2.12346 9.3
      vertex 126.011 -2.2 9.3
      vertex 124.61 -2.05516 9.3
    endloop
  endfacet
  facet normal 0 0 1
    outer loop
      vertex 126.011 -2.2 9.3
      vertex 124.373 -2.12346 9.3
      vertex 124.189 -2.2 9.3
    endloop
  endfacet
  facet normal -0.167006 0.985956 0
    outer loop
      vertex 125.59 -6.34484 9.8
      vertex 125.346 -6.38617 12
      vertex 125.59 -6.34484 12
    endloop
  endfacet
  facet normal -0.167006 0.985956 0
    outer loop
      vertex 125.346 -6.38617 12
      vertex 125.59 -6.34484 9.8
      vertex 125.346 -6.38617 9.8
    endloop
  endfacet
  facet normal -0.998389 -0.0567451 -3.17625e-19
    outer loop
      vertex 127.3 -4.2 9.8
      vertex 127.286 -3.95368 12
      vertex 127.286 -3.95368 9.8
    endloop
  endfacet
  facet normal -0.998389 -0.0567451 -3.17625e-19
    outer loop
      vertex 127.286 -3.95368 12
      vertex 127.3 -4.2 9.8
      vertex 127.3 -4.2 12
    endloop
  endfacet
  facet normal 0.815113 0.579301 -2.50111e-18
    outer loop
      vertex 123.38 -5.57168 12
      vertex 123.237 -5.37047 9.8
      vertex 123.237 -5.37047 12
    endloop
  endfacet
  facet normal 0.815113 0.579301 -2.50111e-18
    outer loop
      vertex 123.237 -5.37047 9.8
      vertex 123.38 -5.57168 12
      vertex 123.38 -5.57168 9.8
    endloop
  endfacet
  facet normal -0.276916 -0.960894 0
    outer loop
      vertex 125.59 -2.05516 9.3
      vertex 125.827 -2.12346 12
      vertex 125.59 -2.05516 12
    endloop
  endfacet
  facet normal -0.276916 -0.960894 -0
    outer loop
      vertex 125.827 -2.12346 12
      vertex 125.59 -2.05516 9.3
      vertex 125.827 -2.12346 9.3
    endloop
  endfacet
  facet normal 0.815113 -0.579301 2.50111e-18
    outer loop
      vertex 123.237 -3.02953 12
      vertex 123.38 -2.82832 9.8
      vertex 123.38 -2.82832 12
    endloop
  endfacet
  facet normal 0.815113 -0.579301 2.50111e-18
    outer loop
      vertex 123.38 -2.82832 9.8
      vertex 123.237 -3.02953 12
      vertex 123.237 -3.02953 9.8
    endloop
  endfacet
  facet normal 0.986089 0.16622 -7.35382e-20
    outer loop
      vertex 122.955 -4.68955 12
      vertex 122.914 -4.44632 9.8
      vertex 122.914 -4.44632 12
    endloop
  endfacet
  facet normal 0.986089 0.16622 -7.35382e-20
    outer loop
      vertex 122.914 -4.44632 9.8
      vertex 122.955 -4.68955 12
      vertex 122.955 -4.68955 9.8
    endloop
  endfacet
  facet normal -0.923035 -0.384716 2.85357e-18
    outer loop
      vertex 127.177 -3.47339 9.8
      vertex 127.082 -3.24546 12
      vertex 127.082 -3.24546 9.8
    endloop
  endfacet
  facet normal -0.923035 -0.384716 2.85357e-18
    outer loop
      vertex 127.082 -3.24546 12
      vertex 127.177 -3.47339 9.8
      vertex 127.177 -3.47339 12
    endloop
  endfacet
  facet normal -0.485318 -0.874338 0
    outer loop
      vertex 126.055 -2.21787 9.8
      vertex 126.27 -2.33721 12
      vertex 126.055 -2.21787 12
    endloop
  endfacet
  facet normal -0.485318 -0.874338 -0
    outer loop
      vertex 126.27 -2.33721 12
      vertex 126.055 -2.21787 9.8
      vertex 126.27 -2.33721 9.8
    endloop
  endfacet
  facet normal 0.167006 0.985956 -0
    outer loop
      vertex 124.854 -6.38617 9.8
      vertex 124.61 -6.34484 12
      vertex 124.854 -6.38617 12
    endloop
  endfacet
  facet normal 0.167006 0.985956 0
    outer loop
      vertex 124.61 -6.34484 12
      vertex 124.854 -6.38617 9.8
      vertex 124.61 -6.34484 9.8
    endloop
  endfacet
  facet normal 0.875807 0.482661 1.01823e-18
    outer loop
      vertex 123.237 -5.37047 12
      vertex 123.118 -5.15454 9.8
      vertex 123.118 -5.15454 12
    endloop
  endfacet
  facet normal 0.875807 0.482661 1.01823e-18
    outer loop
      vertex 123.118 -5.15454 9.8
      vertex 123.237 -5.37047 12
      vertex 123.237 -5.37047 9.8
    endloop
  endfacet
  facet normal -0.382577 0.923923 0
    outer loop
      vertex 126.055 -6.18213 9.8
      vertex 125.827 -6.27654 12
      vertex 126.055 -6.18213 12
    endloop
  endfacet
  facet normal -0.382577 0.923923 0
    outer loop
      vertex 125.827 -6.27654 12
      vertex 126.055 -6.18213 9.8
      vertex 125.827 -6.27654 9.8
    endloop
  endfacet
  facet normal -0.875807 0.482661 -1.01823e-18
    outer loop
      vertex 126.963 -5.37047 9.8
      vertex 127.082 -5.15454 12
      vertex 127.082 -5.15454 9.8
    endloop
  endfacet
  facet normal -0.875807 0.482661 -1.01823e-18
    outer loop
      vertex 127.082 -5.15454 12
      vertex 126.963 -5.37047 9.8
      vertex 126.963 -5.37047 12
    endloop
  endfacet
  facet normal -0.0561309 0.998423 0
    outer loop
      vertex 125.346 -6.38617 9.8
      vertex 125.1 -6.4 12
      vertex 125.346 -6.38617 12
    endloop
  endfacet
  facet normal -0.0561309 0.998423 0
    outer loop
      vertex 125.1 -6.4 12
      vertex 125.346 -6.38617 9.8
      vertex 125.1 -6.4 9.8
    endloop
  endfacet
  facet normal 0.746423 0.665471 -9.19923e-19
    outer loop
      vertex 123.544 -5.75563 12
      vertex 123.38 -5.57168 9.8
      vertex 123.38 -5.57168 12
    endloop
  endfacet
  facet normal 0.746423 0.665471 -9.19923e-19
    outer loop
      vertex 123.38 -5.57168 9.8
      vertex 123.544 -5.75563 12
      vertex 123.544 -5.75563 9.8
    endloop
  endfacet
  facet normal -0.746423 0.665471 -2.01857e-18
    outer loop
      vertex 126.656 -5.75563 9.8
      vertex 126.82 -5.57168 12
      vertex 126.82 -5.57168 9.8
    endloop
  endfacet
  facet normal -0.746423 0.665471 -2.01857e-18
    outer loop
      vertex 126.82 -5.57168 12
      vertex 126.656 -5.75563 9.8
      vertex 126.656 -5.75563 12
    endloop
  endfacet
  facet normal 0.961236 -0.275728 6.67209e-19
    outer loop
      vertex 122.955 -3.71045 12
      vertex 123.023 -3.47339 9.8
      vertex 123.023 -3.47339 12
    endloop
  endfacet
  facet normal 0.961236 -0.275728 6.67209e-19
    outer loop
      vertex 123.023 -3.47339 9.8
      vertex 122.955 -3.71045 12
      vertex 122.955 -3.71045 9.8
    endloop
  endfacet
  facet normal 0.961236 0.275728 3.11836e-18
    outer loop
      vertex 123.023 -4.92661 12
      vertex 122.955 -4.68955 9.8
      vertex 122.955 -4.68955 12
    endloop
  endfacet
  facet normal 0.961236 0.275728 3.11836e-18
    outer loop
      vertex 122.955 -4.68955 9.8
      vertex 123.023 -4.92661 12
      vertex 123.023 -4.92661 9.8
    endloop
  endfacet
  facet normal 0.167006 -0.985956 0
    outer loop
      vertex 124.61 -2.05516 9.3
      vertex 124.854 -2.01383 12
      vertex 124.61 -2.05516 12
    endloop
  endfacet
  facet normal 0.167006 -0.985956 0
    outer loop
      vertex 124.854 -2.01383 12
      vertex 124.61 -2.05516 9.3
      vertex 124.854 -2.01383 9.3
    endloop
  endfacet
  facet normal 0.875807 -0.482661 -1.01823e-18
    outer loop
      vertex 123.118 -3.24546 12
      vertex 123.237 -3.02953 9.8
      vertex 123.237 -3.02953 12
    endloop
  endfacet
  facet normal 0.875807 -0.482661 -1.01823e-18
    outer loop
      vertex 123.237 -3.02953 9.8
      vertex 123.118 -3.24546 12
      vertex 123.118 -3.24546 9.8
    endloop
  endfacet
  facet normal -0.485318 0.874338 0
    outer loop
      vertex 126.27 -6.06279 9.8
      vertex 126.055 -6.18213 12
      vertex 126.27 -6.06279 12
    endloop
  endfacet
  facet normal -0.485318 0.874338 0
    outer loop
      vertex 126.055 -6.18213 12
      vertex 126.27 -6.06279 9.8
      vertex 126.055 -6.18213 9.8
    endloop
  endfacet
  facet normal -0.666251 -0.745728 0
    outer loop
      vertex 126.472 -2.47997 9.8
      vertex 126.656 -2.64436 12
      vertex 126.472 -2.47997 12
    endloop
  endfacet
  facet normal -0.666251 -0.745728 -0
    outer loop
      vertex 126.656 -2.64436 12
      vertex 126.472 -2.47997 9.8
      vertex 126.656 -2.64436 9.8
    endloop
  endfacet
  facet normal 0.0561309 0.998423 -0
    outer loop
      vertex 125.1 -6.4 9.8
      vertex 124.854 -6.38617 12
      vertex 125.1 -6.4 12
    endloop
  endfacet
  facet normal 0.0561309 0.998423 0
    outer loop
      vertex 124.854 -6.38617 12
      vertex 125.1 -6.4 9.8
      vertex 124.854 -6.38617 9.8
    endloop
  endfacet
  facet normal -0.577147 0.816641 0
    outer loop
      vertex 126.472 -5.92003 9.8
      vertex 126.27 -6.06279 12
      vertex 126.472 -5.92003 12
    endloop
  endfacet
  facet normal -0.577147 0.816641 0
    outer loop
      vertex 126.27 -6.06279 12
      vertex 126.472 -5.92003 9.8
      vertex 126.27 -6.06279 9.8
    endloop
  endfacet
  facet normal -0.382577 -0.923923 0.000146767
    outer loop
      vertex 125.827 -2.12346 12
      vertex 126.011 -2.2 9.8
      vertex 126.055 -2.21787 12
    endloop
  endfacet
  facet normal -0.384074 -0.923302 0
    outer loop
      vertex 125.827 -2.12346 9.3
      vertex 126.011 -2.2 9.8
      vertex 125.827 -2.12346 12
    endloop
  endfacet
  facet normal -0.384074 -0.923302 -0
    outer loop
      vertex 126.011 -2.2 9.8
      vertex 125.827 -2.12346 9.3
      vertex 126.011 -2.2 9.3
    endloop
  endfacet
  facet normal -0.376287 -0.926503 -0
    outer loop
      vertex 126.055 -2.21787 12
      vertex 126.011 -2.2 9.8
      vertex 126.055 -2.21787 9.8
    endloop
  endfacet
  facet normal -0.875807 -0.482661 1.01823e-18
    outer loop
      vertex 127.082 -3.24546 9.8
      vertex 126.963 -3.02953 12
      vertex 126.963 -3.02953 9.8
    endloop
  endfacet
  facet normal -0.875807 -0.482661 1.01823e-18
    outer loop
      vertex 126.963 -3.02953 12
      vertex 127.082 -3.24546 9.8
      vertex 127.082 -3.24546 12
    endloop
  endfacet
  facet normal -0.923035 0.384716 2.51098e-18
    outer loop
      vertex 127.082 -5.15454 9.8
      vertex 127.177 -4.92661 12
      vertex 127.177 -4.92661 9.8
    endloop
  endfacet
  facet normal -0.923035 0.384716 2.51098e-18
    outer loop
      vertex 127.177 -4.92661 12
      vertex 127.082 -5.15454 9.8
      vertex 127.082 -5.15454 12
    endloop
  endfacet
  facet normal -0.167006 -0.985956 0
    outer loop
      vertex 125.346 -2.01383 9.3
      vertex 125.59 -2.05516 12
      vertex 125.346 -2.01383 12
    endloop
  endfacet
  facet normal -0.167006 -0.985956 -0
    outer loop
      vertex 125.59 -2.05516 12
      vertex 125.346 -2.01383 9.3
      vertex 125.59 -2.05516 9.3
    endloop
  endfacet
  facet normal -0.276916 0.960894 0
    outer loop
      vertex 125.827 -6.27654 9.8
      vertex 125.59 -6.34484 12
      vertex 125.827 -6.27654 12
    endloop
  endfacet
  facet normal -0.276916 0.960894 0
    outer loop
      vertex 125.59 -6.34484 12
      vertex 125.827 -6.27654 9.8
      vertex 125.59 -6.34484 9.8
    endloop
  endfacet
  facet normal -0.815113 0.579301 2.50111e-18
    outer loop
      vertex 126.82 -5.57168 9.8
      vertex 126.963 -5.37047 12
      vertex 126.963 -5.37047 9.8
    endloop
  endfacet
  facet normal -0.815113 0.579301 2.50111e-18
    outer loop
      vertex 126.963 -5.37047 12
      vertex 126.82 -5.57168 9.8
      vertex 126.82 -5.57168 12
    endloop
  endfacet
  facet normal 0.666273 0.745708 -0
    outer loop
      vertex 123.728 -5.92003 9.8
      vertex 123.544 -5.75563 12
      vertex 123.728 -5.92003 12
    endloop
  endfacet
  facet normal 0.666273 0.745708 0
    outer loop
      vertex 123.544 -5.75563 12
      vertex 123.728 -5.92003 9.8
      vertex 123.544 -5.75563 9.8
    endloop
  endfacet
  facet normal 0.382577 0.923923 -0
    outer loop
      vertex 124.373 -6.27654 9.8
      vertex 124.145 -6.18213 12
      vertex 124.373 -6.27654 12
    endloop
  endfacet
  facet normal 0.382577 0.923923 0
    outer loop
      vertex 124.145 -6.18213 12
      vertex 124.373 -6.27654 9.8
      vertex 124.145 -6.18213 9.8
    endloop
  endfacet
  facet normal 0.276916 0.960894 -0
    outer loop
      vertex 124.61 -6.34484 9.8
      vertex 124.373 -6.27654 12
      vertex 124.61 -6.34484 12
    endloop
  endfacet
  facet normal 0.276916 0.960894 0
    outer loop
      vertex 124.373 -6.27654 12
      vertex 124.61 -6.34484 9.8
      vertex 124.373 -6.27654 9.8
    endloop
  endfacet
  facet normal -0.0561309 -0.998423 0
    outer loop
      vertex 125.1 -2 9.3
      vertex 125.346 -2.01383 12
      vertex 125.1 -2 12
    endloop
  endfacet
  facet normal -0.0561309 -0.998423 -0
    outer loop
      vertex 125.346 -2.01383 12
      vertex 125.1 -2 9.3
      vertex 125.346 -2.01383 9.3
    endloop
  endfacet
  facet normal 0.986089 -0.16622 -1.53762e-18
    outer loop
      vertex 122.914 -3.95368 12
      vertex 122.955 -3.71045 9.8
      vertex 122.955 -3.71045 12
    endloop
  endfacet
  facet normal 0.986089 -0.16622 -1.53762e-18
    outer loop
      vertex 122.955 -3.71045 9.8
      vertex 122.914 -3.95368 12
      vertex 122.914 -3.95368 9.8
    endloop
  endfacet
  facet normal -0.815113 -0.579301 -2.50111e-18
    outer loop
      vertex 126.963 -3.02953 9.8
      vertex 126.82 -2.82832 12
      vertex 126.82 -2.82832 9.8
    endloop
  endfacet
  facet normal -0.815113 -0.579301 -2.50111e-18
    outer loop
      vertex 126.82 -2.82832 12
      vertex 126.963 -3.02953 9.8
      vertex 126.963 -3.02953 12
    endloop
  endfacet
  facet normal -0.746441 -0.665451 2.86765e-18
    outer loop
      vertex 126.82 -2.82832 9.8
      vertex 126.656 -2.64436 12
      vertex 126.656 -2.64436 9.8
    endloop
  endfacet
  facet normal -0.746441 -0.665451 2.86765e-18
    outer loop
      vertex 126.656 -2.64436 12
      vertex 126.82 -2.82832 9.8
      vertex 126.82 -2.82832 12
    endloop
  endfacet
  facet normal 0.0561309 -0.998423 0
    outer loop
      vertex 124.854 -2.01383 9.3
      vertex 125.1 -2 12
      vertex 124.854 -2.01383 12
    endloop
  endfacet
  facet normal 0.0561309 -0.998423 0
    outer loop
      vertex 125.1 -2 12
      vertex 124.854 -2.01383 9.3
      vertex 125.1 -2 9.3
    endloop
  endfacet
  facet normal 0.485318 0.874338 -0
    outer loop
      vertex 124.145 -6.18213 9.8
      vertex 123.93 -6.06279 12
      vertex 124.145 -6.18213 12
    endloop
  endfacet
  facet normal 0.485318 0.874338 0
    outer loop
      vertex 123.93 -6.06279 12
      vertex 124.145 -6.18213 9.8
      vertex 123.93 -6.06279 9.8
    endloop
  endfacet
  facet normal 0.998389 -0.0567451 3.17625e-19
    outer loop
      vertex 122.9 -4.2 12
      vertex 122.914 -3.95368 9.8
      vertex 122.914 -3.95368 12
    endloop
  endfacet
  facet normal 0.998389 -0.0567451 3.17625e-19
    outer loop
      vertex 122.914 -3.95368 9.8
      vertex 122.9 -4.2 12
      vertex 122.9 -4.2 9.8
    endloop
  endfacet
  facet normal 0.485318 -0.874338 0
    outer loop
      vertex 123.93 -2.33721 9.8
      vertex 124.145 -2.21787 12
      vertex 123.93 -2.33721 12
    endloop
  endfacet
  facet normal 0.485318 -0.874338 0
    outer loop
      vertex 124.145 -2.21787 12
      vertex 123.93 -2.33721 9.8
      vertex 124.145 -2.21787 9.8
    endloop
  endfacet
  facet normal -0.961236 -0.275728 -6.67209e-19
    outer loop
      vertex 127.245 -3.71045 9.8
      vertex 127.177 -3.47339 12
      vertex 127.177 -3.47339 9.8
    endloop
  endfacet
  facet normal -0.961236 -0.275728 -6.67209e-19
    outer loop
      vertex 127.177 -3.47339 12
      vertex 127.245 -3.71045 9.8
      vertex 127.245 -3.71045 12
    endloop
  endfacet
  facet normal -0.986089 -0.16622 1.53762e-18
    outer loop
      vertex 127.286 -3.95368 9.8
      vertex 127.245 -3.71045 12
      vertex 127.245 -3.71045 9.8
    endloop
  endfacet
  facet normal -0.986089 -0.16622 1.53762e-18
    outer loop
      vertex 127.245 -3.71045 12
      vertex 127.286 -3.95368 9.8
      vertex 127.286 -3.95368 12
    endloop
  endfacet
  facet normal 0.577147 0.816641 -0
    outer loop
      vertex 123.93 -6.06279 9.8
      vertex 123.728 -5.92003 12
      vertex 123.93 -6.06279 12
    endloop
  endfacet
  facet normal 0.577147 0.816641 0
    outer loop
      vertex 123.728 -5.92003 12
      vertex 123.93 -6.06279 9.8
      vertex 123.728 -5.92003 9.8
    endloop
  endfacet
  facet normal 0.998389 0.0567451 -4.91602e-20
    outer loop
      vertex 122.914 -4.44632 12
      vertex 122.9 -4.2 9.8
      vertex 122.9 -4.2 12
    endloop
  endfacet
  facet normal 0.998389 0.0567451 -4.91602e-20
    outer loop
      vertex 122.9 -4.2 9.8
      vertex 122.914 -4.44632 12
      vertex 122.914 -4.44632 9.8
    endloop
  endfacet
  facet normal 0.376287 -0.926503 4.07375e-19
    outer loop
      vertex 124.189 -2.2 9.8
      vertex 124.145 -2.21787 12
      vertex 124.145 -2.21787 9.8
    endloop
  endfacet
  facet normal 0.382577 -0.923923 0.000146767
    outer loop
      vertex 124.145 -2.21787 12
      vertex 124.189 -2.2 9.8
      vertex 124.373 -2.12346 12
    endloop
  endfacet
  facet normal 0.384074 -0.923302 7.60657e-18
    outer loop
      vertex 124.373 -2.12346 9.3
      vertex 124.189 -2.2 9.8
      vertex 124.189 -2.2 9.3
    endloop
  endfacet
  facet normal 0.384074 -0.923302 1.40862e-18
    outer loop
      vertex 124.189 -2.2 9.8
      vertex 124.373 -2.12346 9.3
      vertex 124.373 -2.12346 12
    endloop
  endfacet
  facet normal 0.276916 -0.960894 0
    outer loop
      vertex 124.373 -2.12346 9.3
      vertex 124.61 -2.05516 12
      vertex 124.373 -2.12346 12
    endloop
  endfacet
  facet normal 0.276916 -0.960894 0
    outer loop
      vertex 124.61 -2.05516 12
      vertex 124.373 -2.12346 9.3
      vertex 124.61 -2.05516 9.3
    endloop
  endfacet
  facet normal 0.923035 -0.384716 -3.072e-19
    outer loop
      vertex 123.023 -3.47339 12
      vertex 123.118 -3.24546 9.8
      vertex 123.118 -3.24546 12
    endloop
  endfacet
  facet normal 0.923035 -0.384716 -3.072e-19
    outer loop
      vertex 123.118 -3.24546 9.8
      vertex 123.023 -3.47339 12
      vertex 123.023 -3.47339 9.8
    endloop
  endfacet
  facet normal 0.577147 -0.816641 0
    outer loop
      vertex 123.728 -2.47997 9.8
      vertex 123.93 -2.33721 12
      vertex 123.728 -2.47997 12
    endloop
  endfacet
  facet normal 0.577147 -0.816641 0
    outer loop
      vertex 123.93 -2.33721 12
      vertex 123.728 -2.47997 9.8
      vertex 123.93 -2.33721 9.8
    endloop
  endfacet
  facet normal 0.923035 0.384716 1.32902e-18
    outer loop
      vertex 123.118 -5.15454 12
      vertex 123.023 -4.92661 9.8
      vertex 123.023 -4.92661 12
    endloop
  endfacet
  facet normal 0.923035 0.384716 1.32902e-18
    outer loop
      vertex 123.023 -4.92661 9.8
      vertex 123.118 -5.15454 12
      vertex 123.118 -5.15454 9.8
    endloop
  endfacet
  facet normal -0.577147 -0.816641 0
    outer loop
      vertex 126.27 -2.33721 9.8
      vertex 126.472 -2.47997 12
      vertex 126.27 -2.33721 12
    endloop
  endfacet
  facet normal -0.577147 -0.816641 -0
    outer loop
      vertex 126.472 -2.47997 12
      vertex 126.27 -2.33721 9.8
      vertex 126.472 -2.47997 9.8
    endloop
  endfacet
  facet normal -0.961248 -0.275685 -2.04233e-18
    outer loop
      vertex 127.245 -44.7105 9.8
      vertex 127.177 -44.4734 12
      vertex 127.177 -44.4734 9.8
    endloop
  endfacet
  facet normal -0.961248 -0.275685 -2.04233e-18
    outer loop
      vertex 127.177 -44.4734 12
      vertex 127.245 -44.7105 9.8
      vertex 127.245 -44.7105 12
    endloop
  endfacet
  facet normal -0.986085 0.16624 -9.52567e-19
    outer loop
      vertex 127.245 -45.6895 9.8
      vertex 127.286 -45.4463 12
      vertex 127.286 -45.4463 9.8
    endloop
  endfacet
  facet normal -0.986085 0.16624 -9.52567e-19
    outer loop
      vertex 127.286 -45.4463 12
      vertex 127.245 -45.6895 9.8
      vertex 127.245 -45.6895 12
    endloop
  endfacet
  facet normal -0.998388 0.0567496 -1.21847e-19
    outer loop
      vertex 127.286 -45.4463 9.8
      vertex 127.3 -45.2 12
      vertex 127.3 -45.2 9.8
    endloop
  endfacet
  facet normal -0.998388 0.0567496 -1.21847e-19
    outer loop
      vertex 127.3 -45.2 12
      vertex 127.286 -45.4463 9.8
      vertex 127.286 -45.4463 12
    endloop
  endfacet
  facet normal -0.961248 0.275685 3.54437e-19
    outer loop
      vertex 127.177 -45.9266 9.8
      vertex 127.245 -45.6895 12
      vertex 127.245 -45.6895 9.8
    endloop
  endfacet
  facet normal -0.961248 0.275685 3.54437e-19
    outer loop
      vertex 127.245 -45.6895 12
      vertex 127.177 -45.9266 9.8
      vertex 127.177 -45.9266 12
    endloop
  endfacet
  facet normal -0.167281 0.985909 0
    outer loop
      vertex 125.59 -47.3448 9.3
      vertex 125.346 -47.3862 12
      vertex 125.59 -47.3448 12
    endloop
  endfacet
  facet normal -0.167281 0.985909 0
    outer loop
      vertex 125.346 -47.3862 12
      vertex 125.59 -47.3448 9.3
      vertex 125.346 -47.3862 9.3
    endloop
  endfacet
  facet normal 0.8151 0.57932 -2.9088e-19
    outer loop
      vertex 123.38 -46.5717 12
      vertex 123.237 -46.3705 9.8
      vertex 123.237 -46.3705 12
    endloop
  endfacet
  facet normal 0.8151 0.57932 -2.9088e-19
    outer loop
      vertex 123.237 -46.3705 9.8
      vertex 123.38 -46.5717 12
      vertex 123.38 -46.5717 9.8
    endloop
  endfacet
  facet normal 0.485194 0.874407 -0
    outer loop
      vertex 124.145 -47.1821 9.8
      vertex 123.93 -47.0628 12
      vertex 124.145 -47.1821 12
    endloop
  endfacet
  facet normal 0.485194 0.874407 0
    outer loop
      vertex 123.93 -47.0628 12
      vertex 124.145 -47.1821 9.8
      vertex 123.93 -47.0628 9.8
    endloop
  endfacet
  facet normal 0.382543 0.923938 0.000133359
    outer loop
      vertex 124.373 -47.2765 12
      vertex 124.189 -47.2 9.8
      vertex 124.145 -47.1821 12
    endloop
  endfacet
  facet normal 0.383903 0.923374 -0
    outer loop
      vertex 124.373 -47.2765 9.3
      vertex 124.189 -47.2 9.8
      vertex 124.373 -47.2765 12
    endloop
  endfacet
  facet normal 0.383903 0.923374 0
    outer loop
      vertex 124.189 -47.2 9.8
      vertex 124.373 -47.2765 9.3
      vertex 124.189 -47.2 9.3
    endloop
  endfacet
  facet normal 0.376829 0.926283 0
    outer loop
      vertex 124.145 -47.1821 12
      vertex 124.189 -47.2 9.8
      vertex 124.145 -47.1821 9.8
    endloop
  endfacet
  facet normal -0.998388 -0.0567496 -1.78602e-19
    outer loop
      vertex 127.3 -45.2 9.8
      vertex 127.286 -44.9537 12
      vertex 127.286 -44.9537 9.8
    endloop
  endfacet
  facet normal -0.998388 -0.0567496 -1.78602e-19
    outer loop
      vertex 127.286 -44.9537 12
      vertex 127.3 -45.2 9.8
      vertex 127.3 -45.2 12
    endloop
  endfacet
  facet normal -0.8151 0.57932 2.9088e-19
    outer loop
      vertex 126.82 -46.5717 9.8
      vertex 126.963 -46.3705 12
      vertex 126.963 -46.3705 9.8
    endloop
  endfacet
  facet normal -0.8151 0.57932 2.9088e-19
    outer loop
      vertex 126.963 -46.3705 12
      vertex 126.82 -46.5717 9.8
      vertex 126.82 -46.5717 12
    endloop
  endfacet
  facet normal -0.986085 -0.16624 7.47951e-19
    outer loop
      vertex 127.286 -44.9537 9.8
      vertex 127.245 -44.7105 12
      vertex 127.245 -44.7105 9.8
    endloop
  endfacet
  facet normal -0.986085 -0.16624 7.47951e-19
    outer loop
      vertex 127.245 -44.7105 12
      vertex 127.286 -44.9537 9.8
      vertex 127.286 -44.9537 12
    endloop
  endfacet
  facet normal -0.485194 -0.874407 0
    outer loop
      vertex 126.055 -43.2179 9.8
      vertex 126.27 -43.3372 12
      vertex 126.055 -43.2179 12
    endloop
  endfacet
  facet normal -0.485194 -0.874407 -0
    outer loop
      vertex 126.27 -43.3372 12
      vertex 126.055 -43.2179 9.8
      vertex 126.27 -43.3372 9.8
    endloop
  endfacet
  facet normal -0.666273 -0.745708 0
    outer loop
      vertex 126.472 -43.48 9.8
      vertex 126.656 -43.6444 12
      vertex 126.472 -43.48 12
    endloop
  endfacet
  facet normal -0.666273 -0.745708 -0
    outer loop
      vertex 126.656 -43.6444 12
      vertex 126.472 -43.48 9.8
      vertex 126.656 -43.6444 9.8
    endloop
  endfacet
  facet normal 0.167281 -0.985909 0
    outer loop
      vertex 124.61 -43.0552 9.8
      vertex 124.854 -43.0138 12
      vertex 124.61 -43.0552 12
    endloop
  endfacet
  facet normal 0.167281 -0.985909 0
    outer loop
      vertex 124.854 -43.0138 12
      vertex 124.61 -43.0552 9.8
      vertex 124.854 -43.0138 9.8
    endloop
  endfacet
  facet normal -0.923017 0.384759 2.56301e-19
    outer loop
      vertex 127.082 -46.1545 9.8
      vertex 127.177 -45.9266 12
      vertex 127.177 -45.9266 9.8
    endloop
  endfacet
  facet normal -0.923017 0.384759 2.56301e-19
    outer loop
      vertex 127.177 -45.9266 12
      vertex 127.082 -46.1545 9.8
      vertex 127.082 -46.1545 12
    endloop
  endfacet
  facet normal 0.167281 0.985909 -0
    outer loop
      vertex 124.854 -47.3862 9.3
      vertex 124.61 -47.3448 12
      vertex 124.854 -47.3862 12
    endloop
  endfacet
  facet normal 0.167281 0.985909 0
    outer loop
      vertex 124.61 -47.3448 12
      vertex 124.854 -47.3862 9.3
      vertex 124.61 -47.3448 9.3
    endloop
  endfacet
  facet normal 0.746334 0.665572 2.69793e-18
    outer loop
      vertex 123.544 -46.7556 12
      vertex 123.38 -46.5717 9.8
      vertex 123.38 -46.5717 12
    endloop
  endfacet
  facet normal 0.746334 0.665572 2.69793e-18
    outer loop
      vertex 123.38 -46.5717 9.8
      vertex 123.544 -46.7556 12
      vertex 123.544 -46.7556 9.8
    endloop
  endfacet
  facet normal -0.746334 0.665572 2.07401e-18
    outer loop
      vertex 126.656 -46.7556 9.8
      vertex 126.82 -46.5717 12
      vertex 126.82 -46.5717 9.8
    endloop
  endfacet
  facet normal -0.746334 0.665572 2.07401e-18
    outer loop
      vertex 126.82 -46.5717 12
      vertex 126.656 -46.7556 9.8
      vertex 126.656 -46.7556 12
    endloop
  endfacet
  facet normal 0.923017 -0.384759 -2.79928e-18
    outer loop
      vertex 123.023 -44.4734 12
      vertex 123.118 -44.2455 9.8
      vertex 123.118 -44.2455 12
    endloop
  endfacet
  facet normal 0.923017 -0.384759 -2.79928e-18
    outer loop
      vertex 123.118 -44.2455 9.8
      vertex 123.023 -44.4734 12
      vertex 123.023 -44.4734 9.8
    endloop
  endfacet
  facet normal 0.666273 -0.745708 0
    outer loop
      vertex 123.544 -43.6444 9.8
      vertex 123.728 -43.48 12
      vertex 123.544 -43.6444 12
    endloop
  endfacet
  facet normal 0.666273 -0.745708 0
    outer loop
      vertex 123.728 -43.48 12
      vertex 123.544 -43.6444 9.8
      vertex 123.728 -43.48 9.8
    endloop
  endfacet
  facet normal -0.577254 0.816564 0
    outer loop
      vertex 126.472 -46.92 9.8
      vertex 126.27 -47.0628 12
      vertex 126.472 -46.92 12
    endloop
  endfacet
  facet normal -0.577254 0.816564 0
    outer loop
      vertex 126.27 -47.0628 12
      vertex 126.472 -46.92 9.8
      vertex 126.27 -47.0628 9.8
    endloop
  endfacet
  facet normal 0.666273 0.745708 -0
    outer loop
      vertex 123.728 -46.92 9.8
      vertex 123.544 -46.7556 12
      vertex 123.728 -46.92 12
    endloop
  endfacet
  facet normal 0.666273 0.745708 0
    outer loop
      vertex 123.544 -46.7556 12
      vertex 123.728 -46.92 9.8
      vertex 123.544 -46.7556 9.8
    endloop
  endfacet
  facet normal 0.577254 0.816564 -0
    outer loop
      vertex 123.93 -47.0628 9.8
      vertex 123.728 -46.92 12
      vertex 123.93 -47.0628 12
    endloop
  endfacet
  facet normal 0.577254 0.816564 0
    outer loop
      vertex 123.728 -46.92 12
      vertex 123.93 -47.0628 9.8
      vertex 123.728 -46.92 9.8
    endloop
  endfacet
  facet normal -0.875873 -0.482541 2.83785e-18
    outer loop
      vertex 127.082 -44.2455 9.8
      vertex 126.963 -44.0295 12
      vertex 126.963 -44.0295 9.8
    endloop
  endfacet
  facet normal -0.875873 -0.482541 2.83785e-18
    outer loop
      vertex 126.963 -44.0295 12
      vertex 127.082 -44.2455 9.8
      vertex 127.082 -44.2455 12
    endloop
  endfacet
  facet normal -0.875873 0.482541 -2.83785e-18
    outer loop
      vertex 126.963 -46.3705 9.8
      vertex 127.082 -46.1545 12
      vertex 127.082 -46.1545 9.8
    endloop
  endfacet
  facet normal -0.875873 0.482541 -2.83785e-18
    outer loop
      vertex 127.082 -46.1545 12
      vertex 126.963 -46.3705 9.8
      vertex 126.963 -46.3705 12
    endloop
  endfacet
  facet normal 0.986085 0.16624 9.52567e-19
    outer loop
      vertex 122.955 -45.6895 12
      vertex 122.914 -45.4463 9.8
      vertex 122.914 -45.4463 12
    endloop
  endfacet
  facet normal 0.986085 0.16624 9.52567e-19
    outer loop
      vertex 122.914 -45.4463 9.8
      vertex 122.955 -45.6895 12
      vertex 122.955 -45.6895 9.8
    endloop
  endfacet
  facet normal -0.666273 0.745708 0
    outer loop
      vertex 126.656 -46.7556 9.8
      vertex 126.472 -46.92 12
      vertex 126.656 -46.7556 12
    endloop
  endfacet
  facet normal -0.666273 0.745708 0
    outer loop
      vertex 126.472 -46.92 12
      vertex 126.656 -46.7556 9.8
      vertex 126.472 -46.92 9.8
    endloop
  endfacet
  facet normal -0.276916 0.960894 0
    outer loop
      vertex 125.827 -47.2765 9.3
      vertex 125.59 -47.3448 12
      vertex 125.827 -47.2765 12
    endloop
  endfacet
  facet normal -0.276916 0.960894 0
    outer loop
      vertex 125.59 -47.3448 12
      vertex 125.827 -47.2765 9.3
      vertex 125.59 -47.3448 9.3
    endloop
  endfacet
  facet normal -0.746334 -0.665572 -2.07401e-18
    outer loop
      vertex 126.82 -43.8283 9.8
      vertex 126.656 -43.6444 12
      vertex 126.656 -43.6444 9.8
    endloop
  endfacet
  facet normal -0.746334 -0.665572 -2.07401e-18
    outer loop
      vertex 126.656 -43.6444 12
      vertex 126.82 -43.8283 9.8
      vertex 126.82 -43.8283 12
    endloop
  endfacet
  facet normal 0.8151 -0.57932 2.9088e-19
    outer loop
      vertex 123.237 -44.0295 12
      vertex 123.38 -43.8283 9.8
      vertex 123.38 -43.8283 12
    endloop
  endfacet
  facet normal 0.8151 -0.57932 2.9088e-19
    outer loop
      vertex 123.38 -43.8283 9.8
      vertex 123.237 -44.0295 12
      vertex 123.237 -44.0295 9.8
    endloop
  endfacet
  facet normal 0.577254 -0.816564 0
    outer loop
      vertex 123.728 -43.48 9.8
      vertex 123.93 -43.3372 12
      vertex 123.728 -43.48 12
    endloop
  endfacet
  facet normal 0.577254 -0.816564 0
    outer loop
      vertex 123.93 -43.3372 12
      vertex 123.728 -43.48 9.8
      vertex 123.93 -43.3372 9.8
    endloop
  endfacet
  facet normal -0.167281 -0.985909 0
    outer loop
      vertex 125.346 -43.0138 9.8
      vertex 125.59 -43.0552 12
      vertex 125.346 -43.0138 12
    endloop
  endfacet
  facet normal -0.167281 -0.985909 -0
    outer loop
      vertex 125.59 -43.0552 12
      vertex 125.346 -43.0138 9.8
      vertex 125.59 -43.0552 9.8
    endloop
  endfacet
  facet normal 0.986085 -0.16624 -7.47951e-19
    outer loop
      vertex 122.914 -44.9537 12
      vertex 122.955 -44.7105 9.8
      vertex 122.955 -44.7105 12
    endloop
  endfacet
  facet normal 0.986085 -0.16624 -7.47951e-19
    outer loop
      vertex 122.955 -44.7105 9.8
      vertex 122.914 -44.9537 12
      vertex 122.914 -44.9537 9.8
    endloop
  endfacet
  facet normal 0.961248 0.275685 -3.54437e-19
    outer loop
      vertex 123.023 -45.9266 12
      vertex 122.955 -45.6895 9.8
      vertex 122.955 -45.6895 12
    endloop
  endfacet
  facet normal 0.961248 0.275685 -3.54437e-19
    outer loop
      vertex 122.955 -45.6895 9.8
      vertex 123.023 -45.9266 12
      vertex 123.023 -45.9266 9.8
    endloop
  endfacet
  facet normal -0.577254 -0.816564 0
    outer loop
      vertex 126.27 -43.3372 9.8
      vertex 126.472 -43.48 12
      vertex 126.27 -43.3372 12
    endloop
  endfacet
  facet normal -0.577254 -0.816564 -0
    outer loop
      vertex 126.472 -43.48 12
      vertex 126.27 -43.3372 9.8
      vertex 126.472 -43.48 9.8
    endloop
  endfacet
  facet normal -0.382543 -0.923938 0
    outer loop
      vertex 125.827 -43.1235 9.8
      vertex 126.055 -43.2179 12
      vertex 125.827 -43.1235 12
    endloop
  endfacet
  facet normal -0.382543 -0.923938 -0
    outer loop
      vertex 126.055 -43.2179 12
      vertex 125.827 -43.1235 9.8
      vertex 126.055 -43.2179 9.8
    endloop
  endfacet
  facet normal 0 0 1
    outer loop
      vertex 126.011 -47.2 9.3
      vertex 125.59 -47.3448 9.3
      vertex 125.827 -47.2765 9.3
    endloop
  endfacet
  facet normal 0 0 1
    outer loop
      vertex 126.011 -47.2 9.3
      vertex 125.346 -47.3862 9.3
      vertex 125.59 -47.3448 9.3
    endloop
  endfacet
  facet normal 0 0 1
    outer loop
      vertex 126.011 -47.2 9.3
      vertex 125.1 -47.4 9.3
      vertex 125.346 -47.3862 9.3
    endloop
  endfacet
  facet normal 0 0 1
    outer loop
      vertex 126.011 -47.2 9.3
      vertex 124.854 -47.3862 9.3
      vertex 125.1 -47.4 9.3
    endloop
  endfacet
  facet normal 0 0 1
    outer loop
      vertex 126.011 -47.2 9.3
      vertex 124.61 -47.3448 9.3
      vertex 124.854 -47.3862 9.3
    endloop
  endfacet
  facet normal 0 0 1
    outer loop
      vertex 126.011 -47.2 9.3
      vertex 124.373 -47.2765 9.3
      vertex 124.61 -47.3448 9.3
    endloop
  endfacet
  facet normal 0 -0 1
    outer loop
      vertex 124.373 -47.2765 9.3
      vertex 126.011 -47.2 9.3
      vertex 124.189 -47.2 9.3
    endloop
  endfacet
  facet normal -0.0560095 0.99843 0
    outer loop
      vertex 125.346 -47.3862 9.3
      vertex 125.1 -47.4 12
      vertex 125.346 -47.3862 12
    endloop
  endfacet
  facet normal -0.0560095 0.99843 0
    outer loop
      vertex 125.1 -47.4 12
      vertex 125.346 -47.3862 9.3
      vertex 125.1 -47.4 9.3
    endloop
  endfacet
  facet normal 0.961248 -0.275685 2.04233e-18
    outer loop
      vertex 122.955 -44.7105 12
      vertex 123.023 -44.4734 9.8
      vertex 123.023 -44.4734 12
    endloop
  endfacet
  facet normal 0.961248 -0.275685 2.04233e-18
    outer loop
      vertex 123.023 -44.4734 9.8
      vertex 122.955 -44.7105 12
      vertex 122.955 -44.7105 9.8
    endloop
  endfacet
  facet normal 0.998388 0.0567496 1.21847e-19
    outer loop
      vertex 122.914 -45.4463 12
      vertex 122.9 -45.2 9.8
      vertex 122.9 -45.2 12
    endloop
  endfacet
  facet normal 0.998388 0.0567496 1.21847e-19
    outer loop
      vertex 122.9 -45.2 9.8
      vertex 122.914 -45.4463 12
      vertex 122.914 -45.4463 9.8
    endloop
  endfacet
  facet normal 0.0560095 -0.99843 0
    outer loop
      vertex 124.854 -43.0138 9.8
      vertex 125.1 -43 12
      vertex 124.854 -43.0138 12
    endloop
  endfacet
  facet normal 0.0560095 -0.99843 0
    outer loop
      vertex 125.1 -43 12
      vertex 124.854 -43.0138 9.8
      vertex 125.1 -43 9.8
    endloop
  endfacet
  facet normal -0.376829 0.926283 3.73691e-20
    outer loop
      vertex 126.011 -47.2 9.8
      vertex 126.055 -47.1821 12
      vertex 126.055 -47.1821 9.8
    endloop
  endfacet
  facet normal -0.382543 0.923938 0.000133359
    outer loop
      vertex 126.055 -47.1821 12
      vertex 126.011 -47.2 9.8
      vertex 125.827 -47.2765 12
    endloop
  endfacet
  facet normal -0.383903 0.923374 -7.819e-18
    outer loop
      vertex 125.827 -47.2765 9.3
      vertex 126.011 -47.2 9.8
      vertex 126.011 -47.2 9.3
    endloop
  endfacet
  facet normal -0.383903 0.923374 -1.44796e-18
    outer loop
      vertex 126.011 -47.2 9.8
      vertex 125.827 -47.2765 9.3
      vertex 125.827 -47.2765 12
    endloop
  endfacet
  facet normal -0.276916 -0.960894 0
    outer loop
      vertex 125.59 -43.0552 9.8
      vertex 125.827 -43.1235 12
      vertex 125.59 -43.0552 12
    endloop
  endfacet
  facet normal -0.276916 -0.960894 -0
    outer loop
      vertex 125.827 -43.1235 12
      vertex 125.59 -43.0552 9.8
      vertex 125.827 -43.1235 9.8
    endloop
  endfacet
  facet normal -0.485194 0.874407 0
    outer loop
      vertex 126.27 -47.0628 9.8
      vertex 126.055 -47.1821 12
      vertex 126.27 -47.0628 12
    endloop
  endfacet
  facet normal -0.485194 0.874407 0
    outer loop
      vertex 126.055 -47.1821 12
      vertex 126.27 -47.0628 9.8
      vertex 126.055 -47.1821 9.8
    endloop
  endfacet
  facet normal 0.746334 -0.665572 -2.69793e-18
    outer loop
      vertex 123.38 -43.8283 12
      vertex 123.544 -43.6444 9.8
      vertex 123.544 -43.6444 12
    endloop
  endfacet
  facet normal 0.746334 -0.665572 -2.69793e-18
    outer loop
      vertex 123.544 -43.6444 9.8
      vertex 123.38 -43.8283 12
      vertex 123.38 -43.8283 9.8
    endloop
  endfacet
  facet normal 0.276916 0.960894 -0
    outer loop
      vertex 124.61 -47.3448 9.3
      vertex 124.373 -47.2765 12
      vertex 124.61 -47.3448 12
    endloop
  endfacet
  facet normal 0.276916 0.960894 0
    outer loop
      vertex 124.373 -47.2765 12
      vertex 124.61 -47.3448 9.3
      vertex 124.373 -47.2765 9.3
    endloop
  endfacet
  facet normal -0.8151 -0.57932 -2.9088e-19
    outer loop
      vertex 126.963 -44.0295 9.8
      vertex 126.82 -43.8283 12
      vertex 126.82 -43.8283 9.8
    endloop
  endfacet
  facet normal -0.8151 -0.57932 -2.9088e-19
    outer loop
      vertex 126.82 -43.8283 12
      vertex 126.963 -44.0295 9.8
      vertex 126.963 -44.0295 12
    endloop
  endfacet
  facet normal 0.485194 -0.874407 0
    outer loop
      vertex 123.93 -43.3372 9.8
      vertex 124.145 -43.2179 12
      vertex 123.93 -43.3372 12
    endloop
  endfacet
  facet normal 0.485194 -0.874407 0
    outer loop
      vertex 124.145 -43.2179 12
      vertex 123.93 -43.3372 9.8
      vertex 124.145 -43.2179 9.8
    endloop
  endfacet
  facet normal 0.875873 -0.482541 -2.83785e-18
    outer loop
      vertex 123.118 -44.2455 12
      vertex 123.237 -44.0295 9.8
      vertex 123.237 -44.0295 12
    endloop
  endfacet
  facet normal 0.875873 -0.482541 -2.83785e-18
    outer loop
      vertex 123.237 -44.0295 9.8
      vertex 123.118 -44.2455 12
      vertex 123.118 -44.2455 9.8
    endloop
  endfacet
  facet normal -0.0560095 -0.99843 0
    outer loop
      vertex 125.1 -43 9.8
      vertex 125.346 -43.0138 12
      vertex 125.1 -43 12
    endloop
  endfacet
  facet normal -0.0560095 -0.99843 -0
    outer loop
      vertex 125.346 -43.0138 12
      vertex 125.1 -43 9.8
      vertex 125.346 -43.0138 9.8
    endloop
  endfacet
  facet normal 0.923017 0.384759 2.79928e-18
    outer loop
      vertex 123.118 -46.1545 12
      vertex 123.023 -45.9266 9.8
      vertex 123.023 -45.9266 12
    endloop
  endfacet
  facet normal 0.923017 0.384759 2.79928e-18
    outer loop
      vertex 123.023 -45.9266 9.8
      vertex 123.118 -46.1545 12
      vertex 123.118 -46.1545 9.8
    endloop
  endfacet
  facet normal 0.0560095 0.99843 -0
    outer loop
      vertex 125.1 -47.4 9.3
      vertex 124.854 -47.3862 12
      vertex 125.1 -47.4 12
    endloop
  endfacet
  facet normal 0.0560095 0.99843 0
    outer loop
      vertex 124.854 -47.3862 12
      vertex 125.1 -47.4 9.3
      vertex 124.854 -47.3862 9.3
    endloop
  endfacet
  facet normal 0.998388 -0.0567496 1.78602e-19
    outer loop
      vertex 122.9 -45.2 12
      vertex 122.914 -44.9537 9.8
      vertex 122.914 -44.9537 12
    endloop
  endfacet
  facet normal 0.998388 -0.0567496 1.78602e-19
    outer loop
      vertex 122.914 -44.9537 9.8
      vertex 122.9 -45.2 12
      vertex 122.9 -45.2 9.8
    endloop
  endfacet
  facet normal -0.923017 -0.384759 -2.56301e-19
    outer loop
      vertex 127.177 -44.4734 9.8
      vertex 127.082 -44.2455 12
      vertex 127.082 -44.2455 9.8
    endloop
  endfacet
  facet normal -0.923017 -0.384759 -2.56301e-19
    outer loop
      vertex 127.082 -44.2455 12
      vertex 127.177 -44.4734 9.8
      vertex 127.177 -44.4734 12
    endloop
  endfacet
  facet normal 0.875873 0.482541 2.83785e-18
    outer loop
      vertex 123.237 -46.3705 12
      vertex 123.118 -46.1545 9.8
      vertex 123.118 -46.1545 12
    endloop
  endfacet
  facet normal 0.875873 0.482541 2.83785e-18
    outer loop
      vertex 123.118 -46.1545 9.8
      vertex 123.237 -46.3705 12
      vertex 123.237 -46.3705 9.8
    endloop
  endfacet
  facet normal 0.276916 -0.960894 0
    outer loop
      vertex 124.373 -43.1235 9.8
      vertex 124.61 -43.0552 12
      vertex 124.373 -43.1235 12
    endloop
  endfacet
  facet normal 0.276916 -0.960894 0
    outer loop
      vertex 124.61 -43.0552 12
      vertex 124.373 -43.1235 9.8
      vertex 124.61 -43.0552 9.8
    endloop
  endfacet
  facet normal 0.382543 -0.923938 0
    outer loop
      vertex 124.145 -43.2179 9.8
      vertex 124.373 -43.1235 12
      vertex 124.145 -43.2179 12
    endloop
  endfacet
  facet normal 0.382543 -0.923938 0
    outer loop
      vertex 124.373 -43.1235 12
      vertex 124.145 -43.2179 9.8
      vertex 124.373 -43.1235 9.8
    endloop
  endfacet
  facet normal -0 0 1
    outer loop
      vertex 72.4 -6.2 1.8
      vertex 74.6 -15.2 1.8
      vertex 74.6 -6.2 1.8
    endloop
  endfacet
  facet normal 0 0 1
    outer loop
      vertex 74.6 -15.2 1.8
      vertex 72.4 -6.2 1.8
      vertex 72.4 -15.2 1.8
    endloop
  endfacet
  facet normal 0 0 -1
    outer loop
      vertex 72.4 -15.2 7.8
      vertex 74.6 -6.2 7.8
      vertex 74.6 -15.2 7.8
    endloop
  endfacet
  facet normal -0 0 -1
    outer loop
      vertex 74.6 -6.2 7.8
      vertex 72.4 -15.2 7.8
      vertex 72.4 -6.2 7.8
    endloop
  endfacet
  facet normal 0 1 -0
    outer loop
      vertex 74.6 -15.2 1.8
      vertex 72.4 -15.2 7.8
      vertex 74.6 -15.2 7.8
    endloop
  endfacet
  facet normal 0 1 0
    outer loop
      vertex 72.4 -15.2 7.8
      vertex 74.6 -15.2 1.8
      vertex 72.4 -15.2 1.8
    endloop
  endfacet
  facet normal 0 -1 0
    outer loop
      vertex 72.4 -6.2 1.8
      vertex 74.6 -6.2 7.8
      vertex 72.4 -6.2 7.8
    endloop
  endfacet
  facet normal 0 -1 -0
    outer loop
      vertex 74.6 -6.2 7.8
      vertex 72.4 -6.2 1.8
      vertex 74.6 -6.2 1.8
    endloop
  endfacet
  facet normal -0 0 1
    outer loop
      vertex 134.6 -6.2 1.8
      vertex 136.8 -15.2 1.8
      vertex 136.8 -6.2 1.8
    endloop
  endfacet
  facet normal 0 0 1
    outer loop
      vertex 136.8 -15.2 1.8
      vertex 134.6 -6.2 1.8
      vertex 134.6 -15.2 1.8
    endloop
  endfacet
  facet normal 0 0 -1
    outer loop
      vertex 134.6 -15.2 7.8
      vertex 136.8 -6.2 7.8
      vertex 136.8 -15.2 7.8
    endloop
  endfacet
  facet normal -0 0 -1
    outer loop
      vertex 136.8 -6.2 7.8
      vertex 134.6 -15.2 7.8
      vertex 134.6 -6.2 7.8
    endloop
  endfacet
  facet normal 0 1 -0
    outer loop
      vertex 136.8 -15.2 1.8
      vertex 134.6 -15.2 7.8
      vertex 136.8 -15.2 7.8
    endloop
  endfacet
  facet normal 0 1 0
    outer loop
      vertex 134.6 -15.2 7.8
      vertex 136.8 -15.2 1.8
      vertex 134.6 -15.2 1.8
    endloop
  endfacet
  facet normal 0 -1 0
    outer loop
      vertex 134.6 -6.2 1.8
      vertex 136.8 -6.2 7.8
      vertex 134.6 -6.2 7.8
    endloop
  endfacet
  facet normal 0 -1 -0
    outer loop
      vertex 136.8 -6.2 7.8
      vertex 134.6 -6.2 1.8
      vertex 136.8 -6.2 1.8
    endloop
  endfacet
  facet normal -1 0 0
    outer loop
      vertex 88.6 -2.2 1.8
      vertex 88.6 0 7.8
      vertex 88.6 0 1.8
    endloop
  endfacet
  facet normal -1 -0 0
    outer loop
      vertex 88.6 0 7.8
      vertex 88.6 -2.2 1.8
      vertex 88.6 -2.2 7.8
    endloop
  endfacet
  facet normal -0 0 1
    outer loop
      vertex 78.6 0 1.8
      vertex 88.6 -2.2 1.8
      vertex 88.6 0 1.8
    endloop
  endfacet
  facet normal 0 0 1
    outer loop
      vertex 88.6 -2.2 1.8
      vertex 78.6 0 1.8
      vertex 78.6 -2.2 1.8
    endloop
  endfacet
  facet normal 0 0 -1
    outer loop
      vertex 78.6 -2.2 7.8
      vertex 88.6 0 7.8
      vertex 88.6 -2.2 7.8
    endloop
  endfacet
  facet normal -0 0 -1
    outer loop
      vertex 88.6 0 7.8
      vertex 78.6 -2.2 7.8
      vertex 78.6 0 7.8
    endloop
  endfacet
  facet normal 1 -0 0
    outer loop
      vertex 78.6 -2.2 7.8
      vertex 78.6 0 1.8
      vertex 78.6 0 7.8
    endloop
  endfacet
  facet normal 1 0 0
    outer loop
      vertex 78.6 0 1.8
      vertex 78.6 -2.2 7.8
      vertex 78.6 -2.2 1.8
    endloop
  endfacet
  facet normal -1 0 0
    outer loop
      vertex 88.6 -49.4 1.8
      vertex 88.6 -47.2 7.8
      vertex 88.6 -47.2 1.8
    endloop
  endfacet
  facet normal -1 -0 0
    outer loop
      vertex 88.6 -47.2 7.8
      vertex 88.6 -49.4 1.8
      vertex 88.6 -49.4 7.8
    endloop
  endfacet
  facet normal -0 0 1
    outer loop
      vertex 78.6 -47.2 1.8
      vertex 88.6 -49.4 1.8
      vertex 88.6 -47.2 1.8
    endloop
  endfacet
  facet normal 0 0 1
    outer loop
      vertex 88.6 -49.4 1.8
      vertex 78.6 -47.2 1.8
      vertex 78.6 -49.4 1.8
    endloop
  endfacet
  facet normal 0 0 -1
    outer loop
      vertex 78.6 -49.4 7.8
      vertex 88.6 -47.2 7.8
      vertex 88.6 -49.4 7.8
    endloop
  endfacet
  facet normal -0 0 -1
    outer loop
      vertex 88.6 -47.2 7.8
      vertex 78.6 -49.4 7.8
      vertex 78.6 -47.2 7.8
    endloop
  endfacet
  facet normal 1 -0 0
    outer loop
      vertex 78.6 -49.4 7.8
      vertex 78.6 -47.2 1.8
      vertex 78.6 -47.2 7.8
    endloop
  endfacet
  facet normal 1 0 0
    outer loop
      vertex 78.6 -47.2 1.8
      vertex 78.6 -49.4 7.8
      vertex 78.6 -49.4 1.8
    endloop
  endfacet
  facet normal -0 0 1
    outer loop
      vertex 72.4 -19.2 1.8
      vertex 74.6 -28.2 1.8
      vertex 74.6 -19.2 1.8
    endloop
  endfacet
  facet normal 0 0 1
    outer loop
      vertex 74.6 -28.2 1.8
      vertex 72.4 -19.2 1.8
      vertex 72.4 -28.2 1.8
    endloop
  endfacet
  facet normal 0 0 -1
    outer loop
      vertex 72.4 -28.2 7.8
      vertex 74.6 -19.2 7.8
      vertex 74.6 -28.2 7.8
    endloop
  endfacet
  facet normal -0 0 -1
    outer loop
      vertex 74.6 -19.2 7.8
      vertex 72.4 -28.2 7.8
      vertex 72.4 -19.2 7.8
    endloop
  endfacet
  facet normal 0 1 -0
    outer loop
      vertex 74.6 -28.2 1.8
      vertex 72.4 -28.2 7.8
      vertex 74.6 -28.2 7.8
    endloop
  endfacet
  facet normal 0 1 0
    outer loop
      vertex 72.4 -28.2 7.8
      vertex 74.6 -28.2 1.8
      vertex 72.4 -28.2 1.8
    endloop
  endfacet
  facet normal 0 -1 0
    outer loop
      vertex 72.4 -19.2 1.8
      vertex 74.6 -19.2 7.8
      vertex 72.4 -19.2 7.8
    endloop
  endfacet
  facet normal 0 -1 -0
    outer loop
      vertex 74.6 -19.2 7.8
      vertex 72.4 -19.2 1.8
      vertex 74.6 -19.2 1.8
    endloop
  endfacet
  facet normal -0 0 1
    outer loop
      vertex 134.6 -19.2 1.8
      vertex 136.8 -28.2 1.8
      vertex 136.8 -19.2 1.8
    endloop
  endfacet
  facet normal 0 0 1
    outer loop
      vertex 136.8 -28.2 1.8
      vertex 134.6 -19.2 1.8
      vertex 134.6 -28.2 1.8
    endloop
  endfacet
  facet normal 0 0 -1
    outer loop
      vertex 134.6 -28.2 7.8
      vertex 136.8 -19.2 7.8
      vertex 136.8 -28.2 7.8
    endloop
  endfacet
  facet normal -0 0 -1
    outer loop
      vertex 136.8 -19.2 7.8
      vertex 134.6 -28.2 7.8
      vertex 134.6 -19.2 7.8
    endloop
  endfacet
  facet normal 0 1 -0
    outer loop
      vertex 136.8 -28.2 1.8
      vertex 134.6 -28.2 7.8
      vertex 136.8 -28.2 7.8
    endloop
  endfacet
  facet normal 0 1 0
    outer loop
      vertex 134.6 -28.2 7.8
      vertex 136.8 -28.2 1.8
      vertex 134.6 -28.2 1.8
    endloop
  endfacet
  facet normal 0 -1 0
    outer loop
      vertex 134.6 -19.2 1.8
      vertex 136.8 -19.2 7.8
      vertex 134.6 -19.2 7.8
    endloop
  endfacet
  facet normal 0 -1 -0
    outer loop
      vertex 136.8 -19.2 7.8
      vertex 134.6 -19.2 1.8
      vertex 136.8 -19.2 1.8
    endloop
  endfacet
  facet normal -1 0 0
    outer loop
      vertex 104.6 -2.2 1.8
      vertex 104.6 0 7.8
      vertex 104.6 0 1.8
    endloop
  endfacet
  facet normal -1 -0 0
    outer loop
      vertex 104.6 0 7.8
      vertex 104.6 -2.2 1.8
      vertex 104.6 -2.2 7.8
    endloop
  endfacet
  facet normal -0 0 1
    outer loop
      vertex 94.6 0 1.8
      vertex 104.6 -2.2 1.8
      vertex 104.6 0 1.8
    endloop
  endfacet
  facet normal 0 0 1
    outer loop
      vertex 104.6 -2.2 1.8
      vertex 94.6 0 1.8
      vertex 94.6 -2.2 1.8
    endloop
  endfacet
  facet normal 0 0 -1
    outer loop
      vertex 94.6 -2.2 7.8
      vertex 104.6 0 7.8
      vertex 104.6 -2.2 7.8
    endloop
  endfacet
  facet normal -0 0 -1
    outer loop
      vertex 104.6 0 7.8
      vertex 94.6 -2.2 7.8
      vertex 94.6 0 7.8
    endloop
  endfacet
  facet normal 1 -0 0
    outer loop
      vertex 94.6 -2.2 7.8
      vertex 94.6 0 1.8
      vertex 94.6 0 7.8
    endloop
  endfacet
  facet normal 1 0 0
    outer loop
      vertex 94.6 0 1.8
      vertex 94.6 -2.2 7.8
      vertex 94.6 -2.2 1.8
    endloop
  endfacet
  facet normal -1 0 0
    outer loop
      vertex 104.6 -49.4 1.8
      vertex 104.6 -47.2 7.8
      vertex 104.6 -47.2 1.8
    endloop
  endfacet
  facet normal -1 -0 0
    outer loop
      vertex 104.6 -47.2 7.8
      vertex 104.6 -49.4 1.8
      vertex 104.6 -49.4 7.8
    endloop
  endfacet
  facet normal -0 0 1
    outer loop
      vertex 94.6 -47.2 1.8
      vertex 104.6 -49.4 1.8
      vertex 104.6 -47.2 1.8
    endloop
  endfacet
  facet normal 0 0 1
    outer loop
      vertex 104.6 -49.4 1.8
      vertex 94.6 -47.2 1.8
      vertex 94.6 -49.4 1.8
    endloop
  endfacet
  facet normal 0 0 -1
    outer loop
      vertex 94.6 -49.4 7.8
      vertex 104.6 -47.2 7.8
      vertex 104.6 -49.4 7.8
    endloop
  endfacet
  facet normal -0 0 -1
    outer loop
      vertex 104.6 -47.2 7.8
      vertex 94.6 -49.4 7.8
      vertex 94.6 -47.2 7.8
    endloop
  endfacet
  facet normal 1 -0 0
    outer loop
      vertex 94.6 -49.4 7.8
      vertex 94.6 -47.2 1.8
      vertex 94.6 -47.2 7.8
    endloop
  endfacet
  facet normal 1 0 0
    outer loop
      vertex 94.6 -47.2 1.8
      vertex 94.6 -49.4 7.8
      vertex 94.6 -49.4 1.8
    endloop
  endfacet
  facet normal -0 0 1
    outer loop
      vertex 72.4 -32.2 1.8
      vertex 74.6 -41.2 1.8
      vertex 74.6 -32.2 1.8
    endloop
  endfacet
  facet normal 0 0 1
    outer loop
      vertex 74.6 -41.2 1.8
      vertex 72.4 -32.2 1.8
      vertex 72.4 -41.2 1.8
    endloop
  endfacet
  facet normal 0 0 -1
    outer loop
      vertex 72.4 -41.2 7.8
      vertex 74.6 -32.2 7.8
      vertex 74.6 -41.2 7.8
    endloop
  endfacet
  facet normal -0 0 -1
    outer loop
      vertex 74.6 -32.2 7.8
      vertex 72.4 -41.2 7.8
      vertex 72.4 -32.2 7.8
    endloop
  endfacet
  facet normal 0 1 -0
    outer loop
      vertex 74.6 -41.2 1.8
      vertex 72.4 -41.2 7.8
      vertex 74.6 -41.2 7.8
    endloop
  endfacet
  facet normal 0 1 0
    outer loop
      vertex 72.4 -41.2 7.8
      vertex 74.6 -41.2 1.8
      vertex 72.4 -41.2 1.8
    endloop
  endfacet
  facet normal 0 -1 0
    outer loop
      vertex 72.4 -32.2 1.8
      vertex 74.6 -32.2 7.8
      vertex 72.4 -32.2 7.8
    endloop
  endfacet
  facet normal 0 -1 -0
    outer loop
      vertex 74.6 -32.2 7.8
      vertex 72.4 -32.2 1.8
      vertex 74.6 -32.2 1.8
    endloop
  endfacet
  facet normal -0 0 1
    outer loop
      vertex 134.6 -32.2 1.8
      vertex 136.8 -41.2 1.8
      vertex 136.8 -32.2 1.8
    endloop
  endfacet
  facet normal 0 0 1
    outer loop
      vertex 136.8 -41.2 1.8
      vertex 134.6 -32.2 1.8
      vertex 134.6 -41.2 1.8
    endloop
  endfacet
  facet normal 0 0 -1
    outer loop
      vertex 134.6 -41.2 7.8
      vertex 136.8 -32.2 7.8
      vertex 136.8 -41.2 7.8
    endloop
  endfacet
  facet normal -0 0 -1
    outer loop
      vertex 136.8 -32.2 7.8
      vertex 134.6 -41.2 7.8
      vertex 134.6 -32.2 7.8
    endloop
  endfacet
  facet normal 0 1 -0
    outer loop
      vertex 136.8 -41.2 1.8
      vertex 134.6 -41.2 7.8
      vertex 136.8 -41.2 7.8
    endloop
  endfacet
  facet normal 0 1 0
    outer loop
      vertex 134.6 -41.2 7.8
      vertex 136.8 -41.2 1.8
      vertex 134.6 -41.2 1.8
    endloop
  endfacet
  facet normal 0 -1 0
    outer loop
      vertex 134.6 -32.2 1.8
      vertex 136.8 -32.2 7.8
      vertex 134.6 -32.2 7.8
    endloop
  endfacet
  facet normal 0 -1 -0
    outer loop
      vertex 136.8 -32.2 7.8
      vertex 134.6 -32.2 1.8
      vertex 136.8 -32.2 1.8
    endloop
  endfacet
  facet normal -1 0 0
    outer loop
      vertex 120.6 -2.2 1.8
      vertex 120.6 0 7.8
      vertex 120.6 0 1.8
    endloop
  endfacet
  facet normal -1 -0 0
    outer loop
      vertex 120.6 0 7.8
      vertex 120.6 -2.2 1.8
      vertex 120.6 -2.2 7.8
    endloop
  endfacet
  facet normal -0 0 1
    outer loop
      vertex 110.6 0 1.8
      vertex 120.6 -2.2 1.8
      vertex 120.6 0 1.8
    endloop
  endfacet
  facet normal 0 0 1
    outer loop
      vertex 120.6 -2.2 1.8
      vertex 110.6 0 1.8
      vertex 110.6 -2.2 1.8
    endloop
  endfacet
  facet normal 0 0 -1
    outer loop
      vertex 110.6 -2.2 7.8
      vertex 120.6 0 7.8
      vertex 120.6 -2.2 7.8
    endloop
  endfacet
  facet normal -0 0 -1
    outer loop
      vertex 120.6 0 7.8
      vertex 110.6 -2.2 7.8
      vertex 110.6 0 7.8
    endloop
  endfacet
  facet normal 1 -0 0
    outer loop
      vertex 110.6 -2.2 7.8
      vertex 110.6 0 1.8
      vertex 110.6 0 7.8
    endloop
  endfacet
  facet normal 1 0 0
    outer loop
      vertex 110.6 0 1.8
      vertex 110.6 -2.2 7.8
      vertex 110.6 -2.2 1.8
    endloop
  endfacet
  facet normal -1 0 0
    outer loop
      vertex 120.6 -49.4 1.8
      vertex 120.6 -47.2 7.8
      vertex 120.6 -47.2 1.8
    endloop
  endfacet
  facet normal -1 -0 0
    outer loop
      vertex 120.6 -47.2 7.8
      vertex 120.6 -49.4 1.8
      vertex 120.6 -49.4 7.8
    endloop
  endfacet
  facet normal -0 0 1
    outer loop
      vertex 110.6 -47.2 1.8
      vertex 120.6 -49.4 1.8
      vertex 120.6 -47.2 1.8
    endloop
  endfacet
  facet normal 0 0 1
    outer loop
      vertex 120.6 -49.4 1.8
      vertex 110.6 -47.2 1.8
      vertex 110.6 -49.4 1.8
    endloop
  endfacet
  facet normal 0 0 -1
    outer loop
      vertex 110.6 -49.4 7.8
      vertex 120.6 -47.2 7.8
      vertex 120.6 -49.4 7.8
    endloop
  endfacet
  facet normal -0 0 -1
    outer loop
      vertex 120.6 -47.2 7.8
      vertex 110.6 -49.4 7.8
      vertex 110.6 -47.2 7.8
    endloop
  endfacet
  facet normal 1 -0 0
    outer loop
      vertex 110.6 -49.4 7.8
      vertex 110.6 -47.2 1.8
      vertex 110.6 -47.2 7.8
    endloop
  endfacet
  facet normal 1 0 0
    outer loop
      vertex 110.6 -47.2 1.8
      vertex 110.6 -49.4 7.8
      vertex 110.6 -49.4 1.8
    endloop
  endfacet
  facet normal -1 0 0
    outer loop
      vertex 134.6 -6.2 7.8
      vertex 134.6 -2.2 0
      vertex 134.6 -6.2 1.8
    endloop
  endfacet
  facet normal -1 0 0
    outer loop
      vertex 134.6 -2.2 0
      vertex 134.6 -15.2 1.8
      vertex 134.6 -6.2 1.8
    endloop
  endfacet
  facet normal -1 0 0
    outer loop
      vertex 134.6 -15.2 1.8
      vertex 134.6 -19.2 1.8
      vertex 134.6 -15.2 7.8
    endloop
  endfacet
  facet normal -1 0 0
    outer loop
      vertex 134.6 -2.2 0
      vertex 134.6 -19.2 1.8
      vertex 134.6 -15.2 1.8
    endloop
  endfacet
  facet normal -1 0 0
    outer loop
      vertex 134.6 -2.2 0
      vertex 134.6 -28.2 1.8
      vertex 134.6 -19.2 1.8
    endloop
  endfacet
  facet normal -1 0 0
    outer loop
      vertex 134.6 -28.2 1.8
      vertex 134.6 -32.2 1.8
      vertex 134.6 -28.2 7.8
    endloop
  endfacet
  facet normal -1 0 0
    outer loop
      vertex 134.6 -47.2 0
      vertex 134.6 -28.2 1.8
      vertex 134.6 -2.2 0
    endloop
  endfacet
  facet normal -1 -0 0
    outer loop
      vertex 134.6 -28.2 1.8
      vertex 134.6 -47.2 0
      vertex 134.6 -32.2 1.8
    endloop
  endfacet
  facet normal -1 -0 0
    outer loop
      vertex 134.6 -41.2 1.8
      vertex 134.6 -47.2 0
      vertex 134.6 -41.2 7.8
    endloop
  endfacet
  facet normal -1 -0 0
    outer loop
      vertex 134.6 -32.2 1.8
      vertex 134.6 -47.2 0
      vertex 134.6 -41.2 1.8
    endloop
  endfacet
  facet normal -1 0 0
    outer loop
      vertex 134.6 -2.2 0
      vertex 134.6 -6.2 7.8
      vertex 134.6 -2.2 9.8
    endloop
  endfacet
  facet normal -1 0 0
    outer loop
      vertex 134.6 -15.2 7.8
      vertex 134.6 -2.2 9.8
      vertex 134.6 -6.2 7.8
    endloop
  endfacet
  facet normal -1 0 0
    outer loop
      vertex 134.6 -19.2 7.8
      vertex 134.6 -15.2 7.8
      vertex 134.6 -19.2 1.8
    endloop
  endfacet
  facet normal -1 0 0
    outer loop
      vertex 134.6 -19.2 7.8
      vertex 134.6 -2.2 9.8
      vertex 134.6 -15.2 7.8
    endloop
  endfacet
  facet normal -1 0 0
    outer loop
      vertex 134.6 -28.2 7.8
      vertex 134.6 -2.2 9.8
      vertex 134.6 -19.2 7.8
    endloop
  endfacet
  facet normal -1 0 0
    outer loop
      vertex 134.6 -32.2 7.8
      vertex 134.6 -28.2 7.8
      vertex 134.6 -32.2 1.8
    endloop
  endfacet
  facet normal -1 0 0
    outer loop
      vertex 134.6 -47.2 9.8
      vertex 134.6 -28.2 7.8
      vertex 134.6 -32.2 7.8
    endloop
  endfacet
  facet normal -1 0 0
    outer loop
      vertex 134.6 -47.2 9.8
      vertex 134.6 -32.2 7.8
      vertex 134.6 -41.2 7.8
    endloop
  endfacet
  facet normal -1 0 0
    outer loop
      vertex 134.6 -28.2 7.8
      vertex 134.6 -47.2 9.8
      vertex 134.6 -2.2 9.8
    endloop
  endfacet
  facet normal -1 0 0
    outer loop
      vertex 134.6 -47.2 9.8
      vertex 134.6 -41.2 7.8
      vertex 134.6 -47.2 0
    endloop
  endfacet
  facet normal -0 0 0
    outer loop
      vertex 134.6 -2.2 0
      vertex 134.6 -2.2 9.8
      vertex 134.6 -2.2 -2.2
    endloop
  endfacet
  facet normal 0 0 -1
    outer loop
      vertex 119.252 -43.073 9.8
      vertex 122.9 -45.2 9.8
      vertex 122.914 -45.4463 9.8
    endloop
  endfacet
  facet normal 0 0 -1
    outer loop
      vertex 119.252 -43.073 9.8
      vertex 122.914 -45.4463 9.8
      vertex 122.955 -45.6895 9.8
    endloop
  endfacet
  facet normal 0 0 -1
    outer loop
      vertex 117.103 -44.598 9.8
      vertex 122.955 -45.6895 9.8
      vertex 123.023 -45.9266 9.8
    endloop
  endfacet
  facet normal 0 0 -1
    outer loop
      vertex 122.9 -45.2 9.8
      vertex 119.252 -43.073 9.8
      vertex 121.217 -41.317 9.8
    endloop
  endfacet
  facet normal 0 0 -1
    outer loop
      vertex 117.103 -44.598 9.8
      vertex 123.023 -45.9266 9.8
      vertex 123.118 -46.1545 9.8
    endloop
  endfacet
  facet normal 0 0 -1
    outer loop
      vertex 117.103 -44.598 9.8
      vertex 123.118 -46.1545 9.8
      vertex 123.237 -46.3705 9.8
    endloop
  endfacet
  facet normal 0 0 -1
    outer loop
      vertex 117.103 -44.598 9.8
      vertex 123.237 -46.3705 9.8
      vertex 123.38 -46.5717 9.8
    endloop
  endfacet
  facet normal 0 0 -1
    outer loop
      vertex 114.796 -45.8728 9.8
      vertex 123.38 -46.5717 9.8
      vertex 123.544 -46.7556 9.8
    endloop
  endfacet
  facet normal 0 0 -1
    outer loop
      vertex 114.796 -45.8728 9.8
      vertex 123.544 -46.7556 9.8
      vertex 123.728 -46.92 9.8
    endloop
  endfacet
  facet normal 0 0 -1
    outer loop
      vertex 122.955 -45.6895 9.8
      vertex 117.103 -44.598 9.8
      vertex 119.252 -43.073 9.8
    endloop
  endfacet
  facet normal 0 0 -1
    outer loop
      vertex 114.796 -45.8728 9.8
      vertex 123.728 -46.92 9.8
      vertex 123.93 -47.0628 9.8
    endloop
  endfacet
  facet normal 0 0 -1
    outer loop
      vertex 112.362 -46.8813 9.8
      vertex 123.93 -47.0628 9.8
      vertex 124.145 -47.1821 9.8
    endloop
  endfacet
  facet normal 0 0 -1
    outer loop
      vertex 112.362 -46.8813 9.8
      vertex 124.145 -47.1821 9.8
      vertex 124.189 -47.2 9.8
    endloop
  endfacet
  facet normal 0 0 -1
    outer loop
      vertex 123.38 -46.5717 9.8
      vertex 114.796 -45.8728 9.8
      vertex 117.103 -44.598 9.8
    endloop
  endfacet
  facet normal 0 0 -1
    outer loop
      vertex 123.93 -47.0628 9.8
      vertex 112.362 -46.8813 9.8
      vertex 114.796 -45.8728 9.8
    endloop
  endfacet
  facet normal 0 -0 -1
    outer loop
      vertex 112.362 -46.8813 9.8
      vertex 124.189 -47.2 9.8
      vertex 111.255 -47.2 9.8
    endloop
  endfacet
  facet normal 0 0 -1
    outer loop
      vertex 134.6 -2.2 9.8
      vertex 127.286 -4.44632 9.8
      vertex 127.3 -4.2 9.8
    endloop
  endfacet
  facet normal 0 0 -1
    outer loop
      vertex 134.6 -2.2 9.8
      vertex 127.245 -4.68955 9.8
      vertex 127.286 -4.44632 9.8
    endloop
  endfacet
  facet normal 0 0 -1
    outer loop
      vertex 134.6 -2.2 9.8
      vertex 127.177 -4.92661 9.8
      vertex 127.245 -4.68955 9.8
    endloop
  endfacet
  facet normal 0 0 -1
    outer loop
      vertex 125.773 -14.5037 9.8
      vertex 134.6 -2.2 9.8
      vertex 126.781 -16.9384 9.8
    endloop
  endfacet
  facet normal 0 0 -1
    outer loop
      vertex 134.6 -2.2 9.8
      vertex 127.082 -5.15454 9.8
      vertex 127.177 -4.92661 9.8
    endloop
  endfacet
  facet normal 0 0 -1
    outer loop
      vertex 134.6 -2.2 9.8
      vertex 126.963 -5.37047 9.8
      vertex 127.082 -5.15454 9.8
    endloop
  endfacet
  facet normal 0 -0 -1
    outer loop
      vertex 126.82 -5.57168 9.8
      vertex 134.6 -2.2 9.8
      vertex 125.773 -14.5037 9.8
    endloop
  endfacet
  facet normal 0 0 -1
    outer loop
      vertex 134.6 -2.2 9.8
      vertex 126.82 -5.57168 9.8
      vertex 126.963 -5.37047 9.8
    endloop
  endfacet
  facet normal 0 0 -1
    outer loop
      vertex 126.82 -5.57168 9.8
      vertex 125.773 -14.5037 9.8
      vertex 126.656 -5.75563 9.8
    endloop
  endfacet
  facet normal 0 0 -1
    outer loop
      vertex 126.656 -5.75563 9.8
      vertex 125.773 -14.5037 9.8
      vertex 126.472 -5.92003 9.8
    endloop
  endfacet
  facet normal 0 0 -1
    outer loop
      vertex 124.498 -12.1972 9.8
      vertex 126.472 -5.92003 9.8
      vertex 125.773 -14.5037 9.8
    endloop
  endfacet
  facet normal 0 0 -1
    outer loop
      vertex 126.472 -5.92003 9.8
      vertex 124.498 -12.1972 9.8
      vertex 126.27 -6.06279 9.8
    endloop
  endfacet
  facet normal 0 0 -1
    outer loop
      vertex 126.27 -6.06279 9.8
      vertex 124.498 -12.1972 9.8
      vertex 126.055 -6.18213 9.8
    endloop
  endfacet
  facet normal 0 0 -1
    outer loop
      vertex 126.055 -6.18213 9.8
      vertex 124.498 -12.1972 9.8
      vertex 125.827 -6.27654 9.8
    endloop
  endfacet
  facet normal 0 0 -1
    outer loop
      vertex 125.827 -6.27654 9.8
      vertex 124.498 -12.1972 9.8
      vertex 125.59 -6.34484 9.8
    endloop
  endfacet
  facet normal 0 0 -1
    outer loop
      vertex 122.973 -10.048 9.8
      vertex 125.59 -6.34484 9.8
      vertex 124.498 -12.1972 9.8
    endloop
  endfacet
  facet normal 0 0 -1
    outer loop
      vertex 125.59 -6.34484 9.8
      vertex 122.973 -10.048 9.8
      vertex 125.346 -6.38617 9.8
    endloop
  endfacet
  facet normal 0 0 -1
    outer loop
      vertex 125.346 -6.38617 9.8
      vertex 122.973 -10.048 9.8
      vertex 125.1 -6.4 9.8
    endloop
  endfacet
  facet normal -0 0 -1
    outer loop
      vertex 125.1 -6.4 9.8
      vertex 122.973 -10.048 9.8
      vertex 124.854 -6.38617 9.8
    endloop
  endfacet
  facet normal -0 0 -1
    outer loop
      vertex 124.854 -6.38617 9.8
      vertex 122.973 -10.048 9.8
      vertex 124.61 -6.34484 9.8
    endloop
  endfacet
  facet normal -0 0 -1
    outer loop
      vertex 124.61 -6.34484 9.8
      vertex 122.973 -10.048 9.8
      vertex 124.373 -6.27654 9.8
    endloop
  endfacet
  facet normal -0 0 -1
    outer loop
      vertex 124.373 -6.27654 9.8
      vertex 122.973 -10.048 9.8
      vertex 124.145 -6.18213 9.8
    endloop
  endfacet
  facet normal 0 0 -1
    outer loop
      vertex 121.217 -8.08299 9.8
      vertex 124.145 -6.18213 9.8
      vertex 122.973 -10.048 9.8
    endloop
  endfacet
  facet normal -0 0 -1
    outer loop
      vertex 124.145 -6.18213 9.8
      vertex 121.217 -8.08299 9.8
      vertex 123.93 -6.06279 9.8
    endloop
  endfacet
  facet normal -0 0 -1
    outer loop
      vertex 123.93 -6.06279 9.8
      vertex 121.217 -8.08299 9.8
      vertex 123.728 -5.92003 9.8
    endloop
  endfacet
  facet normal -0 0 -1
    outer loop
      vertex 123.728 -5.92003 9.8
      vertex 121.217 -8.08299 9.8
      vertex 123.544 -5.75563 9.8
    endloop
  endfacet
  facet normal -0 0 -1
    outer loop
      vertex 123.544 -5.75563 9.8
      vertex 121.217 -8.08299 9.8
      vertex 123.38 -5.57168 9.8
    endloop
  endfacet
  facet normal -0 0 -1
    outer loop
      vertex 123.38 -5.57168 9.8
      vertex 121.217 -8.08299 9.8
      vertex 123.237 -5.37047 9.8
    endloop
  endfacet
  facet normal -0 0 -1
    outer loop
      vertex 123.237 -5.37047 9.8
      vertex 121.217 -8.08299 9.8
      vertex 123.118 -5.15454 9.8
    endloop
  endfacet
  facet normal 0 0 -1
    outer loop
      vertex 119.252 -6.32696 9.8
      vertex 123.118 -5.15454 9.8
      vertex 121.217 -8.08299 9.8
    endloop
  endfacet
  facet normal -0 0 -1
    outer loop
      vertex 123.118 -5.15454 9.8
      vertex 119.252 -6.32696 9.8
      vertex 123.023 -4.92661 9.8
    endloop
  endfacet
  facet normal -0 0 -1
    outer loop
      vertex 123.023 -4.92661 9.8
      vertex 119.252 -6.32696 9.8
      vertex 122.955 -4.68955 9.8
    endloop
  endfacet
  facet normal -0 0 -1
    outer loop
      vertex 122.955 -4.68955 9.8
      vertex 119.252 -6.32696 9.8
      vertex 122.914 -4.44632 9.8
    endloop
  endfacet
  facet normal 0 0 -1
    outer loop
      vertex 134.6 -47.2 9.8
      vertex 128.1 -24.7 9.8
      vertex 134.6 -2.2 9.8
    endloop
  endfacet
  facet normal 0 0 -1
    outer loop
      vertex 134.6 -47.2 9.8
      vertex 127.952 -27.3312 9.8
      vertex 128.1 -24.7 9.8
    endloop
  endfacet
  facet normal 0 0 -1
    outer loop
      vertex 134.6 -47.2 9.8
      vertex 127.511 -29.9292 9.8
      vertex 127.952 -27.3312 9.8
    endloop
  endfacet
  facet normal 0 0 -1
    outer loop
      vertex 127.286 -44.9537 9.8
      vertex 134.6 -47.2 9.8
      vertex 127.3 -45.2 9.8
    endloop
  endfacet
  facet normal 0 0 -1
    outer loop
      vertex 134.6 -47.2 9.8
      vertex 127.286 -45.4463 9.8
      vertex 127.3 -45.2 9.8
    endloop
  endfacet
  facet normal 0 0 -1
    outer loop
      vertex 134.6 -47.2 9.8
      vertex 127.245 -45.6895 9.8
      vertex 127.286 -45.4463 9.8
    endloop
  endfacet
  facet normal 0 0 -1
    outer loop
      vertex 134.6 -47.2 9.8
      vertex 127.177 -45.9266 9.8
      vertex 127.245 -45.6895 9.8
    endloop
  endfacet
  facet normal 0 0 -1
    outer loop
      vertex 134.6 -47.2 9.8
      vertex 127.082 -46.1545 9.8
      vertex 127.177 -45.9266 9.8
    endloop
  endfacet
  facet normal 0 0 -1
    outer loop
      vertex 134.6 -47.2 9.8
      vertex 126.963 -46.3705 9.8
      vertex 127.082 -46.1545 9.8
    endloop
  endfacet
  facet normal 0 0 -1
    outer loop
      vertex 134.6 -47.2 9.8
      vertex 126.82 -46.5717 9.8
      vertex 126.963 -46.3705 9.8
    endloop
  endfacet
  facet normal 0 0 -1
    outer loop
      vertex 134.6 -47.2 9.8
      vertex 126.656 -46.7556 9.8
      vertex 126.82 -46.5717 9.8
    endloop
  endfacet
  facet normal 0 0 -1
    outer loop
      vertex 134.6 -47.2 9.8
      vertex 126.472 -46.92 9.8
      vertex 126.656 -46.7556 9.8
    endloop
  endfacet
  facet normal 0 0 -1
    outer loop
      vertex 134.6 -47.2 9.8
      vertex 126.27 -47.0628 9.8
      vertex 126.472 -46.92 9.8
    endloop
  endfacet
  facet normal 0 0 -1
    outer loop
      vertex 134.6 -47.2 9.8
      vertex 126.055 -47.1821 9.8
      vertex 126.27 -47.0628 9.8
    endloop
  endfacet
  facet normal 0 -0 -1
    outer loop
      vertex 126.055 -47.1821 9.8
      vertex 134.6 -47.2 9.8
      vertex 126.011 -47.2 9.8
    endloop
  endfacet
  facet normal 0 0 -1
    outer loop
      vertex 127.952 -22.0688 9.8
      vertex 134.6 -2.2 9.8
      vertex 128.1 -24.7 9.8
    endloop
  endfacet
  facet normal 0 0 -1
    outer loop
      vertex 127.511 -19.4708 9.8
      vertex 134.6 -2.2 9.8
      vertex 127.952 -22.0688 9.8
    endloop
  endfacet
  facet normal 0 0 -1
    outer loop
      vertex 126.781 -16.9384 9.8
      vertex 134.6 -2.2 9.8
      vertex 127.511 -19.4708 9.8
    endloop
  endfacet
  facet normal 0 0 -1
    outer loop
      vertex 127.286 -3.95368 9.8
      vertex 134.6 -2.2 9.8
      vertex 127.3 -4.2 9.8
    endloop
  endfacet
  facet normal 0 0 -1
    outer loop
      vertex 127.245 -3.71045 9.8
      vertex 134.6 -2.2 9.8
      vertex 127.286 -3.95368 9.8
    endloop
  endfacet
  facet normal 0 0 -1
    outer loop
      vertex 127.177 -3.47339 9.8
      vertex 134.6 -2.2 9.8
      vertex 127.245 -3.71045 9.8
    endloop
  endfacet
  facet normal 0 0 -1
    outer loop
      vertex 127.082 -3.24546 9.8
      vertex 134.6 -2.2 9.8
      vertex 127.177 -3.47339 9.8
    endloop
  endfacet
  facet normal 0 0 -1
    outer loop
      vertex 126.963 -3.02953 9.8
      vertex 134.6 -2.2 9.8
      vertex 127.082 -3.24546 9.8
    endloop
  endfacet
  facet normal 0 0 -1
    outer loop
      vertex 126.82 -2.82832 9.8
      vertex 134.6 -2.2 9.8
      vertex 126.963 -3.02953 9.8
    endloop
  endfacet
  facet normal 0 0 -1
    outer loop
      vertex 126.656 -2.64436 9.8
      vertex 134.6 -2.2 9.8
      vertex 126.82 -2.82832 9.8
    endloop
  endfacet
  facet normal 0 0 -1
    outer loop
      vertex 126.472 -2.47997 9.8
      vertex 134.6 -2.2 9.8
      vertex 126.656 -2.64436 9.8
    endloop
  endfacet
  facet normal 0 0 -1
    outer loop
      vertex 126.27 -2.33721 9.8
      vertex 134.6 -2.2 9.8
      vertex 126.472 -2.47997 9.8
    endloop
  endfacet
  facet normal 0 0 -1
    outer loop
      vertex 126.055 -2.21787 9.8
      vertex 134.6 -2.2 9.8
      vertex 126.27 -2.33721 9.8
    endloop
  endfacet
  facet normal -0 0 -1
    outer loop
      vertex 134.6 -2.2 9.8
      vertex 126.055 -2.21787 9.8
      vertex 126.011 -2.2 9.8
    endloop
  endfacet
  facet normal 0 0 -1
    outer loop
      vertex 127.245 -44.7105 9.8
      vertex 134.6 -47.2 9.8
      vertex 127.286 -44.9537 9.8
    endloop
  endfacet
  facet normal 0 0 -1
    outer loop
      vertex 127.177 -44.4734 9.8
      vertex 134.6 -47.2 9.8
      vertex 127.245 -44.7105 9.8
    endloop
  endfacet
  facet normal 0 0 -1
    outer loop
      vertex 127.082 -44.2455 9.8
      vertex 134.6 -47.2 9.8
      vertex 127.177 -44.4734 9.8
    endloop
  endfacet
  facet normal 0 0 -1
    outer loop
      vertex 126.963 -44.0295 9.8
      vertex 134.6 -47.2 9.8
      vertex 127.082 -44.2455 9.8
    endloop
  endfacet
  facet normal 0 0 -1
    outer loop
      vertex 126.82 -43.8283 9.8
      vertex 134.6 -47.2 9.8
      vertex 126.963 -44.0295 9.8
    endloop
  endfacet
  facet normal 0 0 -1
    outer loop
      vertex 134.6 -47.2 9.8
      vertex 126.82 -43.8283 9.8
      vertex 125.773 -34.8963 9.8
    endloop
  endfacet
  facet normal 0 0 -1
    outer loop
      vertex 134.6 -47.2 9.8
      vertex 126.781 -32.4616 9.8
      vertex 127.511 -29.9292 9.8
    endloop
  endfacet
  facet normal 0 0 -1
    outer loop
      vertex 125.773 -34.8963 9.8
      vertex 126.82 -43.8283 9.8
      vertex 126.656 -43.6444 9.8
    endloop
  endfacet
  facet normal 0 0 -1
    outer loop
      vertex 125.773 -34.8963 9.8
      vertex 126.656 -43.6444 9.8
      vertex 126.472 -43.48 9.8
    endloop
  endfacet
  facet normal 0 0 -1
    outer loop
      vertex 124.498 -37.2028 9.8
      vertex 126.472 -43.48 9.8
      vertex 126.27 -43.3372 9.8
    endloop
  endfacet
  facet normal 0 0 -1
    outer loop
      vertex 124.498 -37.2028 9.8
      vertex 126.27 -43.3372 9.8
      vertex 126.055 -43.2179 9.8
    endloop
  endfacet
  facet normal 0 0 -1
    outer loop
      vertex 124.498 -37.2028 9.8
      vertex 126.055 -43.2179 9.8
      vertex 125.827 -43.1235 9.8
    endloop
  endfacet
  facet normal 0 0 -1
    outer loop
      vertex 134.6 -47.2 9.8
      vertex 125.773 -34.8963 9.8
      vertex 126.781 -32.4616 9.8
    endloop
  endfacet
  facet normal 0 0 -1
    outer loop
      vertex 124.498 -37.2028 9.8
      vertex 125.827 -43.1235 9.8
      vertex 125.59 -43.0552 9.8
    endloop
  endfacet
  facet normal 0 0 -1
    outer loop
      vertex 122.973 -39.352 9.8
      vertex 125.59 -43.0552 9.8
      vertex 125.346 -43.0138 9.8
    endloop
  endfacet
  facet normal 0 0 -1
    outer loop
      vertex 122.973 -39.352 9.8
      vertex 125.346 -43.0138 9.8
      vertex 125.1 -43 9.8
    endloop
  endfacet
  facet normal 0 0 -1
    outer loop
      vertex 122.973 -39.352 9.8
      vertex 125.1 -43 9.8
      vertex 124.854 -43.0138 9.8
    endloop
  endfacet
  facet normal 0 0 -1
    outer loop
      vertex 122.973 -39.352 9.8
      vertex 124.854 -43.0138 9.8
      vertex 124.61 -43.0552 9.8
    endloop
  endfacet
  facet normal 0 0 -1
    outer loop
      vertex 126.472 -43.48 9.8
      vertex 124.498 -37.2028 9.8
      vertex 125.773 -34.8963 9.8
    endloop
  endfacet
  facet normal 0 0 -1
    outer loop
      vertex 122.973 -39.352 9.8
      vertex 124.61 -43.0552 9.8
      vertex 124.373 -43.1235 9.8
    endloop
  endfacet
  facet normal 0 0 -1
    outer loop
      vertex 122.973 -39.352 9.8
      vertex 124.373 -43.1235 9.8
      vertex 124.145 -43.2179 9.8
    endloop
  endfacet
  facet normal 0 0 -1
    outer loop
      vertex 121.217 -41.317 9.8
      vertex 124.145 -43.2179 9.8
      vertex 123.93 -43.3372 9.8
    endloop
  endfacet
  facet normal 0 0 -1
    outer loop
      vertex 121.217 -41.317 9.8
      vertex 123.93 -43.3372 9.8
      vertex 123.728 -43.48 9.8
    endloop
  endfacet
  facet normal 0 0 -1
    outer loop
      vertex 121.217 -41.317 9.8
      vertex 123.728 -43.48 9.8
      vertex 123.544 -43.6444 9.8
    endloop
  endfacet
  facet normal 0 0 -1
    outer loop
      vertex 121.217 -41.317 9.8
      vertex 123.544 -43.6444 9.8
      vertex 123.38 -43.8283 9.8
    endloop
  endfacet
  facet normal 0 0 -1
    outer loop
      vertex 121.217 -41.317 9.8
      vertex 123.38 -43.8283 9.8
      vertex 123.237 -44.0295 9.8
    endloop
  endfacet
  facet normal 0 0 -1
    outer loop
      vertex 121.217 -41.317 9.8
      vertex 123.237 -44.0295 9.8
      vertex 123.118 -44.2455 9.8
    endloop
  endfacet
  facet normal 0 0 -1
    outer loop
      vertex 121.217 -41.317 9.8
      vertex 123.118 -44.2455 9.8
      vertex 123.023 -44.4734 9.8
    endloop
  endfacet
  facet normal 0 0 -1
    outer loop
      vertex 125.59 -43.0552 9.8
      vertex 122.973 -39.352 9.8
      vertex 124.498 -37.2028 9.8
    endloop
  endfacet
  facet normal 0 0 -1
    outer loop
      vertex 121.217 -41.317 9.8
      vertex 123.023 -44.4734 9.8
      vertex 122.955 -44.7105 9.8
    endloop
  endfacet
  facet normal 0 0 -1
    outer loop
      vertex 121.217 -41.317 9.8
      vertex 122.955 -44.7105 9.8
      vertex 122.914 -44.9537 9.8
    endloop
  endfacet
  facet normal 0 0 -1
    outer loop
      vertex 121.217 -41.317 9.8
      vertex 122.914 -44.9537 9.8
      vertex 122.9 -45.2 9.8
    endloop
  endfacet
  facet normal 0 0 -1
    outer loop
      vertex 124.145 -43.2179 9.8
      vertex 121.217 -41.317 9.8
      vertex 122.973 -39.352 9.8
    endloop
  endfacet
  facet normal -0 0 -1
    outer loop
      vertex 122.914 -4.44632 9.8
      vertex 119.252 -6.32696 9.8
      vertex 122.9 -4.2 9.8
    endloop
  endfacet
  facet normal -0 0 -1
    outer loop
      vertex 122.9 -4.2 9.8
      vertex 119.252 -6.32696 9.8
      vertex 122.914 -3.95368 9.8
    endloop
  endfacet
  facet normal -0 0 -1
    outer loop
      vertex 122.914 -3.95368 9.8
      vertex 119.252 -6.32696 9.8
      vertex 122.955 -3.71045 9.8
    endloop
  endfacet
  facet normal 0 0 -1
    outer loop
      vertex 117.103 -4.80198 9.8
      vertex 122.955 -3.71045 9.8
      vertex 119.252 -6.32696 9.8
    endloop
  endfacet
  facet normal -0 0 -1
    outer loop
      vertex 122.955 -3.71045 9.8
      vertex 117.103 -4.80198 9.8
      vertex 123.023 -3.47339 9.8
    endloop
  endfacet
  facet normal -0 0 -1
    outer loop
      vertex 123.023 -3.47339 9.8
      vertex 117.103 -4.80198 9.8
      vertex 123.118 -3.24546 9.8
    endloop
  endfacet
  facet normal -0 0 -1
    outer loop
      vertex 123.118 -3.24546 9.8
      vertex 117.103 -4.80198 9.8
      vertex 123.237 -3.02953 9.8
    endloop
  endfacet
  facet normal -0 0 -1
    outer loop
      vertex 123.237 -3.02953 9.8
      vertex 117.103 -4.80198 9.8
      vertex 123.38 -2.82832 9.8
    endloop
  endfacet
  facet normal 0 0 -1
    outer loop
      vertex 114.796 -3.52723 9.8
      vertex 123.38 -2.82832 9.8
      vertex 117.103 -4.80198 9.8
    endloop
  endfacet
  facet normal -0 0 -1
    outer loop
      vertex 123.38 -2.82832 9.8
      vertex 114.796 -3.52723 9.8
      vertex 123.544 -2.64436 9.8
    endloop
  endfacet
  facet normal -0 0 -1
    outer loop
      vertex 123.544 -2.64436 9.8
      vertex 114.796 -3.52723 9.8
      vertex 123.728 -2.47997 9.8
    endloop
  endfacet
  facet normal -0 0 -1
    outer loop
      vertex 123.728 -2.47997 9.8
      vertex 114.796 -3.52723 9.8
      vertex 123.93 -2.33721 9.8
    endloop
  endfacet
  facet normal 0 0 -1
    outer loop
      vertex 112.362 -2.51874 9.8
      vertex 123.93 -2.33721 9.8
      vertex 114.796 -3.52723 9.8
    endloop
  endfacet
  facet normal -0 0 -1
    outer loop
      vertex 123.93 -2.33721 9.8
      vertex 112.362 -2.51874 9.8
      vertex 124.145 -2.21787 9.8
    endloop
  endfacet
  facet normal -0 0 -1
    outer loop
      vertex 124.145 -2.21787 9.8
      vertex 112.362 -2.51874 9.8
      vertex 124.189 -2.2 9.8
    endloop
  endfacet
  facet normal -0 0 -1
    outer loop
      vertex 124.189 -2.2 9.8
      vertex 112.362 -2.51874 9.8
      vertex 111.255 -2.2 9.8
    endloop
  endfacet
  facet normal 0 0 -1
    outer loop
      vertex 81.9138 -44.9537 9.8
      vertex 81.2478 -27.3312 9.8
      vertex 81.6892 -29.9292 9.8
    endloop
  endfacet
  facet normal -0 0 -1
    outer loop
      vertex 81.9138 -44.9537 9.8
      vertex 74.6 -47.2 9.8
      vertex 81.2478 -27.3312 9.8
    endloop
  endfacet
  facet normal -0 0 -1
    outer loop
      vertex 81.2478 -27.3312 9.8
      vertex 74.6 -47.2 9.8
      vertex 81.1 -24.7 9.8
    endloop
  endfacet
  facet normal -0 0 -1
    outer loop
      vertex 81.9138 -45.4463 9.8
      vertex 74.6 -47.2 9.8
      vertex 81.9 -45.2 9.8
    endloop
  endfacet
  facet normal -0 0 -1
    outer loop
      vertex 81.9552 -45.6895 9.8
      vertex 74.6 -47.2 9.8
      vertex 81.9138 -45.4463 9.8
    endloop
  endfacet
  facet normal -0 0 -1
    outer loop
      vertex 82.0235 -45.9266 9.8
      vertex 74.6 -47.2 9.8
      vertex 81.9552 -45.6895 9.8
    endloop
  endfacet
  facet normal -0 0 -1
    outer loop
      vertex 82.1179 -46.1545 9.8
      vertex 74.6 -47.2 9.8
      vertex 82.0235 -45.9266 9.8
    endloop
  endfacet
  facet normal -0 0 -1
    outer loop
      vertex 82.2372 -46.3705 9.8
      vertex 74.6 -47.2 9.8
      vertex 82.1179 -46.1545 9.8
    endloop
  endfacet
  facet normal -0 0 -1
    outer loop
      vertex 82.38 -46.5717 9.8
      vertex 74.6 -47.2 9.8
      vertex 82.2372 -46.3705 9.8
    endloop
  endfacet
  facet normal -0 0 -1
    outer loop
      vertex 82.5444 -46.7556 9.8
      vertex 74.6 -47.2 9.8
      vertex 82.38 -46.5717 9.8
    endloop
  endfacet
  facet normal -0 0 -1
    outer loop
      vertex 82.7283 -46.92 9.8
      vertex 74.6 -47.2 9.8
      vertex 82.5444 -46.7556 9.8
    endloop
  endfacet
  facet normal -0 0 -1
    outer loop
      vertex 82.9295 -47.0628 9.8
      vertex 74.6 -47.2 9.8
      vertex 82.7283 -46.92 9.8
    endloop
  endfacet
  facet normal -0 0 -1
    outer loop
      vertex 83.1455 -47.1821 9.8
      vertex 74.6 -47.2 9.8
      vertex 82.9295 -47.0628 9.8
    endloop
  endfacet
  facet normal 0 0 -1
    outer loop
      vertex 74.6 -47.2 9.8
      vertex 83.1455 -47.1821 9.8
      vertex 83.1886 -47.2 9.8
    endloop
  endfacet
  facet normal 0 0 -1
    outer loop
      vertex 86.2862 -44.9537 9.8
      vertex 89.948 -43.073 9.8
      vertex 86.3 -45.2 9.8
    endloop
  endfacet
  facet normal 0 0 -1
    outer loop
      vertex 86.2448 -45.6895 9.8
      vertex 89.948 -43.073 9.8
      vertex 92.0972 -44.598 9.8
    endloop
  endfacet
  facet normal 0 0 -1
    outer loop
      vertex 85.82 -46.5717 9.8
      vertex 92.0972 -44.598 9.8
      vertex 94.4037 -45.8728 9.8
    endloop
  endfacet
  facet normal 0 0 -1
    outer loop
      vertex 85.2705 -47.0628 9.8
      vertex 94.4037 -45.8728 9.8
      vertex 96.8384 -46.8813 9.8
    endloop
  endfacet
  facet normal 0 0 -1
    outer loop
      vertex 85.0114 -47.2 9.8
      vertex 96.8384 -46.8813 9.8
      vertex 97.9448 -47.2 9.8
    endloop
  endfacet
  facet normal 0 0 -1
    outer loop
      vertex 89.948 -43.073 9.8
      vertex 86.2862 -45.4463 9.8
      vertex 86.3 -45.2 9.8
    endloop
  endfacet
  facet normal 0 0 -1
    outer loop
      vertex 89.948 -43.073 9.8
      vertex 86.2448 -45.6895 9.8
      vertex 86.2862 -45.4463 9.8
    endloop
  endfacet
  facet normal 0 0 -1
    outer loop
      vertex 92.0972 -44.598 9.8
      vertex 86.1765 -45.9266 9.8
      vertex 86.2448 -45.6895 9.8
    endloop
  endfacet
  facet normal 0 0 -1
    outer loop
      vertex 92.0972 -44.598 9.8
      vertex 86.0821 -46.1545 9.8
      vertex 86.1765 -45.9266 9.8
    endloop
  endfacet
  facet normal 0 0 -1
    outer loop
      vertex 92.0972 -44.598 9.8
      vertex 85.9628 -46.3705 9.8
      vertex 86.0821 -46.1545 9.8
    endloop
  endfacet
  facet normal 0 0 -1
    outer loop
      vertex 92.0972 -44.598 9.8
      vertex 85.82 -46.5717 9.8
      vertex 85.9628 -46.3705 9.8
    endloop
  endfacet
  facet normal 0 0 -1
    outer loop
      vertex 94.4037 -45.8728 9.8
      vertex 85.6556 -46.7556 9.8
      vertex 85.82 -46.5717 9.8
    endloop
  endfacet
  facet normal 0 0 -1
    outer loop
      vertex 94.4037 -45.8728 9.8
      vertex 85.4717 -46.92 9.8
      vertex 85.6556 -46.7556 9.8
    endloop
  endfacet
  facet normal 0 0 -1
    outer loop
      vertex 94.4037 -45.8728 9.8
      vertex 85.2705 -47.0628 9.8
      vertex 85.4717 -46.92 9.8
    endloop
  endfacet
  facet normal 0 0 -1
    outer loop
      vertex 96.8384 -46.8813 9.8
      vertex 85.0545 -47.1821 9.8
      vertex 85.2705 -47.0628 9.8
    endloop
  endfacet
  facet normal 0 0 -1
    outer loop
      vertex 96.8384 -46.8813 9.8
      vertex 85.0114 -47.2 9.8
      vertex 85.0545 -47.1821 9.8
    endloop
  endfacet
  facet normal 0 0 -1
    outer loop
      vertex 86.2448 -44.7105 9.8
      vertex 89.948 -43.073 9.8
      vertex 86.2862 -44.9537 9.8
    endloop
  endfacet
  facet normal 0 0 -1
    outer loop
      vertex 86.1765 -44.4734 9.8
      vertex 89.948 -43.073 9.8
      vertex 86.2448 -44.7105 9.8
    endloop
  endfacet
  facet normal 0 0 -1
    outer loop
      vertex 86.0821 -44.2455 9.8
      vertex 89.948 -43.073 9.8
      vertex 86.1765 -44.4734 9.8
    endloop
  endfacet
  facet normal -0 0 -1
    outer loop
      vertex 89.948 -43.073 9.8
      vertex 86.0821 -44.2455 9.8
      vertex 87.983 -41.317 9.8
    endloop
  endfacet
  facet normal 0 0 -1
    outer loop
      vertex 85.9628 -44.0295 9.8
      vertex 87.983 -41.317 9.8
      vertex 86.0821 -44.2455 9.8
    endloop
  endfacet
  facet normal 0 0 -1
    outer loop
      vertex 85.82 -43.8283 9.8
      vertex 87.983 -41.317 9.8
      vertex 85.9628 -44.0295 9.8
    endloop
  endfacet
  facet normal 0 0 -1
    outer loop
      vertex 85.6556 -43.6444 9.8
      vertex 87.983 -41.317 9.8
      vertex 85.82 -43.8283 9.8
    endloop
  endfacet
  facet normal 0 0 -1
    outer loop
      vertex 85.4717 -43.48 9.8
      vertex 87.983 -41.317 9.8
      vertex 85.6556 -43.6444 9.8
    endloop
  endfacet
  facet normal 0 0 -1
    outer loop
      vertex 85.2705 -43.3372 9.8
      vertex 87.983 -41.317 9.8
      vertex 85.4717 -43.48 9.8
    endloop
  endfacet
  facet normal 0 0 -1
    outer loop
      vertex 85.0545 -43.2179 9.8
      vertex 87.983 -41.317 9.8
      vertex 85.2705 -43.3372 9.8
    endloop
  endfacet
  facet normal -0 0 -1
    outer loop
      vertex 87.983 -41.317 9.8
      vertex 85.0545 -43.2179 9.8
      vertex 86.227 -39.352 9.8
    endloop
  endfacet
  facet normal 0 0 -1
    outer loop
      vertex 84.8266 -43.1235 9.8
      vertex 86.227 -39.352 9.8
      vertex 85.0545 -43.2179 9.8
    endloop
  endfacet
  facet normal 0 0 -1
    outer loop
      vertex 84.5895 -43.0552 9.8
      vertex 86.227 -39.352 9.8
      vertex 84.8266 -43.1235 9.8
    endloop
  endfacet
  facet normal 0 0 -1
    outer loop
      vertex 84.3463 -43.0138 9.8
      vertex 86.227 -39.352 9.8
      vertex 84.5895 -43.0552 9.8
    endloop
  endfacet
  facet normal 0 0 -1
    outer loop
      vertex 84.1 -43 9.8
      vertex 86.227 -39.352 9.8
      vertex 84.3463 -43.0138 9.8
    endloop
  endfacet
  facet normal 0 0 -1
    outer loop
      vertex 83.8537 -43.0138 9.8
      vertex 86.227 -39.352 9.8
      vertex 84.1 -43 9.8
    endloop
  endfacet
  facet normal 0 0 -1
    outer loop
      vertex 83.6105 -43.0552 9.8
      vertex 86.227 -39.352 9.8
      vertex 83.8537 -43.0138 9.8
    endloop
  endfacet
  facet normal -0 0 -1
    outer loop
      vertex 86.227 -39.352 9.8
      vertex 83.6105 -43.0552 9.8
      vertex 84.702 -37.2028 9.8
    endloop
  endfacet
  facet normal 0 0 -1
    outer loop
      vertex 83.3734 -43.1235 9.8
      vertex 84.702 -37.2028 9.8
      vertex 83.6105 -43.0552 9.8
    endloop
  endfacet
  facet normal 0 0 -1
    outer loop
      vertex 83.1455 -43.2179 9.8
      vertex 84.702 -37.2028 9.8
      vertex 83.3734 -43.1235 9.8
    endloop
  endfacet
  facet normal 0 0 -1
    outer loop
      vertex 82.9295 -43.3372 9.8
      vertex 84.702 -37.2028 9.8
      vertex 83.1455 -43.2179 9.8
    endloop
  endfacet
  facet normal 0 0 -1
    outer loop
      vertex 82.7283 -43.48 9.8
      vertex 84.702 -37.2028 9.8
      vertex 82.9295 -43.3372 9.8
    endloop
  endfacet
  facet normal -0 0 -1
    outer loop
      vertex 84.702 -37.2028 9.8
      vertex 82.7283 -43.48 9.8
      vertex 83.4272 -34.8963 9.8
    endloop
  endfacet
  facet normal 0 0 -1
    outer loop
      vertex 82.5444 -43.6444 9.8
      vertex 83.4272 -34.8963 9.8
      vertex 82.7283 -43.48 9.8
    endloop
  endfacet
  facet normal 0 0 -1
    outer loop
      vertex 82.38 -43.8283 9.8
      vertex 83.4272 -34.8963 9.8
      vertex 82.5444 -43.6444 9.8
    endloop
  endfacet
  facet normal 0 0 -1
    outer loop
      vertex 82.2372 -44.0295 9.8
      vertex 83.4272 -34.8963 9.8
      vertex 82.38 -43.8283 9.8
    endloop
  endfacet
  facet normal -0 0 -1
    outer loop
      vertex 83.4272 -34.8963 9.8
      vertex 82.2372 -44.0295 9.8
      vertex 82.4187 -32.4616 9.8
    endloop
  endfacet
  facet normal 0 0 -1
    outer loop
      vertex 82.1179 -44.2455 9.8
      vertex 82.4187 -32.4616 9.8
      vertex 82.2372 -44.0295 9.8
    endloop
  endfacet
  facet normal 0 0 -1
    outer loop
      vertex 82.0235 -44.4734 9.8
      vertex 82.4187 -32.4616 9.8
      vertex 82.1179 -44.2455 9.8
    endloop
  endfacet
  facet normal 0 0 -1
    outer loop
      vertex 81.6892 -29.9292 9.8
      vertex 82.0235 -44.4734 9.8
      vertex 81.9552 -44.7105 9.8
    endloop
  endfacet
  facet normal 0 0 -1
    outer loop
      vertex 81.6892 -29.9292 9.8
      vertex 81.9552 -44.7105 9.8
      vertex 81.9138 -44.9537 9.8
    endloop
  endfacet
  facet normal 0 0 -1
    outer loop
      vertex 74.6 -47.2 9.8
      vertex 81.9138 -44.9537 9.8
      vertex 81.9 -45.2 9.8
    endloop
  endfacet
  facet normal 0 0 -1
    outer loop
      vertex 82.0235 -44.4734 9.8
      vertex 81.6892 -29.9292 9.8
      vertex 82.4187 -32.4616 9.8
    endloop
  endfacet
  facet normal 0 0 -1
    outer loop
      vertex 89.948 -6.32696 9.8
      vertex 86.2862 -4.44632 9.8
      vertex 86.3 -4.2 9.8
    endloop
  endfacet
  facet normal 0 0 -1
    outer loop
      vertex 89.948 -6.32696 9.8
      vertex 86.2448 -4.68955 9.8
      vertex 86.2862 -4.44632 9.8
    endloop
  endfacet
  facet normal 0 0 -1
    outer loop
      vertex 85.0545 -6.18213 9.8
      vertex 87.983 -8.08299 9.8
      vertex 86.227 -10.048 9.8
    endloop
  endfacet
  facet normal 0 0 -1
    outer loop
      vertex 89.948 -6.32696 9.8
      vertex 86.1765 -4.92661 9.8
      vertex 86.2448 -4.68955 9.8
    endloop
  endfacet
  facet normal 0 0 -1
    outer loop
      vertex 89.948 -6.32696 9.8
      vertex 86.0821 -5.15454 9.8
      vertex 86.1765 -4.92661 9.8
    endloop
  endfacet
  facet normal 0 0 -1
    outer loop
      vertex 87.983 -8.08299 9.8
      vertex 85.9628 -5.37047 9.8
      vertex 86.0821 -5.15454 9.8
    endloop
  endfacet
  facet normal 0 0 -1
    outer loop
      vertex 87.983 -8.08299 9.8
      vertex 85.82 -5.57168 9.8
      vertex 85.9628 -5.37047 9.8
    endloop
  endfacet
  facet normal 0 0 -1
    outer loop
      vertex 87.983 -8.08299 9.8
      vertex 85.6556 -5.75563 9.8
      vertex 85.82 -5.57168 9.8
    endloop
  endfacet
  facet normal 0 0 -1
    outer loop
      vertex 87.983 -8.08299 9.8
      vertex 85.4717 -5.92003 9.8
      vertex 85.6556 -5.75563 9.8
    endloop
  endfacet
  facet normal 0 0 -1
    outer loop
      vertex 87.983 -8.08299 9.8
      vertex 85.2705 -6.06279 9.8
      vertex 85.4717 -5.92003 9.8
    endloop
  endfacet
  facet normal 0 0 -1
    outer loop
      vertex 87.983 -8.08299 9.8
      vertex 85.0545 -6.18213 9.8
      vertex 85.2705 -6.06279 9.8
    endloop
  endfacet
  facet normal 0 0 -1
    outer loop
      vertex 86.227 -10.048 9.8
      vertex 84.8266 -6.27654 9.8
      vertex 85.0545 -6.18213 9.8
    endloop
  endfacet
  facet normal 0 0 -1
    outer loop
      vertex 83.6105 -6.34484 9.8
      vertex 86.227 -10.048 9.8
      vertex 84.702 -12.1972 9.8
    endloop
  endfacet
  facet normal 0 0 -1
    outer loop
      vertex 86.227 -10.048 9.8
      vertex 84.5895 -6.34484 9.8
      vertex 84.8266 -6.27654 9.8
    endloop
  endfacet
  facet normal 0 0 -1
    outer loop
      vertex 86.227 -10.048 9.8
      vertex 84.3463 -6.38617 9.8
      vertex 84.5895 -6.34484 9.8
    endloop
  endfacet
  facet normal 0 0 -1
    outer loop
      vertex 86.227 -10.048 9.8
      vertex 84.1 -6.4 9.8
      vertex 84.3463 -6.38617 9.8
    endloop
  endfacet
  facet normal 0 0 -1
    outer loop
      vertex 86.227 -10.048 9.8
      vertex 83.8537 -6.38617 9.8
      vertex 84.1 -6.4 9.8
    endloop
  endfacet
  facet normal 0 0 -1
    outer loop
      vertex 86.227 -10.048 9.8
      vertex 83.6105 -6.34484 9.8
      vertex 83.8537 -6.38617 9.8
    endloop
  endfacet
  facet normal 0 0 -1
    outer loop
      vertex 82.7283 -5.92003 9.8
      vertex 84.702 -12.1972 9.8
      vertex 83.4272 -14.5037 9.8
    endloop
  endfacet
  facet normal 0 0 -1
    outer loop
      vertex 84.702 -12.1972 9.8
      vertex 83.3734 -6.27654 9.8
      vertex 83.6105 -6.34484 9.8
    endloop
  endfacet
  facet normal 0 0 -1
    outer loop
      vertex 84.702 -12.1972 9.8
      vertex 83.1455 -6.18213 9.8
      vertex 83.3734 -6.27654 9.8
    endloop
  endfacet
  facet normal 0 0 -1
    outer loop
      vertex 84.702 -12.1972 9.8
      vertex 82.9295 -6.06279 9.8
      vertex 83.1455 -6.18213 9.8
    endloop
  endfacet
  facet normal 0 0 -1
    outer loop
      vertex 84.702 -12.1972 9.8
      vertex 82.7283 -5.92003 9.8
      vertex 82.9295 -6.06279 9.8
    endloop
  endfacet
  facet normal 0 0 -1
    outer loop
      vertex 83.4272 -14.5037 9.8
      vertex 82.5444 -5.75563 9.8
      vertex 82.7283 -5.92003 9.8
    endloop
  endfacet
  facet normal 0 0 -1
    outer loop
      vertex 74.6 -2.2 9.8
      vertex 83.4272 -14.5037 9.8
      vertex 82.4187 -16.9384 9.8
    endloop
  endfacet
  facet normal 0 0 -1
    outer loop
      vertex 83.4272 -14.5037 9.8
      vertex 82.38 -5.57168 9.8
      vertex 82.5444 -5.75563 9.8
    endloop
  endfacet
  facet normal 0 0 -1
    outer loop
      vertex 83.4272 -14.5037 9.8
      vertex 74.6 -2.2 9.8
      vertex 82.38 -5.57168 9.8
    endloop
  endfacet
  facet normal 0 0 -1
    outer loop
      vertex 82.38 -5.57168 9.8
      vertex 74.6 -2.2 9.8
      vertex 82.2372 -5.37047 9.8
    endloop
  endfacet
  facet normal 0 0 -1
    outer loop
      vertex 82.2372 -5.37047 9.8
      vertex 74.6 -2.2 9.8
      vertex 82.1179 -5.15454 9.8
    endloop
  endfacet
  facet normal 0 0 -1
    outer loop
      vertex 82.1179 -5.15454 9.8
      vertex 74.6 -2.2 9.8
      vertex 82.0235 -4.92661 9.8
    endloop
  endfacet
  facet normal 0 0 -1
    outer loop
      vertex 82.0235 -4.92661 9.8
      vertex 74.6 -2.2 9.8
      vertex 81.9552 -4.68955 9.8
    endloop
  endfacet
  facet normal 0 0 -1
    outer loop
      vertex 81.9552 -4.68955 9.8
      vertex 74.6 -2.2 9.8
      vertex 81.9138 -4.44632 9.8
    endloop
  endfacet
  facet normal 0 0 -1
    outer loop
      vertex 74.6 -2.2 9.8
      vertex 82.4187 -16.9384 9.8
      vertex 81.6892 -19.4708 9.8
    endloop
  endfacet
  facet normal 0 0 -1
    outer loop
      vertex 86.0821 -5.15454 9.8
      vertex 89.948 -6.32696 9.8
      vertex 87.983 -8.08299 9.8
    endloop
  endfacet
  facet normal 0 0 -1
    outer loop
      vertex 86.2862 -3.95368 9.8
      vertex 89.948 -6.32696 9.8
      vertex 86.3 -4.2 9.8
    endloop
  endfacet
  facet normal 0 0 -1
    outer loop
      vertex 86.2448 -3.71045 9.8
      vertex 89.948 -6.32696 9.8
      vertex 86.2862 -3.95368 9.8
    endloop
  endfacet
  facet normal 0 0 -1
    outer loop
      vertex 89.948 -6.32696 9.8
      vertex 86.2448 -3.71045 9.8
      vertex 92.0972 -4.80198 9.8
    endloop
  endfacet
  facet normal 0 0 -1
    outer loop
      vertex 86.1765 -3.47339 9.8
      vertex 92.0972 -4.80198 9.8
      vertex 86.2448 -3.71045 9.8
    endloop
  endfacet
  facet normal 0 0 -1
    outer loop
      vertex 86.0821 -3.24546 9.8
      vertex 92.0972 -4.80198 9.8
      vertex 86.1765 -3.47339 9.8
    endloop
  endfacet
  facet normal 0 0 -1
    outer loop
      vertex 85.9628 -3.02953 9.8
      vertex 92.0972 -4.80198 9.8
      vertex 86.0821 -3.24546 9.8
    endloop
  endfacet
  facet normal 0 0 -1
    outer loop
      vertex 85.82 -2.82832 9.8
      vertex 92.0972 -4.80198 9.8
      vertex 85.9628 -3.02953 9.8
    endloop
  endfacet
  facet normal 0 0 -1
    outer loop
      vertex 92.0972 -4.80198 9.8
      vertex 85.82 -2.82832 9.8
      vertex 94.4037 -3.52723 9.8
    endloop
  endfacet
  facet normal 0 0 -1
    outer loop
      vertex 85.6556 -2.64436 9.8
      vertex 94.4037 -3.52723 9.8
      vertex 85.82 -2.82832 9.8
    endloop
  endfacet
  facet normal 0 0 -1
    outer loop
      vertex 85.4717 -2.47997 9.8
      vertex 94.4037 -3.52723 9.8
      vertex 85.6556 -2.64436 9.8
    endloop
  endfacet
  facet normal 0 0 -1
    outer loop
      vertex 85.2705 -2.33721 9.8
      vertex 94.4037 -3.52723 9.8
      vertex 85.4717 -2.47997 9.8
    endloop
  endfacet
  facet normal 0 0 -1
    outer loop
      vertex 94.4037 -3.52723 9.8
      vertex 85.2705 -2.33721 9.8
      vertex 96.8384 -2.51874 9.8
    endloop
  endfacet
  facet normal 0 0 -1
    outer loop
      vertex 85.0545 -2.21787 9.8
      vertex 96.8384 -2.51874 9.8
      vertex 85.2705 -2.33721 9.8
    endloop
  endfacet
  facet normal 0 0 -1
    outer loop
      vertex 85.0114 -2.2 9.8
      vertex 96.8384 -2.51874 9.8
      vertex 85.0545 -2.21787 9.8
    endloop
  endfacet
  facet normal 0 0 -1
    outer loop
      vertex 96.8384 -2.51874 9.8
      vertex 85.0114 -2.2 9.8
      vertex 97.9448 -2.2 9.8
    endloop
  endfacet
  facet normal 0 0 -1
    outer loop
      vertex 74.6 -2.2 9.8
      vertex 81.6892 -19.4708 9.8
      vertex 81.2478 -22.0688 9.8
    endloop
  endfacet
  facet normal 0 0 -1
    outer loop
      vertex 74.6 -2.2 9.8
      vertex 81.2478 -22.0688 9.8
      vertex 81.1 -24.7 9.8
    endloop
  endfacet
  facet normal 0 0 -1
    outer loop
      vertex 74.6 -2.2 9.8
      vertex 81.1 -24.7 9.8
      vertex 74.6 -47.2 9.8
    endloop
  endfacet
  facet normal 0 0 -1
    outer loop
      vertex 81.9138 -4.44632 9.8
      vertex 74.6 -2.2 9.8
      vertex 81.9 -4.2 9.8
    endloop
  endfacet
  facet normal 0 0 -1
    outer loop
      vertex 83.1455 -2.21787 9.8
      vertex 74.6 -2.2 9.8
      vertex 83.1886 -2.2 9.8
    endloop
  endfacet
  facet normal 0 0 -1
    outer loop
      vertex 82.9295 -2.33721 9.8
      vertex 74.6 -2.2 9.8
      vertex 83.1455 -2.21787 9.8
    endloop
  endfacet
  facet normal 0 0 -1
    outer loop
      vertex 82.7283 -2.47997 9.8
      vertex 74.6 -2.2 9.8
      vertex 82.9295 -2.33721 9.8
    endloop
  endfacet
  facet normal 0 0 -1
    outer loop
      vertex 82.5444 -2.64436 9.8
      vertex 74.6 -2.2 9.8
      vertex 82.7283 -2.47997 9.8
    endloop
  endfacet
  facet normal 0 0 -1
    outer loop
      vertex 82.38 -2.82832 9.8
      vertex 74.6 -2.2 9.8
      vertex 82.5444 -2.64436 9.8
    endloop
  endfacet
  facet normal 0 0 -1
    outer loop
      vertex 82.2372 -3.02953 9.8
      vertex 74.6 -2.2 9.8
      vertex 82.38 -2.82832 9.8
    endloop
  endfacet
  facet normal 0 0 -1
    outer loop
      vertex 82.1179 -3.24546 9.8
      vertex 74.6 -2.2 9.8
      vertex 82.2372 -3.02953 9.8
    endloop
  endfacet
  facet normal 0 0 -1
    outer loop
      vertex 82.0235 -3.47339 9.8
      vertex 74.6 -2.2 9.8
      vertex 82.1179 -3.24546 9.8
    endloop
  endfacet
  facet normal 0 0 -1
    outer loop
      vertex 81.9552 -3.71045 9.8
      vertex 74.6 -2.2 9.8
      vertex 82.0235 -3.47339 9.8
    endloop
  endfacet
  facet normal 0 0 -1
    outer loop
      vertex 81.9138 -3.95368 9.8
      vertex 74.6 -2.2 9.8
      vertex 81.9552 -3.71045 9.8
    endloop
  endfacet
  facet normal 0 0 -1
    outer loop
      vertex 81.9 -4.2 9.8
      vertex 74.6 -2.2 9.8
      vertex 81.9138 -3.95368 9.8
    endloop
  endfacet
  facet normal 1 0 0
    outer loop
      vertex 74.6 -6.2 1.8
      vertex 74.6 -2.2 9.8
      vertex 74.6 -6.2 7.8
    endloop
  endfacet
  facet normal 1 0 0
    outer loop
      vertex 74.6 -2.2 9.8
      vertex 74.6 -15.2 7.8
      vertex 74.6 -6.2 7.8
    endloop
  endfacet
  facet normal 1 0 0
    outer loop
      vertex 74.6 -15.2 7.8
      vertex 74.6 -19.2 7.8
      vertex 74.6 -15.2 1.8
    endloop
  endfacet
  facet normal 1 0 0
    outer loop
      vertex 74.6 -2.2 9.8
      vertex 74.6 -19.2 7.8
      vertex 74.6 -15.2 7.8
    endloop
  endfacet
  facet normal 1 0 0
    outer loop
      vertex 74.6 -2.2 9.8
      vertex 74.6 -28.2 7.8
      vertex 74.6 -19.2 7.8
    endloop
  endfacet
  facet normal 1 0 0
    outer loop
      vertex 74.6 -28.2 7.8
      vertex 74.6 -32.2 7.8
      vertex 74.6 -28.2 1.8
    endloop
  endfacet
  facet normal 1 -0 0
    outer loop
      vertex 74.6 -47.2 9.8
      vertex 74.6 -28.2 7.8
      vertex 74.6 -2.2 9.8
    endloop
  endfacet
  facet normal 1 0 0
    outer loop
      vertex 74.6 -28.2 7.8
      vertex 74.6 -47.2 9.8
      vertex 74.6 -32.2 7.8
    endloop
  endfacet
  facet normal 1 0 0
    outer loop
      vertex 74.6 -41.2 7.8
      vertex 74.6 -47.2 9.8
      vertex 74.6 -41.2 1.8
    endloop
  endfacet
  facet normal 1 0 0
    outer loop
      vertex 74.6 -32.2 7.8
      vertex 74.6 -47.2 9.8
      vertex 74.6 -41.2 7.8
    endloop
  endfacet
  facet normal 1 0 0
    outer loop
      vertex 74.6 -2.2 9.8
      vertex 74.6 -6.2 1.8
      vertex 74.6 -2.2 -2.2
    endloop
  endfacet
  facet normal 1 -0 0
    outer loop
      vertex 74.6 -15.2 1.8
      vertex 74.6 -2.2 -2.2
      vertex 74.6 -6.2 1.8
    endloop
  endfacet
  facet normal 1 0 0
    outer loop
      vertex 74.6 -19.2 1.8
      vertex 74.6 -15.2 1.8
      vertex 74.6 -19.2 7.8
    endloop
  endfacet
  facet normal 1 -0 0
    outer loop
      vertex 74.6 -19.2 1.8
      vertex 74.6 -2.2 -2.2
      vertex 74.6 -15.2 1.8
    endloop
  endfacet
  facet normal 1 -0 0
    outer loop
      vertex 74.6 -28.2 1.8
      vertex 74.6 -2.2 -2.2
      vertex 74.6 -19.2 1.8
    endloop
  endfacet
  facet normal 1 0 0
    outer loop
      vertex 74.6 -32.2 1.8
      vertex 74.6 -28.2 1.8
      vertex 74.6 -32.2 7.8
    endloop
  endfacet
  facet normal 1 0 0
    outer loop
      vertex 74.6 -47.2 -2.2
      vertex 74.6 -28.2 1.8
      vertex 74.6 -32.2 1.8
    endloop
  endfacet
  facet normal 1 0 0
    outer loop
      vertex 74.6 -47.2 -2.2
      vertex 74.6 -32.2 1.8
      vertex 74.6 -41.2 1.8
    endloop
  endfacet
  facet normal 1 0 0
    outer loop
      vertex 74.6 -28.2 1.8
      vertex 74.6 -47.2 -2.2
      vertex 74.6 -2.2 -2.2
    endloop
  endfacet
  facet normal 1 0 0
    outer loop
      vertex 74.6 -47.2 -2.2
      vertex 74.6 -41.2 1.8
      vertex 74.6 -47.2 9.8
    endloop
  endfacet
  facet normal 0 1 -0
    outer loop
      vertex 94.6 -47.2 1.8
      vertex 88.6 -47.2 7.8
      vertex 94.6 -47.2 7.8
    endloop
  endfacet
  facet normal 0 1 0
    outer loop
      vertex 88.6 -47.2 7.8
      vertex 94.6 -47.2 1.8
      vertex 88.6 -47.2 1.8
    endloop
  endfacet
  facet normal 0 1 -0
    outer loop
      vertex 110.6 -47.2 1.8
      vertex 104.6 -47.2 7.8
      vertex 110.6 -47.2 7.8
    endloop
  endfacet
  facet normal 0 1 0
    outer loop
      vertex 104.6 -47.2 7.8
      vertex 110.6 -47.2 1.8
      vertex 104.6 -47.2 1.8
    endloop
  endfacet
  facet normal 0 1 0
    outer loop
      vertex 134.6 -47.2 9.8
      vertex 126.011 -47.2 9.3
      vertex 126.011 -47.2 9.8
    endloop
  endfacet
  facet normal 0 1 0
    outer loop
      vertex 120.6 -47.2 1.8
      vertex 124.189 -47.2 9.3
      vertex 126.011 -47.2 9.3
    endloop
  endfacet
  facet normal 0 1 0
    outer loop
      vertex 124.189 -47.2 9.3
      vertex 120.6 -47.2 7.8
      vertex 111.255 -47.2 9.3
    endloop
  endfacet
  facet normal 0 1 0
    outer loop
      vertex 104.6 -47.2 7.8
      vertex 111.255 -47.2 9.3
      vertex 110.6 -47.2 7.8
    endloop
  endfacet
  facet normal 0 1 0
    outer loop
      vertex 94.6 -47.2 7.8
      vertex 97.9448 -47.2 9.3
      vertex 104.6 -47.2 7.8
    endloop
  endfacet
  facet normal 0 1 0
    outer loop
      vertex 111.255 -47.2 9.3
      vertex 120.6 -47.2 7.8
      vertex 110.6 -47.2 7.8
    endloop
  endfacet
  facet normal 0 1 -0
    outer loop
      vertex 134.6 -47.2 0
      vertex 126.011 -47.2 9.3
      vertex 134.6 -47.2 9.8
    endloop
  endfacet
  facet normal -0 1 0
    outer loop
      vertex 120.6 -47.2 1.8
      vertex 126.011 -47.2 9.3
      vertex 134.6 -47.2 0
    endloop
  endfacet
  facet normal 0 1 0
    outer loop
      vertex 134.6 -47.2 0
      vertex 110.6 -47.2 1.8
      vertex 120.6 -47.2 1.8
    endloop
  endfacet
  facet normal 0 1 0
    outer loop
      vertex 110.6 -47.2 1.8
      vertex 134.6 -47.2 0
      vertex 104.6 -47.2 1.8
    endloop
  endfacet
  facet normal 0 1 0
    outer loop
      vertex 74.6 -47.2 0
      vertex 104.6 -47.2 1.8
      vertex 134.6 -47.2 0
    endloop
  endfacet
  facet normal 0 1 0
    outer loop
      vertex 94.6 -47.2 1.8
      vertex 74.6 -47.2 0
      vertex 88.6 -47.2 1.8
    endloop
  endfacet
  facet normal 0 1 0
    outer loop
      vertex 104.6 -47.2 1.8
      vertex 74.6 -47.2 0
      vertex 94.6 -47.2 1.8
    endloop
  endfacet
  facet normal 0 1 0
    outer loop
      vertex 124.189 -47.2 9.3
      vertex 120.6 -47.2 1.8
      vertex 120.6 -47.2 7.8
    endloop
  endfacet
  facet normal 0 1 -0
    outer loop
      vertex 124.189 -47.2 9.3
      vertex 111.255 -47.2 9.8
      vertex 124.189 -47.2 9.8
    endloop
  endfacet
  facet normal 0 1 0
    outer loop
      vertex 111.255 -47.2 9.8
      vertex 124.189 -47.2 9.3
      vertex 111.255 -47.2 9.3
    endloop
  endfacet
  facet normal 0 1 -0
    outer loop
      vertex 97.9448 -47.2 9.3
      vertex 85.0114 -47.2 9.8
      vertex 97.9448 -47.2 9.8
    endloop
  endfacet
  facet normal 0 1 0
    outer loop
      vertex 85.0114 -47.2 9.8
      vertex 97.9448 -47.2 9.3
      vertex 85.0114 -47.2 9.3
    endloop
  endfacet
  facet normal 0 1 0
    outer loop
      vertex 78.6 -47.2 7.8
      vertex 83.1886 -47.2 9.8
      vertex 83.1886 -47.2 9.3
    endloop
  endfacet
  facet normal 0 1 0
    outer loop
      vertex 111.255 -47.2 9.3
      vertex 104.6 -47.2 7.8
      vertex 97.9448 -47.2 9.3
    endloop
  endfacet
  facet normal 0 1 0
    outer loop
      vertex 88.6 -47.2 7.8
      vertex 97.9448 -47.2 9.3
      vertex 94.6 -47.2 7.8
    endloop
  endfacet
  facet normal 0 1 0
    outer loop
      vertex 97.9448 -47.2 9.3
      vertex 88.6 -47.2 7.8
      vertex 85.0114 -47.2 9.3
    endloop
  endfacet
  facet normal 0 1 0
    outer loop
      vertex 85.0114 -47.2 9.3
      vertex 88.6 -47.2 7.8
      vertex 83.1886 -47.2 9.3
    endloop
  endfacet
  facet normal 0 1 0
    outer loop
      vertex 78.6 -47.2 7.8
      vertex 83.1886 -47.2 9.3
      vertex 88.6 -47.2 7.8
    endloop
  endfacet
  facet normal 0 1 0
    outer loop
      vertex 83.1886 -47.2 9.8
      vertex 78.6 -47.2 7.8
      vertex 74.6 -47.2 9.8
    endloop
  endfacet
  facet normal 0 1 0
    outer loop
      vertex 74.6 -47.2 0
      vertex 78.6 -47.2 7.8
      vertex 78.6 -47.2 1.8
    endloop
  endfacet
  facet normal 0 1 0
    outer loop
      vertex 78.6 -47.2 7.8
      vertex 74.6 -47.2 0
      vertex 74.6 -47.2 9.8
    endloop
  endfacet
  facet normal 0 1 0
    outer loop
      vertex 88.6 -47.2 1.8
      vertex 74.6 -47.2 0
      vertex 78.6 -47.2 1.8
    endloop
  endfacet
  facet normal 0 0 0
    outer loop
      vertex 74.6 -47.2 9.8
      vertex 74.6 -47.2 0
      vertex 74.6 -47.2 -2.2
    endloop
  endfacet
  facet normal 0 -1 0
    outer loop
      vertex 104.6 -2.2 1.8
      vertex 110.6 -2.2 7.8
      vertex 104.6 -2.2 7.8
    endloop
  endfacet
  facet normal 0 -1 -0
    outer loop
      vertex 110.6 -2.2 7.8
      vertex 104.6 -2.2 1.8
      vertex 110.6 -2.2 1.8
    endloop
  endfacet
  facet normal 0 -1 0
    outer loop
      vertex 88.6 -2.2 1.8
      vertex 94.6 -2.2 7.8
      vertex 88.6 -2.2 7.8
    endloop
  endfacet
  facet normal 0 -1 -0
    outer loop
      vertex 94.6 -2.2 7.8
      vertex 88.6 -2.2 1.8
      vertex 94.6 -2.2 1.8
    endloop
  endfacet
  facet normal 0 -1 0
    outer loop
      vertex 78.6 -2.2 7.8
      vertex 83.1886 -2.2 9.8
      vertex 74.6 -2.2 9.8
    endloop
  endfacet
  facet normal 0 -1 0
    outer loop
      vertex 88.6 -2.2 7.8
      vertex 85.0114 -2.2 9.3
      vertex 83.1886 -2.2 9.3
    endloop
  endfacet
  facet normal 0 -1 0
    outer loop
      vertex 85.0114 -2.2 9.3
      vertex 88.6 -2.2 7.8
      vertex 97.9448 -2.2 9.3
    endloop
  endfacet
  facet normal 0 -1 0
    outer loop
      vertex 104.6 -2.2 7.8
      vertex 97.9448 -2.2 9.3
      vertex 94.6 -2.2 7.8
    endloop
  endfacet
  facet normal 0 -1 0
    outer loop
      vertex 110.6 -2.2 7.8
      vertex 111.255 -2.2 9.3
      vertex 104.6 -2.2 7.8
    endloop
  endfacet
  facet normal 0 -1 0
    outer loop
      vertex 88.6 -2.2 7.8
      vertex 83.1886 -2.2 9.3
      vertex 78.6 -2.2 7.8
    endloop
  endfacet
  facet normal 0 -1 -0
    outer loop
      vertex 83.1886 -2.2 9.8
      vertex 78.6 -2.2 7.8
      vertex 83.1886 -2.2 9.3
    endloop
  endfacet
  facet normal 0 -1 0
    outer loop
      vertex 74.6 -2.2 9.8
      vertex 78.6 -2.2 1.8
      vertex 78.6 -2.2 7.8
    endloop
  endfacet
  facet normal 0 -1 0
    outer loop
      vertex 74.6 -2.2 -2.2
      vertex 88.6 -2.2 1.8
      vertex 78.6 -2.2 1.8
    endloop
  endfacet
  facet normal 0 -1 -0
    outer loop
      vertex 88.6 -2.2 1.8
      vertex 74.6 -2.2 -2.2
      vertex 94.6 -2.2 1.8
    endloop
  endfacet
  facet normal 0 -1 -0
    outer loop
      vertex 94.6 -2.2 1.8
      vertex 74.6 -2.2 -2.2
      vertex 104.6 -2.2 1.8
    endloop
  endfacet
  facet normal 0 -1 0
    outer loop
      vertex 134.6 -2.2 -2.2
      vertex 104.6 -2.2 1.8
      vertex 74.6 -2.2 -2.2
    endloop
  endfacet
  facet normal 0 -1 0
    outer loop
      vertex 104.6 -2.2 1.8
      vertex 134.6 -2.2 -2.2
      vertex 110.6 -2.2 1.8
    endloop
  endfacet
  facet normal 0 -1 0
    outer loop
      vertex 74.6 -2.2 -2.2
      vertex 78.6 -2.2 1.8
      vertex 74.6 -2.2 9.8
    endloop
  endfacet
  facet normal 0 -1 0
    outer loop
      vertex 85.0114 -2.2 9.3
      vertex 97.9448 -2.2 9.8
      vertex 85.0114 -2.2 9.8
    endloop
  endfacet
  facet normal 0 -1 -0
    outer loop
      vertex 97.9448 -2.2 9.8
      vertex 85.0114 -2.2 9.3
      vertex 97.9448 -2.2 9.3
    endloop
  endfacet
  facet normal 0 -1 0
    outer loop
      vertex 111.255 -2.2 9.3
      vertex 124.189 -2.2 9.8
      vertex 111.255 -2.2 9.8
    endloop
  endfacet
  facet normal 0 -1 -0
    outer loop
      vertex 124.189 -2.2 9.8
      vertex 111.255 -2.2 9.3
      vertex 124.189 -2.2 9.3
    endloop
  endfacet
  facet normal 0 -1 0
    outer loop
      vertex 126.011 -2.2 9.3
      vertex 134.6 -2.2 9.8
      vertex 126.011 -2.2 9.8
    endloop
  endfacet
  facet normal 0 -1 0
    outer loop
      vertex 97.9448 -2.2 9.3
      vertex 88.6 -2.2 7.8
      vertex 94.6 -2.2 7.8
    endloop
  endfacet
  facet normal 0 -1 0
    outer loop
      vertex 97.9448 -2.2 9.3
      vertex 104.6 -2.2 7.8
      vertex 111.255 -2.2 9.3
    endloop
  endfacet
  facet normal 0 -1 0
    outer loop
      vertex 120.6 -2.2 7.8
      vertex 111.255 -2.2 9.3
      vertex 110.6 -2.2 7.8
    endloop
  endfacet
  facet normal 0 -1 0
    outer loop
      vertex 111.255 -2.2 9.3
      vertex 120.6 -2.2 7.8
      vertex 124.189 -2.2 9.3
    endloop
  endfacet
  facet normal 0 -1 0
    outer loop
      vertex 120.6 -2.2 1.8
      vertex 124.189 -2.2 9.3
      vertex 120.6 -2.2 7.8
    endloop
  endfacet
  facet normal 0 -1 -0
    outer loop
      vertex 124.189 -2.2 9.3
      vertex 120.6 -2.2 1.8
      vertex 126.011 -2.2 9.3
    endloop
  endfacet
  facet normal 0 -1 0
    outer loop
      vertex 134.6 -2.2 -2.2
      vertex 126.011 -2.2 9.3
      vertex 120.6 -2.2 1.8
    endloop
  endfacet
  facet normal 0 -1 0
    outer loop
      vertex 126.011 -2.2 9.3
      vertex 134.6 -2.2 -2.2
      vertex 134.6 -2.2 9.8
    endloop
  endfacet
  facet normal 0 -1 0
    outer loop
      vertex 110.6 -2.2 1.8
      vertex 134.6 -2.2 -2.2
      vertex 120.6 -2.2 1.8
    endloop
  endfacet
  facet normal 0.167487 0.985874 -0
    outer loop
      vertex 101.969 -48.0522 9.3
      vertex 99.3708 -47.6108 12
      vertex 101.969 -48.0522 12
    endloop
  endfacet
  facet normal 0.167487 0.985874 0
    outer loop
      vertex 99.3708 -47.6108 12
      vertex 101.969 -48.0522 9.3
      vertex 99.3708 -47.6108 9.3
    endloop
  endfacet
  facet normal -0.985897 0.167352 8.57452e-18
    outer loop
      vertex 127.511 -29.9292 9.8
      vertex 127.952 -27.3312 12
      vertex 127.952 -27.3312 9.8
    endloop
  endfacet
  facet normal -0.985897 0.167352 8.57452e-18
    outer loop
      vertex 127.952 -27.3312 12
      vertex 127.511 -29.9292 9.8
      vertex 127.511 -29.9292 12
    endloop
  endfacet
  facet normal -0.998422 0.0561593 -3.82712e-18
    outer loop
      vertex 127.952 -27.3312 9.8
      vertex 128.1 -24.7 12
      vertex 128.1 -24.7 9.8
    endloop
  endfacet
  facet normal -0.998422 0.0561593 -3.82712e-18
    outer loop
      vertex 128.1 -24.7 12
      vertex 127.952 -27.3312 9.8
      vertex 127.952 -27.3312 12
    endloop
  endfacet
  facet normal -0.960874 0.276986 -6.62488e-18
    outer loop
      vertex 126.781 -32.4616 9.8
      vertex 127.511 -29.9292 12
      vertex 127.511 -29.9292 9.8
    endloop
  endfacet
  facet normal -0.960874 0.276986 -6.62488e-18
    outer loop
      vertex 127.511 -29.9292 12
      vertex 126.781 -32.4616 9.8
      vertex 126.781 -32.4616 12
    endloop
  endfacet
  facet normal -0.1675 0.985872 0
    outer loop
      vertex 109.829 -47.6108 9.3
      vertex 107.231 -48.0522 12
      vertex 109.829 -47.6108 12
    endloop
  endfacet
  facet normal -0.1675 0.985872 0
    outer loop
      vertex 107.231 -48.0522 12
      vertex 109.829 -47.6108 9.3
      vertex 107.231 -48.0522 9.3
    endloop
  endfacet
  facet normal 0.578687 0.81555 -0
    outer loop
      vertex 92.0972 -44.598 9.8
      vertex 89.948 -43.073 12
      vertex 92.0972 -44.598 12
    endloop
  endfacet
  facet normal 0.578687 0.81555 0
    outer loop
      vertex 89.948 -43.073 12
      vertex 92.0972 -44.598 9.8
      vertex 89.948 -43.073 9.8
    endloop
  endfacet
  facet normal 0.66634 0.745648 -0
    outer loop
      vertex 89.948 -43.073 9.8
      vertex 87.983 -41.317 12
      vertex 89.948 -43.073 12
    endloop
  endfacet
  facet normal 0.66634 0.745648 0
    outer loop
      vertex 87.983 -41.317 12
      vertex 89.948 -43.073 9.8
      vertex 87.983 -41.317 9.8
    endloop
  endfacet
  facet normal -0.74565 -0.666338 8.11287e-18
    outer loop
      vertex 122.973 -10.048 9.8
      vertex 121.217 -8.08299 12
      vertex 121.217 -8.08299 9.8
    endloop
  endfacet
  facet normal -0.74565 -0.666338 8.11287e-18
    outer loop
      vertex 121.217 -8.08299 12
      vertex 122.973 -10.048 9.8
      vertex 122.973 -10.048 12
    endloop
  endfacet
  facet normal 0.81555 0.578687 3.75517e-17
    outer loop
      vertex 86.227 -39.352 12
      vertex 84.702 -37.2028 9.8
      vertex 84.702 -37.2028 12
    endloop
  endfacet
  facet normal 0.81555 0.578687 3.75517e-17
    outer loop
      vertex 84.702 -37.2028 9.8
      vertex 86.227 -39.352 12
      vertex 86.227 -39.352 9.8
    endloop
  endfacet
  facet normal 0.875217 -0.483731 -2.79346e-17
    outer loop
      vertex 83.4272 -14.5037 12
      vertex 84.702 -12.1972 9.8
      vertex 84.702 -12.1972 12
    endloop
  endfacet
  facet normal 0.875217 -0.483731 -2.79346e-17
    outer loop
      vertex 84.702 -12.1972 9.8
      vertex 83.4272 -14.5037 12
      vertex 83.4272 -14.5037 9.8
    endloop
  endfacet
  facet normal -0.998422 -0.0561593 3.82712e-18
    outer loop
      vertex 128.1 -24.7 9.8
      vertex 127.952 -22.0688 12
      vertex 127.952 -22.0688 9.8
    endloop
  endfacet
  facet normal -0.998422 -0.0561593 3.82712e-18
    outer loop
      vertex 127.952 -22.0688 12
      vertex 128.1 -24.7 9.8
      vertex 128.1 -24.7 12
    endloop
  endfacet
  facet normal -0.923945 -0.382526 -3.14346e-17
    outer loop
      vertex 126.781 -16.9384 9.8
      vertex 125.773 -14.5037 12
      vertex 125.773 -14.5037 9.8
    endloop
  endfacet
  facet normal -0.923945 -0.382526 -3.14346e-17
    outer loop
      vertex 125.773 -14.5037 12
      vertex 126.781 -16.9384 9.8
      vertex 126.781 -16.9384 12
    endloop
  endfacet
  facet normal 0.875217 0.483731 -2.45894e-18
    outer loop
      vertex 84.702 -37.2028 12
      vertex 83.4272 -34.8963 9.8
      vertex 83.4272 -34.8963 12
    endloop
  endfacet
  facet normal 0.875217 0.483731 -2.45894e-18
    outer loop
      vertex 83.4272 -34.8963 9.8
      vertex 84.702 -37.2028 12
      vertex 84.702 -37.2028 9.8
    endloop
  endfacet
  facet normal 0.483717 -0.875225 0
    outer loop
      vertex 92.0972 -4.80198 9.8
      vertex 94.4037 -3.52723 12
      vertex 92.0972 -4.80198 12
    endloop
  endfacet
  facet normal 0.483717 -0.875225 0
    outer loop
      vertex 94.4037 -3.52723 12
      vertex 92.0972 -4.80198 9.8
      vertex 94.4037 -3.52723 9.8
    endloop
  endfacet
  facet normal 0.167498 -0.985872 0
    outer loop
      vertex 99.3708 -1.78919 9.3
      vertex 101.969 -1.34776 12
      vertex 99.3708 -1.78919 12
    endloop
  endfacet
  facet normal 0.167498 -0.985872 0
    outer loop
      vertex 101.969 -1.34776 12
      vertex 99.3708 -1.78919 9.3
      vertex 101.969 -1.34776 9.3
    endloop
  endfacet
  facet normal -0.81555 0.578687 -3.75517e-17
    outer loop
      vertex 122.973 -39.352 9.8
      vertex 124.498 -37.2028 12
      vertex 124.498 -37.2028 9.8
    endloop
  endfacet
  facet normal -0.81555 0.578687 -3.75517e-17
    outer loop
      vertex 124.498 -37.2028 12
      vertex 122.973 -39.352 9.8
      vertex 122.973 -39.352 12
    endloop
  endfacet
  facet normal 0.74565 -0.666338 -8.11287e-18
    outer loop
      vertex 86.227 -10.048 12
      vertex 87.983 -8.08299 9.8
      vertex 87.983 -8.08299 12
    endloop
  endfacet
  facet normal 0.74565 -0.666338 -8.11287e-18
    outer loop
      vertex 87.983 -8.08299 9.8
      vertex 86.227 -10.048 12
      vertex 86.227 -10.048 9.8
    endloop
  endfacet
  facet normal 0.483731 0.875217 -0
    outer loop
      vertex 94.4037 -45.8728 9.8
      vertex 92.0972 -44.598 12
      vertex 94.4037 -45.8728 12
    endloop
  endfacet
  facet normal 0.483731 0.875217 0
    outer loop
      vertex 92.0972 -44.598 12
      vertex 94.4037 -45.8728 9.8
      vertex 92.0972 -44.598 9.8
    endloop
  endfacet
  facet normal 0.27681 0.960925 7.40277e-06
    outer loop
      vertex 99.3708 -47.6108 12
      vertex 97.9448 -47.2 9.8
      vertex 96.8384 -46.8813 12
    endloop
  endfacet
  facet normal 0.276821 0.960922 -0
    outer loop
      vertex 99.3708 -47.6108 9.3
      vertex 97.9448 -47.2 9.8
      vertex 99.3708 -47.6108 12
    endloop
  endfacet
  facet normal 0.276821 0.960922 0
    outer loop
      vertex 97.9448 -47.2 9.8
      vertex 99.3708 -47.6108 9.3
      vertex 97.9448 -47.2 9.3
    endloop
  endfacet
  facet normal 0.276797 0.960928 0
    outer loop
      vertex 96.8384 -46.8813 12
      vertex 97.9448 -47.2 9.8
      vertex 96.8384 -46.8813 9.8
    endloop
  endfacet
  facet normal -0.382782 0.923839 0
    outer loop
      vertex 114.796 -45.8728 9.8
      vertex 112.362 -46.8813 12
      vertex 114.796 -45.8728 12
    endloop
  endfacet
  facet normal -0.382782 0.923839 0
    outer loop
      vertex 112.362 -46.8813 12
      vertex 114.796 -45.8728 9.8
      vertex 112.362 -46.8813 9.8
    endloop
  endfacet
  facet normal 0.382688 0.923878 -0
    outer loop
      vertex 96.8384 -46.8813 9.8
      vertex 94.4037 -45.8728 12
      vertex 96.8384 -46.8813 12
    endloop
  endfacet
  facet normal 0.382688 0.923878 0
    outer loop
      vertex 94.4037 -45.8728 12
      vertex 96.8384 -46.8813 9.8
      vertex 94.4037 -45.8728 9.8
    endloop
  endfacet
  facet normal 0.745648 0.66634 -9.65751e-18
    outer loop
      vertex 87.983 -41.317 12
      vertex 86.227 -39.352 9.8
      vertex 86.227 -39.352 12
    endloop
  endfacet
  facet normal 0.745648 0.66634 -9.65751e-18
    outer loop
      vertex 86.227 -39.352 9.8
      vertex 87.983 -41.317 12
      vertex 87.983 -41.317 9.8
    endloop
  endfacet
  facet normal 0.0560879 0.998426 -0
    outer loop
      vertex 104.6 -48.2 9.3
      vertex 101.969 -48.0522 12
      vertex 104.6 -48.2 12
    endloop
  endfacet
  facet normal 0.0560879 0.998426 0
    outer loop
      vertex 101.969 -48.0522 12
      vertex 104.6 -48.2 9.3
      vertex 101.969 -48.0522 9.3
    endloop
  endfacet
  facet normal -0.483651 0.875261 0
    outer loop
      vertex 117.103 -44.598 9.8
      vertex 114.796 -45.8728 12
      vertex 117.103 -44.598 12
    endloop
  endfacet
  facet normal -0.483651 0.875261 0
    outer loop
      vertex 114.796 -45.8728 12
      vertex 117.103 -44.598 9.8
      vertex 114.796 -45.8728 9.8
    endloop
  endfacet
  facet normal -0.483636 -0.875269 0
    outer loop
      vertex 114.796 -3.52723 9.8
      vertex 117.103 -4.80198 12
      vertex 114.796 -3.52723 12
    endloop
  endfacet
  facet normal -0.483636 -0.875269 -0
    outer loop
      vertex 117.103 -4.80198 12
      vertex 114.796 -3.52723 9.8
      vertex 117.103 -4.80198 9.8
    endloop
  endfacet
  facet normal -0.81555 -0.578687 6.91226e-18
    outer loop
      vertex 124.498 -12.1972 9.8
      vertex 122.973 -10.048 12
      vertex 122.973 -10.048 9.8
    endloop
  endfacet
  facet normal -0.81555 -0.578687 6.91226e-18
    outer loop
      vertex 122.973 -10.048 12
      vertex 124.498 -12.1972 9.8
      vertex 124.498 -12.1972 12
    endloop
  endfacet
  facet normal 0.985872 0.1675 9.94158e-18
    outer loop
      vertex 81.6892 -29.9292 12
      vertex 81.2478 -27.3312 9.8
      vertex 81.2478 -27.3312 12
    endloop
  endfacet
  facet normal 0.985872 0.1675 9.94158e-18
    outer loop
      vertex 81.2478 -27.3312 9.8
      vertex 81.6892 -29.9292 12
      vertex 81.6892 -29.9292 9.8
    endloop
  endfacet
  facet normal 0.0560728 -0.998427 0
    outer loop
      vertex 101.969 -1.34776 9.3
      vertex 104.6 -1.2 12
      vertex 101.969 -1.34776 12
    endloop
  endfacet
  facet normal 0.0560728 -0.998427 0
    outer loop
      vertex 104.6 -1.2 12
      vertex 101.969 -1.34776 9.3
      vertex 104.6 -1.2 9.3
    endloop
  endfacet
  facet normal -0.578723 0.815524 0
    outer loop
      vertex 119.252 -43.073 9.8
      vertex 117.103 -44.598 12
      vertex 119.252 -43.073 12
    endloop
  endfacet
  facet normal -0.578723 0.815524 0
    outer loop
      vertex 117.103 -44.598 12
      vertex 119.252 -43.073 9.8
      vertex 117.103 -44.598 9.8
    endloop
  endfacet
  facet normal -0.66634 0.745648 0
    outer loop
      vertex 121.217 -41.317 9.8
      vertex 119.252 -43.073 12
      vertex 121.217 -41.317 12
    endloop
  endfacet
  facet normal -0.66634 0.745648 0
    outer loop
      vertex 119.252 -43.073 12
      vertex 121.217 -41.317 9.8
      vertex 119.252 -43.073 9.8
    endloop
  endfacet
  facet normal -0.382779 -0.92384 0
    outer loop
      vertex 112.362 -2.51874 9.8
      vertex 114.796 -3.52723 12
      vertex 112.362 -2.51874 12
    endloop
  endfacet
  facet normal -0.382779 -0.92384 -0
    outer loop
      vertex 114.796 -3.52723 12
      vertex 112.362 -2.51874 9.8
      vertex 114.796 -3.52723 9.8
    endloop
  endfacet
  facet normal -0.0560879 0.998426 0
    outer loop
      vertex 107.231 -48.0522 9.3
      vertex 104.6 -48.2 12
      vertex 107.231 -48.0522 12
    endloop
  endfacet
  facet normal -0.0560879 0.998426 0
    outer loop
      vertex 104.6 -48.2 12
      vertex 107.231 -48.0522 9.3
      vertex 104.6 -48.2 9.3
    endloop
  endfacet
  facet normal 0.998426 -0.0560837 -2.97634e-18
    outer loop
      vertex 81.1 -24.7 12
      vertex 81.2478 -22.0688 9.8
      vertex 81.2478 -22.0688 12
    endloop
  endfacet
  facet normal 0.998426 -0.0560837 -2.97634e-18
    outer loop
      vertex 81.2478 -22.0688 9.8
      vertex 81.1 -24.7 12
      vertex 81.1 -24.7 9.8
    endloop
  endfacet
  facet normal -0.167511 -0.98587 0
    outer loop
      vertex 107.231 -1.34776 9.3
      vertex 109.829 -1.78919 12
      vertex 107.231 -1.34776 12
    endloop
  endfacet
  facet normal -0.167511 -0.98587 -0
    outer loop
      vertex 109.829 -1.78919 12
      vertex 107.231 -1.34776 9.3
      vertex 109.829 -1.78919 9.3
    endloop
  endfacet
  facet normal 0.923878 -0.382688 2.504e-17
    outer loop
      vertex 82.4187 -16.9384 12
      vertex 83.4272 -14.5037 9.8
      vertex 83.4272 -14.5037 12
    endloop
  endfacet
  facet normal 0.923878 -0.382688 2.504e-17
    outer loop
      vertex 83.4272 -14.5037 9.8
      vertex 82.4187 -16.9384 12
      vertex 82.4187 -16.9384 9.8
    endloop
  endfacet
  facet normal -0.875184 -0.483789 -2.41424e-17
    outer loop
      vertex 125.773 -14.5037 9.8
      vertex 124.498 -12.1972 12
      vertex 124.498 -12.1972 9.8
    endloop
  endfacet
  facet normal -0.875184 -0.483789 -2.41424e-17
    outer loop
      vertex 124.498 -12.1972 12
      vertex 125.773 -14.5037 9.8
      vertex 125.773 -14.5037 12
    endloop
  endfacet
  facet normal 0.382685 -0.923879 0
    outer loop
      vertex 94.4037 -3.52723 9.8
      vertex 96.8384 -2.51874 12
      vertex 94.4037 -3.52723 12
    endloop
  endfacet
  facet normal 0.382685 -0.923879 0
    outer loop
      vertex 96.8384 -2.51874 12
      vertex 94.4037 -3.52723 9.8
      vertex 96.8384 -2.51874 9.8
    endloop
  endfacet
  facet normal -0.276767 -0.960937 4.1977e-05
    outer loop
      vertex 109.829 -1.78919 12
      vertex 111.255 -2.2 9.8
      vertex 112.362 -2.51874 12
    endloop
  endfacet
  facet normal -0.276827 -0.96092 0
    outer loop
      vertex 109.829 -1.78919 9.3
      vertex 111.255 -2.2 9.8
      vertex 109.829 -1.78919 12
    endloop
  endfacet
  facet normal -0.276827 -0.96092 -0
    outer loop
      vertex 111.255 -2.2 9.8
      vertex 109.829 -1.78919 9.3
      vertex 111.255 -2.2 9.3
    endloop
  endfacet
  facet normal -0.27669 -0.960959 -0
    outer loop
      vertex 112.362 -2.51874 12
      vertex 111.255 -2.2 9.8
      vertex 112.362 -2.51874 9.8
    endloop
  endfacet
  facet normal 0.923878 0.382688 -2.24357e-17
    outer loop
      vertex 83.4272 -34.8963 12
      vertex 82.4187 -32.4616 9.8
      vertex 82.4187 -32.4616 12
    endloop
  endfacet
  facet normal 0.923878 0.382688 -2.24357e-17
    outer loop
      vertex 82.4187 -32.4616 9.8
      vertex 83.4272 -34.8963 12
      vertex 83.4272 -34.8963 9.8
    endloop
  endfacet
  facet normal -0.0560728 -0.998427 0
    outer loop
      vertex 104.6 -1.2 9.3
      vertex 107.231 -1.34776 12
      vertex 104.6 -1.2 12
    endloop
  endfacet
  facet normal -0.0560728 -0.998427 -0
    outer loop
      vertex 107.231 -1.34776 12
      vertex 104.6 -1.2 9.3
      vertex 107.231 -1.34776 9.3
    endloop
  endfacet
  facet normal -0.745648 0.66634 9.65751e-18
    outer loop
      vertex 121.217 -41.317 9.8
      vertex 122.973 -39.352 12
      vertex 122.973 -39.352 9.8
    endloop
  endfacet
  facet normal -0.745648 0.66634 9.65751e-18
    outer loop
      vertex 122.973 -39.352 12
      vertex 121.217 -41.317 9.8
      vertex 121.217 -41.317 12
    endloop
  endfacet
  facet normal -0.985897 -0.167352 -6.42966e-18
    outer loop
      vertex 127.952 -22.0688 9.8
      vertex 127.511 -19.4708 12
      vertex 127.511 -19.4708 9.8
    endloop
  endfacet
  facet normal -0.985897 -0.167352 -6.42966e-18
    outer loop
      vertex 127.511 -19.4708 12
      vertex 127.952 -22.0688 9.8
      vertex 127.952 -22.0688 12
    endloop
  endfacet
  facet normal 0.998426 0.0560837 2.97634e-18
    outer loop
      vertex 81.2478 -27.3312 12
      vertex 81.1 -24.7 9.8
      vertex 81.1 -24.7 12
    endloop
  endfacet
  facet normal 0.998426 0.0560837 2.97634e-18
    outer loop
      vertex 81.1 -24.7 9.8
      vertex 81.2478 -27.3312 12
      vertex 81.2478 -27.3312 9.8
    endloop
  endfacet
  facet normal -0.923945 0.382526 2.89833e-17
    outer loop
      vertex 125.773 -34.8963 9.8
      vertex 126.781 -32.4616 12
      vertex 126.781 -32.4616 9.8
    endloop
  endfacet
  facet normal -0.923945 0.382526 2.89833e-17
    outer loop
      vertex 126.781 -32.4616 12
      vertex 125.773 -34.8963 9.8
      vertex 125.773 -34.8963 12
    endloop
  endfacet
  facet normal -0.960874 -0.276986 1.88795e-17
    outer loop
      vertex 127.511 -19.4708 9.8
      vertex 126.781 -16.9384 12
      vertex 126.781 -16.9384 9.8
    endloop
  endfacet
  facet normal -0.960874 -0.276986 1.88795e-17
    outer loop
      vertex 126.781 -16.9384 12
      vertex 127.511 -19.4708 9.8
      vertex 127.511 -19.4708 12
    endloop
  endfacet
  facet normal -0.875184 0.483789 -2.18139e-17
    outer loop
      vertex 124.498 -37.2028 9.8
      vertex 125.773 -34.8963 12
      vertex 125.773 -34.8963 9.8
    endloop
  endfacet
  facet normal -0.875184 0.483789 -2.18139e-17
    outer loop
      vertex 125.773 -34.8963 12
      vertex 124.498 -37.2028 9.8
      vertex 124.498 -37.2028 12
    endloop
  endfacet
  facet normal 0.960925 -0.27681 -6.42473e-18
    outer loop
      vertex 81.6892 -19.4708 12
      vertex 82.4187 -16.9384 9.8
      vertex 82.4187 -16.9384 12
    endloop
  endfacet
  facet normal 0.960925 -0.27681 -6.42473e-18
    outer loop
      vertex 82.4187 -16.9384 9.8
      vertex 81.6892 -19.4708 12
      vertex 81.6892 -19.4708 9.8
    endloop
  endfacet
  facet normal 0.276829 -0.960919 7.76719e-18
    outer loop
      vertex 97.9448 -2.2 9.8
      vertex 96.8384 -2.51874 12
      vertex 96.8384 -2.51874 9.8
    endloop
  endfacet
  facet normal 0.276828 -0.96092 -5.27091e-07
    outer loop
      vertex 96.8384 -2.51874 12
      vertex 97.9448 -2.2 9.8
      vertex 99.3708 -1.78919 12
    endloop
  endfacet
  facet normal 0.276827 -0.96092 2.98326e-17
    outer loop
      vertex 99.3708 -1.78919 9.3
      vertex 97.9448 -2.2 9.8
      vertex 97.9448 -2.2 9.3
    endloop
  endfacet
  facet normal 0.276827 -0.96092 5.52455e-18
    outer loop
      vertex 97.9448 -2.2 9.8
      vertex 99.3708 -1.78919 9.3
      vertex 99.3708 -1.78919 12
    endloop
  endfacet
  facet normal -0.578718 -0.815528 0
    outer loop
      vertex 117.103 -4.80198 9.8
      vertex 119.252 -6.32696 12
      vertex 117.103 -4.80198 12
    endloop
  endfacet
  facet normal -0.578718 -0.815528 -0
    outer loop
      vertex 119.252 -6.32696 12
      vertex 117.103 -4.80198 9.8
      vertex 119.252 -6.32696 9.8
    endloop
  endfacet
  facet normal 0.81555 -0.578687 -6.91226e-18
    outer loop
      vertex 84.702 -12.1972 12
      vertex 86.227 -10.048 9.8
      vertex 86.227 -10.048 12
    endloop
  endfacet
  facet normal 0.81555 -0.578687 -6.91226e-18
    outer loop
      vertex 86.227 -10.048 9.8
      vertex 84.702 -12.1972 12
      vertex 84.702 -12.1972 9.8
    endloop
  endfacet
  facet normal -0.276658 0.960968 -4.12198e-18
    outer loop
      vertex 111.255 -47.2 9.8
      vertex 112.362 -46.8813 12
      vertex 112.362 -46.8813 9.8
    endloop
  endfacet
  facet normal -0.27675 0.960942 4.99043e-05
    outer loop
      vertex 112.362 -46.8813 12
      vertex 111.255 -47.2 9.8
      vertex 109.829 -47.6108 12
    endloop
  endfacet
  facet normal -0.276821 0.960922 4.53677e-17
    outer loop
      vertex 109.829 -47.6108 9.3
      vertex 111.255 -47.2 9.8
      vertex 111.255 -47.2 9.3
    endloop
  endfacet
  facet normal -0.276821 0.960922 8.40143e-18
    outer loop
      vertex 111.255 -47.2 9.8
      vertex 109.829 -47.6108 9.3
      vertex 109.829 -47.6108 12
    endloop
  endfacet
  facet normal -0.666346 -0.745642 0
    outer loop
      vertex 119.252 -6.32696 9.8
      vertex 121.217 -8.08299 12
      vertex 119.252 -6.32696 12
    endloop
  endfacet
  facet normal -0.666346 -0.745642 -0
    outer loop
      vertex 121.217 -8.08299 12
      vertex 119.252 -6.32696 9.8
      vertex 121.217 -8.08299 9.8
    endloop
  endfacet
  facet normal 0.985872 -0.1675 -1.23315e-17
    outer loop
      vertex 81.2478 -22.0688 12
      vertex 81.6892 -19.4708 9.8
      vertex 81.6892 -19.4708 12
    endloop
  endfacet
  facet normal 0.985872 -0.1675 -1.23315e-17
    outer loop
      vertex 81.6892 -19.4708 9.8
      vertex 81.2478 -22.0688 12
      vertex 81.2478 -22.0688 9.8
    endloop
  endfacet
  facet normal 0.960925 0.27681 -6.13697e-18
    outer loop
      vertex 82.4187 -32.4616 12
      vertex 81.6892 -29.9292 9.8
      vertex 81.6892 -29.9292 12
    endloop
  endfacet
  facet normal 0.960925 0.27681 -6.13697e-18
    outer loop
      vertex 81.6892 -29.9292 9.8
      vertex 82.4187 -32.4616 12
      vertex 82.4187 -32.4616 9.8
    endloop
  endfacet
  facet normal 0 0 1
    outer loop
      vertex 107.231 -1.34776 9.3
      vertex 111.255 -2.2 9.3
      vertex 109.829 -1.78919 9.3
    endloop
  endfacet
  facet normal 0 0 1
    outer loop
      vertex 104.6 -1.2 9.3
      vertex 111.255 -2.2 9.3
      vertex 107.231 -1.34776 9.3
    endloop
  endfacet
  facet normal -0 0 1
    outer loop
      vertex 101.969 -1.34776 9.3
      vertex 111.255 -2.2 9.3
      vertex 104.6 -1.2 9.3
    endloop
  endfacet
  facet normal 0 0 1
    outer loop
      vertex 97.9448 -2.2 9.3
      vertex 101.969 -1.34776 9.3
      vertex 99.3708 -1.78919 9.3
    endloop
  endfacet
  facet normal 0 0 1
    outer loop
      vertex 101.969 -1.34776 9.3
      vertex 97.9448 -2.2 9.3
      vertex 111.255 -2.2 9.3
    endloop
  endfacet
  facet normal 0 0 1
    outer loop
      vertex 111.255 -47.2 9.3
      vertex 107.231 -48.0522 9.3
      vertex 109.829 -47.6108 9.3
    endloop
  endfacet
  facet normal 0 0 1
    outer loop
      vertex 111.255 -47.2 9.3
      vertex 104.6 -48.2 9.3
      vertex 107.231 -48.0522 9.3
    endloop
  endfacet
  facet normal 0 0 1
    outer loop
      vertex 111.255 -47.2 9.3
      vertex 101.969 -48.0522 9.3
      vertex 104.6 -48.2 9.3
    endloop
  endfacet
  facet normal -0 0 1
    outer loop
      vertex 97.9448 -47.2 9.3
      vertex 101.969 -48.0522 9.3
      vertex 111.255 -47.2 9.3
    endloop
  endfacet
  facet normal 0 0 1
    outer loop
      vertex 101.969 -48.0522 9.3
      vertex 97.9448 -47.2 9.3
      vertex 99.3708 -47.6108 9.3
    endloop
  endfacet
  facet normal 0.666346 -0.745642 0
    outer loop
      vertex 87.983 -8.08299 9.8
      vertex 89.948 -6.32696 12
      vertex 87.983 -8.08299 12
    endloop
  endfacet
  facet normal 0.666346 -0.745642 0
    outer loop
      vertex 89.948 -6.32696 12
      vertex 87.983 -8.08299 9.8
      vertex 89.948 -6.32696 9.8
    endloop
  endfacet
  facet normal 0.578682 -0.815553 0
    outer loop
      vertex 89.948 -6.32696 9.8
      vertex 92.0972 -4.80198 12
      vertex 89.948 -6.32696 12
    endloop
  endfacet
  facet normal 0.578682 -0.815553 0
    outer loop
      vertex 92.0972 -4.80198 12
      vertex 89.948 -6.32696 9.8
      vertex 92.0972 -4.80198 9.8
    endloop
  endfacet
endsolid OpenSCAD_Model
